[Client 1] {"content":"Unity Client Entered","type":"login","x":0.0,"y":0.0}
[Client 2] {"content":"Unity Client Entered","type":"login","x":0.0,"y":0.0}
[Client 3] {"content":"Unity Client Entered","type":"login","x":0.0,"y":0.0}
[Client 1] {"content":"Unity Client Entered","type":"login","x":0.0,"y":0.0}
[Client 2] {"content":"Unity Client Entered","type":"login","x":0.0,"y":0.0}
[Client 3] {"content":"Unity Client Entered","type":"login","x":0.0,"y":0.0}
[Client 4] {"content":"Unity Client Entered","type":"login","x":0.0,"y":0.0}
[Client 5] {"content":"Unity Client Entered","type":"login","x":0.0,"y":0.0}
[Client 5] {"content":"Moving","type":"move","x":0.0,"y":0.0}
[Client 5] {"content":"Moving","type":"move","x":0.0,"y":0.0}
[Client 5] {"content":"Moving","type":"move","x":-4.126999855041504,"y":0.0}
[Client 1] {"content":"Unity Client Entered","type":"login","x":0.0,"y":0.0}
[Client 1] {"content":"Moving","type":"move","x":0.0,"y":0.0}
[Client 1] {"content":"Moving","type":"move","x":0.0,"y":0.0}
[Client 2] {"content":"Unity Client Entered","type":"login","x":0.0,"y":0.0}
[Client 1] {"content":"Unity Client Entered","type":"login","x":0.0,"y":3.0}
[Client 2] {"content":"Unity Client Entered","type":"login","x":0.0,"y":0.0}
[Client 2] {"content":"Moving","type":"move","x":0.0,"y":0.0}
[Client 2] {"content":"Moving","type":"move","x":0.0,"y":0.0}
[Client 2] {"content":"Moving","type":"move","x":0.0,"y":0.0}
[Client 2] {"content":"Moving","type":"move","x":0.0,"y":0.0}
[Client 1] {"content":"Unity Client Entered","type":"login","x":0.0,"y":0.0}
[Client 1] {"content":"Unity Client Entered","type":"login","x":0.0,"y":0.0}
[Client 1] {"content":"Unity Client Entered","type":"login","x":0.0,"y":0.0}
[Client 1] {"content":"Unity Client Entered","type":"login","x":0.0,"y":0.0}
[Client 1] {"content":"Unity Client Entered","type":"login","x":0.0,"y":0.0}
[Client 1] {"content":"Unity Client Entered","type":"login","x":0.0,"y":0.0}
[Client 1] {"content":"Unity Client Entered","type":"login","x":0.0,"y":0.0}
[Client 1] {"content":"Unity Client Entered","type":"login","x":0.0,"y":0.0}
[Client 1] {"content":"Unity Client Entered","type":"login","x":0.0,"y":0.0}
[Client 1] {"content":"Unity Client Entered","type":"login","x":0.0,"y":0.0}
[Client 1] {"content":"Unity Client Entered","type":"login","x":0.0,"y":0.0}
[Client 1] {"content":"Unity Client Entered","type":"login","x":0.0,"y":0.0}
[Client 1] {"content":"Unity Client Entered","type":"login","x":0.0,"y":0.0}
[Client 2] {"content":"Unity Client Entered","type":"login","x":0.0,"y":0.0}
[Client 3] {"content":"Unity Client Entered","type":"login","x":0.0,"y":0.0}
[Client 4] {"content":"Unity Client Entered","type":"login","x":0.0,"y":0.0}
[Client 1] {"common":{"content":"ㅁㄴㅇㄹㅋㅌ","type":"login"}}
[Client 2] {"common":{"content":"ㅋㅌㅊㅁㄴㅇㄹ","type":"login"}}
[Client 1] {"common":{"content":"ㅋㅌㅊㅍㅁㄴㅇㄹ","type":"login"}}
[Client 1] {"common":{"content":"ㅋㅌㅊㅍㅁㄴㅇㄹ","type":"login"}}
[Client 1] {"common":{"content":"ㅋㅌㅊㅍㅁㄴㅇㄹ","type":"login"}}
[Client 1] {"common":{"content":"ㅋㅌㅊㅍㅁㄴㅇㄹ","type":"login"}}
[Client 1] {"common":{"content":"ㅋㅌㅊㅍㅁㄴㅇㄹ","type":"login"}}
[Client 1] {"common":{"content":"ㅋㅌㅊㅍㅁㄴㅇㄹ","type":"login"}}
[Client 1] {"common":{"content":"ㅋㅌㅊㅍㅁㄴㅇㄹ","type":"login"}}
[Client 2] {"common":{"content":"ㅋㅌㅊㅍㅁㄴㅇㄹ","type":"login"}}
[Client 1] {"common":{"content":"ㅋㅌㅊㅍ","type":"login"}}
[Client 1] {"common":{"content":"ㅋㅌㅊㅍ","type":"login"}}
[Client 1] {"common":{"content":"ㅋㅌㅊㅍ","type":"login"}}
[Client 1] {"common":{"content":"ㅋㅌㅊㅍㅁㄴㅇㄹ","type":"login"}}
[Client 1] {"common":{"content":"ㅁㄴㅇㄹㅋㅌㅊㅍ","type":"login"}}
[Client 1] {"common":{"content":"ㅋㅌㅊㅍㅁㄴㅇㄹ","type":"login"}}
[Client 1] {"common":{"content":"ㅋㅌㅊㅍㅁㄴㅇㄹ","type":"login"}}
[Client 1] {"common":{"content":"ㅋㅌㅊㅍㅁㄴㅇㄹ","type":"login"}}
[Client 1] {"common":{"content":"도관목도관목","type":"login"}}
[Client 1] {"common":{"content":"도관목도관목","type":"login"}}
[Client 2] {"common":{"content":"도관목도관목","type":"login"}}
[Client 3] {"common":{"content":"도관목도관목","type":"login"}}
[Client 1] {"common":{"content":"ㅁㄴㅇㄹㅋㅌㅍ","type":"login"}}
[Client 1] {"common":{"content":"부시모기","type":"login"}}
1767659876[Client 1] {"common":{"content":"ㅋㅌㅊㅍㅁㄴㅇㄹ","type":"login"}}
1767659888[Client 2] {"common":{"content":"ㅋㅌㅊㅍㅁㄴㅇㄹ","type":"login"}}
1767659890[Client 3] {"common":{"content":"ㅋㅌㅊㅍㅁㄴㅇㄹ","type":"login"}}
1767660042[Client 1] {"common":{"content":"모모모모","type":"login"}}
1767660046[Client 2] {"common":{"content":"모모모모","type":"login"}}
1767660048[Client 3] {"common":{"content":"모모모모","type":"login"}}
1767660132[Client 1] {"common":{"content":"마마마마","type":"login"}}
1767660415[Client 1] {"common":{"content":"ㅋㅌㅊㅍㅁㅇㄹ","type":"login"}}
1767660420[Client 2] {"common":{"content":"ㅋㅌㅊㅍㅁㅇㄹ","type":"login"}}
1767660494[Client 1] {"common":{"content":"ㅁㄴㅇㄹㅋㅌㅊㅍ","type":"login"}}
1767660658[Client 1] {"common":{"content":"ㅋㅌㅊㅍㅁㄴㅇㄹ","type":"login"}}
1767660663[Client 2] {"common":{"content":"ㅋㅌㅊㅍㅁㄴㅇㄹ","type":"login"}}
1767660669[Client 3] {"common":{"content":"ㅋㅌㅊㅍㅁㄴㅇㄹ","type":"login"}}
1767660761[Client 1] {"common":{"content":"ㅋㅌㅊㅍㅁㄴㅇㄹ","type":"login"}}
1767660770[Client 2] {"common":{"content":"ㅋㅌㅊㅍㅁㄴㅇㄹ","type":"login"}}
1767660781[Client 3] {"common":{"content":"ㅋㅌㅊㅍㅁㄴㅇㄹ","type":"login"}}
1767660783[Client 4] {"common":{"content":"ㅋㅌㅊㅍㅁㄴㅇㄹ","type":"login"}}
1767660783[Client 5] {"common":{"content":"ㅋㅌㅊㅍㅁㄴㅇㄹ","type":"login"}}
1767660784[Client 6] {"common":{"content":"ㅋㅌㅊㅍㅁㄴㅇㄹ","type":"login"}}
1767660785[Client 7] {"common":{"content":"ㅋㅌㅊㅍㅁㄴㅇㄹ","type":"login"}}
1767660785[Client 8] {"common":{"content":"ㅋㅌㅊㅍㅁㄴㅇㄹ","type":"login"}}
1767660786[Client 9] {"common":{"content":"ㅋㅌㅊㅍㅁㄴㅇㄹ","type":"login"}}
1767660786[Client 10] {"common":{"content":"ㅋㅌㅊㅍㅁㄴㅇㄹ","type":"login"}}
1767661216[Client 1] {"common":{"content":"ㅋㅌㅊㅍㅁㄴㅇㄹ","type":"login"}}
1767661657[Client 1] {"common":{"content":"도관모기","type":"login"}}
1767661709[Client 2] {"common":{"content":"dwqweqwe","type":"login"}}
1767661749[Client 3] {"common":{"content":"zxcvd","type":"login"}}
1767661962[Client 1] {"common":{"content":"도관목1","type":"login"}}
1767661977[Client 2] {"common":{"content":"도관목1","type":"login"}}
1767661982[Client 3] {"common":{"content":"도관목2","type":"login"}}
1767669548[Client 1] {"common":{"content":"asdfzxcv","type":"login"}}
1767669550[Client 1] {"common":{"content":[0.0010000000474974513,0.0020000000949949026,0.003000000026077032,0.004000000189989805,0.005000000353902578,0.006000000052154064,0.007000000216066837,0.00800000037997961,0.009000000543892384,0.010000000707805157],"type":"arraytest"}}
1767669553[Client 1] {"common":{"content":[0.0010000000474974513,0.0020000000949949026,0.003000000026077032,0.004000000189989805,0.005000000353902578,0.006000000052154064,0.007000000216066837,0.00800000037997961,0.009000000543892384,0.010000000707805157],"type":"arraytest"}}
1767669553[Client 1] {"common":{"content":[0.0010000000474974513,0.0020000000949949026,0.003000000026077032,0.004000000189989805,0.005000000353902578,0.006000000052154064,0.007000000216066837,0.00800000037997961,0.009000000543892384,0.010000000707805157],"type":"arraytest"}}
1767669554[Client 1] {"common":{"content":[0.0010000000474974513,0.0020000000949949026,0.003000000026077032,0.004000000189989805,0.005000000353902578,0.006000000052154064,0.007000000216066837,0.00800000037997961,0.009000000543892384,0.010000000707805157],"type":"arraytest"}}
1767669554[Client 1] {"common":{"content":[0.0010000000474974513,0.0020000000949949026,0.003000000026077032,0.004000000189989805,0.005000000353902578,0.006000000052154064,0.007000000216066837,0.00800000037997961,0.009000000543892384,0.010000000707805157],"type":"arraytest"}}
1767669554[Client 1] {"common":{"content":[0.0010000000474974513,0.0020000000949949026,0.003000000026077032,0.004000000189989805,0.005000000353902578,0.006000000052154064,0.007000000216066837,0.00800000037997961,0.009000000543892384,0.010000000707805157],"type":"arraytest"}}
1767669558[Client 1] {"common":{"content":[0.0010000000474974513,0.0020000000949949026,0.003000000026077032,0.004000000189989805,0.005000000353902578,0.006000000052154064,0.007000000216066837,0.00800000037997961,0.009000000543892384,0.010000000707805157],"type":"arraytest"}}
1767669634[Client 2] {"common":{"content":"asdfzxcv","type":"login"}}
1767669635[Client 2] {"common":{"content":[0.0010000000474974513,0.0020000000949949026,0.003000000026077032,0.004000000189989805,0.005000000353902578,0.006000000052154064,0.007000000216066837,0.00800000037997961,0.009000000543892384,0.010000000707805157],"type":"arraytest"}}
1767669636[Client 2] {"common":{"content":[0.0010000000474974513,0.0020000000949949026,0.003000000026077032,0.004000000189989805,0.005000000353902578,0.006000000052154064,0.007000000216066837,0.00800000037997961,0.009000000543892384,0.010000000707805157],"type":"arraytest"}}
1767669636[Client 2] {"common":{"content":[0.0010000000474974513,0.0020000000949949026,0.003000000026077032,0.004000000189989805,0.005000000353902578,0.006000000052154064,0.007000000216066837,0.00800000037997961,0.009000000543892384,0.010000000707805157],"type":"arraytest"}}
1767669636[Client 2] {"common":{"content":[0.0010000000474974513,0.0020000000949949026,0.003000000026077032,0.004000000189989805,0.005000000353902578,0.006000000052154064,0.007000000216066837,0.00800000037997961,0.009000000543892384,0.010000000707805157],"type":"arraytest"}}
1767669637[Client 2] {"common":{"content":[0.0010000000474974513,0.0020000000949949026,0.003000000026077032,0.004000000189989805,0.005000000353902578,0.006000000052154064,0.007000000216066837,0.00800000037997961,0.009000000543892384,0.010000000707805157],"type":"arraytest"}}
1767669734[Client 1] {"common":{"content":"zxcvasdf","type":"login"}}
1767669735[Client 1] {"common":{"content":[0.0010000000474974513,0.0020000000949949026,0.003000000026077032,0.004000000189989805,0.005000000353902578,0.006000000052154064,0.007000000216066837,0.00800000037997961,0.009000000543892384,0.010000000707805157],"type":"arraytest"}}
1767670379[Client 1] {"common":{"content":"asvzxcv","type":"login"}}
1767670381[Client 1] {"common":{"content":[0.0010000000474974513,0.0020000000949949026,0.003000000026077032,0.004000000189989805,0.005000000353902578,0.006000000052154064,0.007000000216066837,0.00800000037997961,0.009000000543892384,0.010000000707805157],"type":"arraytest"}}
1767670606[Client 1] {"common":{"content":"zxcvasdf","type":"login"}}
1767670607[Client 1] {"common":{"content":[0.0010000000474974513,0.0020000000949949026,0.003000000026077032,0.004000000189989805,0.005000000353902578,0.006000000052154064,0.007000000216066837,0.00800000037997961,0.009000000543892384,0.010000000707805157,0.0,0.0,0.0,0.0,0.0,0.0,0.0,0.0,0.0,0.0,0.0,0.0,0.0,0.0,0.0,0.0,0.0,0.0,0.0,0.0,0.0,0.0,0.0,0.0,0.0,0.0,0.0,0.0,0.0,0.0,0.0,0.0,0.0,0.0,0.0,0.0,0.0,0.0,0.0,0.0,0.0,0.0,0.0,0.0,0.0,0.0,0.0,0.0,0.0,0.0,0.0,0.0,0.0,0.0,0.0,0.0,0.0,0.0,0.0,0.0,0.0,0.0,0.0,0.0,0.0,0.0,0.0,0.0,0.0,0.0,0.0,0.0,0.0,0.0,0.0,0.0,0.0,0.0,0.0,0.0,0.0,0.0,0.0,0.0,0.0,0.0,0.0,0.0,0.0,0.0,0.0,0.0,0.0,0.0,0.0,0.0,0.0,0.0,0.0,0.0,0.0,0.0,0.0,0.0,0.0,0.0,0.0,0.0,0.0,0.0,0.0,0.0,0.0,0.0,0.0,0.0,0.0,0.0,0.0,0.0,0.0,0.0,0.0,0.0,0.0,0.0,0.0,0.0,0.0,0.0,0.0,0.0,0.0,0.0,0.0,0.0,0.0,0.0,0.0,0.0,0.0,0.0,0.0,0.0,0.0,0.0,0.0,0.0,0.0,0.0,0.0,0.0,0.0,0.0,0.0,0.0,0.0,0.0,0.0,0.0,0.0,0.0,0.0,0.0,0.0,0.0,0.0,0.0,0.0,0.0,0.0,0.0,0.0,0.0,0.0,0.0,0.0,0.0,0.0,0.0,0.0,0.0,0.0,0.0,0.0,0.0,0.0,0.0,0.0,0.0,0.0,0.0,0.0,0.0,0.0,0.0,0.0,0.0,0.0,0.0,0.0,0.0,0.0,0.0,0.0,0.0,0.0,0.0,0.0,0.0,0.0,0.0,0.0,0.0,0.0,0.0,0.0,0.0,0.0,0.0,0.0,0.0,0.0,0.0,0.0,0.0,0.0,0.0,0.0,0.0,0.0,0.0,0.0,0.0,0.0,0.0,0.0,0.0,0.0,0.0,0.0,0.0,0.0,0.0,0.0,0.0,0.0,0.0,0.0,0.0,0.0,0.0,0.0,0.0,0.0,0.0,0.0,0.0,0.0,0.0,0.0,0.0,0.0,0.0,0.0,0.0,0.0,0.0,0.0,0.0,0.0,0.0,0.0,0.0,0.0,0.0,0.0,0.0,0.0,0.0,0.0,0.0,0.0,0.0,0.0,0.0,0.0,0.0,0.0,0.0,0.0,0.0,0.0,0.0,0.0,0.0,0.0,0.0,0.0,0.0,0.0,0.0,0.0,0.0,0.0,0.0,0.0,0.0,0.0,0.0,0.0,0.0,0.0,0.0,0.0,0.0,0.0,0.0,0.0,0.0,0.0,0.0,0.0,0.0,0.0,0.0,0.0,0.0,0.0,0.0,0.0,0.0,0.0,0.0,0.0,0.0,0.0,0.0,0.0,0.0,0.0,0.0,0.0,0.0,0.0,0.0,0.0,0.0,0.0,0.0,0.0,0.0,0.0,0.0,0.0,0.0,0.0,0.0,0.0,0.0,0.0,0.0,0.0,0.0,0.0,0.0,0.0,0.0,0.0,0.0,0.0,0.0,0.0,0.0,0.0,0.0,0.0,0.0,0.0,0.0,0.0,0.0,0.0,0.0,0.0,0.0,0.0,0.0,0.0,0.0,0.0,0.0,0.0,0.0,0.0,0.0,0.0,0.0,0.0,0.0,0.0,0.0,0.0,0.0,0.0,0.0,0.0,0.0,0.0,0.0,0.0,0.0,0.0,0.0,0.0,0.0,0.0,0.0,0.0,0.0,0.0,0.0,0.0,0.0,0.0,0.0,0.0,0.0,0.0,0.0,0.0,0.0,0.0,0.0,0.0,0.0,0.0,0.0,0.0,0.0,0.0,0.0,0.0,0.0,0.0,0.0,0.0,0.0,0.0,0.0,0.0,0.0,0.0,0.0,0.0,0.0,0.0,0.0,0.0,0.0,0.0,0.0,0.0,0.0,0.0,0.0,0.0,0.0,0.0,0.0,0.0,0.0,0.0,0.0,0.0,0.0,0.0,0.0,0.0,0.0,0.0,0.0,0.0,0.0,0.0,0.0,0.0,0.0,0.0,0.0,0.0,0.0,0.0,0.0,0.0,0.0,0.0,0.0,0.0,0.0,0.0,0.0,0.0,0.0,0.0,0.0,0.0,0.0,0.0,0.0,0.0,0.0,0.0,0.0,0.0,0.0,0.0,0.0,0.0,0.0,0.0,0.0,0.0,0.0,0.0,0.0,0.0,0.0,0.0,0.0,0.0,0.0,0.0,0.0,0.0,0.0,0.0,0.0,0.0,0.0,0.0,0.0,0.0,0.0,0.0,0.0,0.0,0.0,0.0,0.0,0.0,0.0,0.0,0.0,0.0,0.0,0.0,0.0,0.0,0.0,0.0,0.0,0.0,0.0,0.0,0.0,0.0,0.0,0.0,0.0,0.0,0.0,0.0,0.0,0.0,0.0,0.0,0.0,0.0,0.0,0.0,0.0,0.0,0.0,0.0,0.0,0.0,0.0,0.0,0.0,0.0,0.0,0.0,0.0,0.0,0.0,0.0,0.0,0.0,0.0,0.0,0.0,0.0,0.0,0.0,0.0,0.0,0.0,0.0,0.0,0.0,0.0,0.0,0.0,0.0,0.0,0.0,0.0,0.0,0.0,0.0,0.0,0.0,0.0,0.0,0.0,0.0,0.0,0.0,0.0,0.0,0.0,0.0,0.0,0.0,0.0,0.0,0.0,0.0,0.0,0.0,0.0,0.0,0.0,0.0,0.0,0.0,0.0,0.0,0.0,0.0,0.0,0.0,0.0,0.0,0.0,0.0,0.0,0.0,0.0,0.0,0.0,0.0,0.0,0.0,0.0,0.0,0.0,0.0,0.0,0.0,0.0,0.0,0.0,0.0,0.0,0.0,0.0,0.0,0.0,0.0,0.0,0.0,0.0,0.0,0.0,0.0,0.0,0.0,0.0,0.0,0.0,0.0,0.0,0.0,0.0,0.0,0.0,0.0,0.0,0.0,0.0,0.0,0.0,0.0,0.0,0.0,0.0,0.0,0.0,0.0,0.0,0.0,0.0,0.0,0.0,0.0,0.0,0.0,0.0,0.0,0.0,0.0,0.0,0.0,0.0,0.0,0.0,0.0,0.0,0.0,0.0,0.0,0.0,0.0,0.0,0.0,0.0,0.0,0.0,0.0,0.0,0.0,0.0,0.0,0.0,0.0,0.0,0.0,0.0,0.0,0.0,0.0,0.0,0.0,0.0,0.0,0.0,0.0,0.0,0.0,0.0,0.0,0.0,0.0,0.0,0.0,0.0,0.0,0.0,0.0,0.0,0.0,0.0,0.0,0.0,0.0,0.0,0.0,0.0,0.0,0.0,0.0,0.0,0.0,0.0,0.0,0.0,0.0,0.0,0.0,0.0,0.0,0.0,0.0,0.0,0.0,0.0,0.0,0.0,0.0,0.0,0.0,0.0,0.0,0.0,0.0,0.0,0.0,0.0,0.0,0.0,0.0,0.0,0.0,0.0,0.0,0.0,0.0,0.0,0.0,0.0,0.0,0.0,0.0,0.0,0.0,0.0,0.0,0.0,0.0,0.0,0.0,0.0,0.0,0.0,0.0,0.0,0.0,0.0,0.0,0.0,0.0,0.0,0.0,0.0,0.0,0.0,0.0,0.0,0.0,0.0,0.0,0.0,0.0,0.0,0.0,0.0,0.0,0.0,0.0,0.0,0.0,0.0,0.0,0.0,0.0,0.0,0.0,0.0,0.0,0.0],"type":"arraytest"}}
1767670645[Client 2] {"common":{"content":"asdfzxcv","type":"login"}}
1767670710[Client 1] {"common":{"content":"zxcvasdf","type":"login"}}
1767670768[Client 1] {"common":{"content":"asdfzxcv","type":"login"}}
1767670768[Client 1] {"common":{"content":[0.0010000000474974513,0.0020000000949949026,0.003000000026077032,0.004000000189989805,0.005000000353902578,0.006000000052154064,0.007000000216066837,0.00800000037997961,0.009000000543892384,0.010000000707805157,0.01100000087171793,0.012000000104308128,0.013000000268220901,0.014000000432133675,0.015000000596046448,0.01600000075995922,0.017000000923871994,0.018000001087784767,0.01900000125169754,0.020000001415610313,0.021000001579523087,0.02200000174343586,0.023000001907348633,0.024000000208616257,0.02500000037252903,0.026000000536441803,0.027000000700354576,0.02800000086426735,0.029000001028180122,0.030000001192092896,0.03100000135600567,0.03200000151991844,0.032999999821186066,0.03400000184774399,0.03500000014901161,0.036000002175569534,0.03700000047683716,0.03800000250339508,0.039000000804662704,0.04000000283122063,0.04100000113248825,0.04200000315904617,0.0430000014603138,0.04400000348687172,0.04500000178813934,0.046000003814697266,0.04700000211596489,0.04800000041723251,0.049000002443790436,0.05000000074505806,0.05100000277161598,0.052000001072883606,0.05300000309944153,0.05400000140070915,0.055000003427267075,0.0560000017285347,0.05700000375509262,0.058000002056360245,0.05900000408291817,0.06000000238418579,0.06100000441074371,0.06200000271201134,0.06300000101327896,0.06400000303983688,0.0650000050663948,0.06599999964237213,0.06700000166893005,0.06800000369548798,0.0690000057220459,0.07000000029802322,0.07100000232458115,0.07200000435113907,0.07300000637769699,0.07400000095367432,0.07500000298023224,0.07600000500679016,0.07700000703334808,0.07800000160932541,0.07900000363588333,0.08000000566244125,0.08100000023841858,0.0820000022649765,0.08300000429153442,0.08400000631809235,0.08500000089406967,0.0860000029206276,0.08700000494718552,0.08800000697374344,0.08900000154972076,0.09000000357627869,0.09100000560283661,0.09200000762939453,0.09300000220537186,0.09400000423192978,0.0950000062584877,0.09600000083446503,0.09700000286102295,0.09800000488758087,0.0990000069141388,0.10000000149011612,0.10100000351667404,0.10200000554323196,0.10300000756978989,0.10400000214576721,0.10500000417232513,0.10600000619888306,0.10700000822544098,0.1080000028014183,0.10900000482797623,0.11000000685453415,0.11100000888109207,0.1120000034570694,0.11300000548362732,0.11400000751018524,0.11500000208616257,0.11600000411272049,0.11700000613927841,0.11800000816583633,0.11900000274181366,0.12000000476837158,0.1210000067949295,0.12200000882148743,0.12300000339746475,0.12400000542402267,0.125,0.12600000202655792,0.12700000405311584,0.12800000607967377,0.1290000081062317,0.1300000101327896,0.13100001215934753,0.13199999928474426,0.13300000131130219,0.1340000033378601,0.13500000536441803,0.13600000739097595,0.13700000941753387,0.1380000114440918,0.13900001347064972,0.14000000059604645,0.14100000262260437,0.1420000046491623,0.14300000667572021,0.14400000870227814,0.14500001072883606,0.14600001275539398,0.1469999998807907,0.14800000190734863,0.14900000393390656,0.15000000596046448,0.1510000079870224,0.15200001001358032,0.15300001204013824,0.15400001406669617,0.1550000011920929,0.15600000321865082,0.15700000524520874,0.15800000727176666,0.15900000929832458,0.1600000113248825,0.16100001335144043,0.16200000047683716,0.16300000250339508,0.164000004529953,0.16500000655651093,0.16600000858306885,0.16700001060962677,0.1680000126361847,0.16900001466274261,0.17000000178813934,0.17100000381469727,0.1720000058412552,0.1730000078678131,0.17400000989437103,0.17500001192092896,0.17600001394748688,0.1770000010728836,0.17800000309944153,0.17900000512599945,0.18000000715255737,0.1810000091791153,0.18200001120567322,0.18300001323223114,0.18400001525878906,0.1850000023841858,0.1860000044107437,0.18700000643730164,0.18800000846385956,0.18900001049041748,0.1900000125169754,0.19100001454353333,0.19200000166893005,0.19300000369548798,0.1940000057220459,0.19500000774860382,0.19600000977516174,0.19700001180171967,0.1980000138282776,0.1990000158548355,0.20000000298023224,0.20100000500679016,0.20200000703334808,0.203000009059906,0.20400001108646393,0.20500001311302185,0.20600001513957977,0.2070000171661377,0.20800000429153442,0.20900000631809235,0.21000000834465027,0.2110000103712082,0.2120000123977661,0.21300001442432404,0.21400001645088196,0.2150000035762787,0.2160000056028366,0.21700000762939453,0.21800000965595245,0.21900001168251038,0.2200000137090683,0.22100001573562622,0.22200001776218414,0.22300000488758087,0.2240000069141388,0.22500000894069672,0.22600001096725464,0.22700001299381256,0.22800001502037048,0.2290000170469284,0.23000000417232513,0.23100000619888306,0.23200000822544098,0.2330000102519989,0.23400001227855682,0.23500001430511475,0.23600001633167267,0.2370000183582306,0.23800000548362732,0.23900000751018524,0.24000000953674316,0.2410000115633011,0.242000013589859,0.24300001561641693,0.24400001764297485,0.24500000476837158,0.2460000067949295,0.24700000882148743,0.24800001084804535,0.24900001287460327,0.25,0.2510000169277191,0.25200000405311584,0.25300002098083496,0.2540000081062317,0.2550000250339508,0.25600001215934753,0.25699999928474426,0.2580000162124634,0.2590000033378601,0.2600000202655792,0.26100000739097595,0.26200002431869507,0.2630000114440918,0.2639999985694885,0.26500001549720764,0.26600000262260437,0.2670000195503235,0.2680000066757202,0.26900002360343933,0.27000001072883606,0.2710000276565552,0.2720000147819519,0.27300000190734863,0.27400001883506775,0.2750000059604645,0.2760000228881836,0.2770000100135803,0.27800002694129944,0.27900001406669617,0.2800000011920929,0.281000018119812,0.28200000524520874,0.28300002217292786,0.2840000092983246,0.2850000262260437,0.28600001335144043,0.28700000047683716,0.2880000174045563,0.289000004529953,0.2900000214576721,0.29100000858306885,0.29200002551078796,0.2930000126361847,0.2939999997615814,0.29500001668930054,0.29600000381469727,0.2970000207424164,0.2980000078678131,0.2990000247955322,0.30000001192092896,0.30100002884864807,0.3020000159740448,0.30300000309944153,0.30400002002716064,0.3050000071525574,0.3060000240802765,0.3070000112056732,0.30800002813339233,0.30900001525878906,0.3100000023841858,0.3110000193119049,0.31200000643730164,0.31300002336502075,0.3140000104904175,0.3150000274181366,0.3160000145435333,0.31700000166893005,0.31800001859664917,0.3190000057220459,0.320000022649765,0.32100000977516174,0.32200002670288086,0.3230000138282776,0.3240000009536743,0.32500001788139343,0.32600000500679016,0.3270000219345093,0.328000009059906,0.3290000259876251,0.33000001311302185,0.33100003004074097,0.3320000171661377,0.3330000042915344,0.33400002121925354,0.33500000834465027,0.3360000252723694,0.3370000123977661,0.33800002932548523,0.33900001645088196,0.3400000035762787,0.3410000205039978,0.34200000762939453,0.34300002455711365,0.3440000116825104,0.3450000286102295,0.3460000157356262,0.34700000286102295,0.34800001978874207,0.3490000069141388,0.3500000238418579,0.35100001096725464,0.35200002789497375,0.3530000150203705,0.3540000021457672,0.35500001907348633,0.35600000619888306,0.3570000231266022,0.3580000102519989,0.359000027179718,0.36000001430511475,0.36100003123283386,0.3620000183582306,0.3630000054836273,0.36400002241134644,0.36500000953674316,0.3660000264644623,0.367000013589859,0.3680000305175781,0.36900001764297485,0.3700000047683716,0.3710000216960907,0.3720000088214874,0.37300002574920654,0.37400001287460327,0.3750000298023224,0.3760000169277191,0.37700000405311584,0.37800002098083496,0.3790000081062317,0.3800000250339508,0.38100001215934753,0.38200002908706665,0.3830000162124634,0.3840000033378601,0.3850000202655792,0.38600000739097595,0.38700002431869507,0.3880000114440918,0.3890000283718109,0.39000001549720764,0.39100003242492676,0.3920000195503235,0.3930000066757202,0.39400002360343933,0.39500001072883606,0.3960000276565552,0.3970000147819519,0.398000031709671,0.39900001883506775,0.4000000059604645,0.4010000228881836,0.4020000100135803,0.40300002694129944,0.40400001406669617,0.4050000309944153,0.406000018119812,0.40700000524520874,0.40800002217292786,0.4090000092983246,0.4100000262260437,0.41100001335144043,0.41200003027915955,0.4130000174045563,0.4140000343322754,0.4150000214576721,0.41600000858306885,0.41700002551078796,0.4180000126361847,0.4190000295639038,0.42000001668930054,0.42100003361701965,0.4220000207424164,0.4230000078678131,0.4240000247955322,0.42500001192092896,0.42600002884864807,0.4270000159740448,0.4280000329017639,0.42900002002716064,0.4300000071525574,0.4310000240802765,0.4320000112056732,0.43300002813339233,0.43400001525878906,0.4350000321865082,0.4360000193119049,0.43700000643730164,0.43800002336502075,0.4390000104904175,0.4400000274181366,0.4410000145435333,0.44200003147125244,0.44300001859664917,0.4440000355243683,0.445000022649765,0.44600000977516174,0.44700002670288086,0.4480000138282776,0.4490000307559967,0.45000001788139343,0.45100003480911255,0.4520000219345093,0.453000009059906,0.4540000259876251,0.45500001311302185,0.45600003004074097,0.4570000171661377,0.4580000340938568,0.45900002121925354,0.46000000834465027,0.4610000252723694,0.4620000123977661,0.46300002932548523,0.46400001645088196,0.4650000333786011,0.4660000205039978,0.46700000762939453,0.46800002455711365,0.4690000116825104,0.4700000286102295,0.4710000157356262,0.47200003266334534,0.47300001978874207,0.4740000367164612,0.4750000238418579,0.47600001096725464,0.47700002789497375,0.4780000150203705,0.4790000319480896,0.48000001907348633,0.48100003600120544,0.4820000231266022,0.4830000102519989,0.484000027179718,0.48500001430511475,0.48600003123283386,0.4870000183582306,0.4880000352859497,0.48900002241134644,0.49000000953674316,0.4910000264644623,0.492000013589859,0.4930000305175781,0.49400001764297485,0.49500003457069397,0.4960000216960907,0.4970000088214874,0.49800002574920654,0.49900001287460327,0.5,0.5010000467300415,0.5020000338554382,0.503000020980835,0.5040000081062317,0.5049999952316284,0.5060000419616699,0.5070000290870667,0.5080000162124634,0.5090000033378601,0.5100000500679016,0.5110000371932983,0.5120000243186951,0.5130000114440918,0.5139999985694885,0.51500004529953,0.5160000324249268,0.5170000195503235,0.5180000066757202,0.5190000534057617,0.5200000405311584,0.5210000276565552,0.5220000147819519,0.5230000019073486,0.5240000486373901,0.5250000357627869,0.5260000228881836,0.5270000100135803,0.527999997138977,0.5290000438690186,0.5300000309944153,0.531000018119812,0.5320000052452087,0.5330000519752502,0.534000039100647,0.5350000262260437,0.5360000133514404,0.5370000004768372,0.5380000472068787,0.5390000343322754,0.5400000214576721,0.5410000085830688,0.5420000553131104,0.5430000424385071,0.5440000295639038,0.5450000166893005,0.5460000038146973,0.5470000505447388,0.5480000376701355,0.5490000247955322,0.550000011920929,0.5509999990463257,0.5520000457763672,0.5530000329017639,0.5540000200271606,0.5550000071525574,0.5560000538825989,0.5570000410079956,0.5580000281333923,0.5590000152587891,0.5600000023841858,0.5610000491142273,0.562000036239624,0.5630000233650208,0.5640000104904175,0.5649999976158142,0.5660000443458557,0.5670000314712524,0.5680000185966492,0.5690000057220459,0.5700000524520874,0.5710000395774841,0.5720000267028809,0.5730000138282776,0.5740000009536743,0.5750000476837158,0.5760000348091125,0.5770000219345093,0.578000009059906,0.5790000557899475,0.5800000429153442,0.581000030040741,0.5820000171661377,0.5830000042915344,0.5840000510215759,0.5850000381469727,0.5860000252723694,0.5870000123977661,0.5879999995231628,0.5890000462532043,0.5900000333786011,0.5910000205039978,0.5920000076293945,0.593000054359436,0.5940000414848328,0.5950000286102295,0.5960000157356262,0.597000002861023,0.5980000495910645,0.5990000367164612,0.6000000238418579,0.6010000109672546,0.6020000576972961,0.6030000448226929,0.6040000319480896,0.6050000190734863,0.6060000061988831,0.6070000529289246,0.6080000400543213,0.609000027179718,0.6100000143051147,0.6110000014305115,0.612000048160553,0.6130000352859497,0.6140000224113464,0.6150000095367432,0.6160000562667847,0.6170000433921814,0.6180000305175781,0.6190000176429749,0.6200000047683716,0.6210000514984131,0.6220000386238098,0.6230000257492065,0.6240000128746033,0.625,0.6260000467300415,0.6270000338554382,0.628000020980835,0.6290000081062317,0.6300000548362732,0.6310000419616699,0.6320000290870667,0.6330000162124634,0.6340000033378601,0.6350000500679016,0.6360000371932983,0.6370000243186951,0.6380000114440918,0.6390000581741333,0.64000004529953,0.6410000324249268,0.6420000195503235,0.6430000066757202,0.6440000534057617,0.6450000405311584,0.6460000276565552,0.6470000147819519,0.6480000019073486,0.6490000486373901,0.6500000357627869,0.6510000228881836,0.6520000100135803,0.6530000567436218,0.6540000438690186,0.6550000309944153,0.656000018119812,0.6570000052452087,0.6580000519752502,0.659000039100647,0.6600000262260437,0.6610000133514404,0.6620000600814819,0.6630000472068787,0.6640000343322754,0.6650000214576721,0.6660000085830688,0.6670000553131104,0.6680000424385071,0.6690000295639038,0.6700000166893005,0.6710000038146973,0.6720000505447388,0.6730000376701355,0.6740000247955322,0.675000011920929,0.6760000586509705,0.6770000457763672,0.6780000329017639,0.6790000200271606,0.6800000071525574,0.6810000538825989,0.6820000410079956,0.6830000281333923,0.6840000152587891,0.6850000619888306,0.6860000491142273,0.687000036239624,0.6880000233650208,0.6890000104904175,0.690000057220459,0.6910000443458557,0.6920000314712524,0.6930000185966492,0.6940000057220459,0.6950000524520874,0.6960000395774841,0.6970000267028809,0.6980000138282776,0.6990000605583191,0.7000000476837158,0.7010000348091125,0.7020000219345093,0.703000009059906,0.7040000557899475,0.7050000429153442,0.706000030040741,0.7070000171661377,0.7080000042915344,0.7090000510215759,0.7100000381469727,0.7110000252723694,0.7120000123977661,0.7130000591278076,0.7140000462532043,0.7150000333786011,0.7160000205039978,0.7170000076293945,0.718000054359436,0.7190000414848328,0.7200000286102295,0.7210000157356262,0.7220000624656677,0.7230000495910645,0.7240000367164612,0.7250000238418579,0.7260000109672546,0.7270000576972961,0.7280000448226929,0.7290000319480896,0.7300000190734863,0.7310000061988831,0.7320000529289246,0.7330000400543213,0.734000027179718,0.7350000143051147,0.7360000610351563,0.737000048160553,0.7380000352859497,0.7390000224113464,0.7400000095367432,0.7410000562667847,0.7420000433921814,0.7430000305175781,0.7440000176429749,0.7450000643730164,0.7460000514984131,0.7470000386238098,0.7480000257492065,0.7490000128746033,0.7500000596046448,0.7510000467300415,0.7520000338554382,0.753000020980835,0.7540000081062317,0.7550000548362732,0.7560000419616699,0.7570000290870667,0.7580000162124634,0.7590000629425049,0.7600000500679016,0.7610000371932983,0.7620000243186951,0.7630000114440918,0.7640000581741333,0.76500004529953,0.7660000324249268,0.7670000195503235,0.7680000066757202,0.7690000534057617,0.7700000405311584,0.7710000276565552,0.7720000147819519,0.7730000615119934,0.7740000486373901,0.7750000357627869,0.7760000228881836,0.7770000100135803,0.7780000567436218,0.7790000438690186,0.7800000309944153,0.781000018119812,0.7820000648498535,0.7830000519752502,0.784000039100647,0.7850000262260437,0.7860000133514404,0.7870000600814819,0.7880000472068787,0.7890000343322754,0.7900000214576721,0.7910000085830688,0.7920000553131104,0.7930000424385071,0.7940000295639038,0.7950000166893005,0.796000063419342,0.7970000505447388,0.7980000376701355,0.7990000247955322,0.800000011920929,0.8010000586509705,0.8020000457763672,0.8030000329017639,0.8040000200271606,0.8050000667572021,0.8060000538825989,0.8070000410079956,0.8080000281333923,0.8090000152587891,0.8100000619888306,0.8110000491142273,0.812000036239624,0.8130000233650208,0.8140000104904175,0.815000057220459,0.8160000443458557,0.8170000314712524,0.8180000185966492,0.8190000653266907,0.8200000524520874,0.8210000395774841,0.8220000267028809,0.8230000138282776,0.8240000605583191,0.8250000476837158,0.8260000348091125,0.8270000219345093,0.8280000686645508,0.8290000557899475,0.8300000429153442,0.831000030040741,0.8320000171661377,0.8330000638961792,0.8340000510215759,0.8350000381469727,0.8360000252723694,0.8370000123977661,0.8380000591278076,0.8390000462532043,0.8400000333786011,0.8410000205039978,0.8420000672340393,0.843000054359436,0.8440000414848328,0.8450000286102295,0.8460000157356262,0.8470000624656677,0.8480000495910645,0.8490000367164612,0.8500000238418579,0.8510000109672546,0.8520000576972961,0.8530000448226929,0.8540000319480896,0.8550000190734863,0.8560000658035278,0.8570000529289246,0.8580000400543213,0.859000027179718,0.8600000143051147,0.8610000610351563,0.862000048160553,0.8630000352859497,0.8640000224113464,0.8650000691413879,0.8660000562667847,0.8670000433921814,0.8680000305175781,0.8690000176429749,0.8700000643730164,0.8710000514984131,0.8720000386238098,0.8730000257492065,0.8740000128746033,0.8750000596046448,0.8760000467300415,0.8770000338554382,0.878000020980835,0.8790000677108765,0.8800000548362732,0.8810000419616699,0.8820000290870667],"type":"arraytest"}}
1767670825[Client 1] {"common":{"content":[0.0010000000474974513,0.0020000000949949026,0.003000000026077032,0.004000000189989805,0.005000000353902578,0.006000000052154064,0.007000000216066837,0.00800000037997961,0.009000000543892384,0.010000000707805157,0.01100000087171793,0.012000000104308128,0.013000000268220901,0.014000000432133675,0.015000000596046448,0.01600000075995922,0.017000000923871994,0.018000001087784767,0.01900000125169754,0.020000001415610313,0.021000001579523087,0.02200000174343586,0.023000001907348633,0.024000000208616257,0.02500000037252903,0.026000000536441803,0.027000000700354576,0.02800000086426735,0.029000001028180122,0.030000001192092896,0.03100000135600567,0.03200000151991844,0.032999999821186066,0.03400000184774399,0.03500000014901161,0.036000002175569534,0.03700000047683716,0.03800000250339508,0.039000000804662704,0.04000000283122063,0.04100000113248825,0.04200000315904617,0.0430000014603138,0.04400000348687172,0.04500000178813934,0.046000003814697266,0.04700000211596489,0.04800000041723251,0.049000002443790436,0.05000000074505806,0.05100000277161598,0.052000001072883606,0.05300000309944153,0.05400000140070915,0.055000003427267075,0.0560000017285347,0.05700000375509262,0.058000002056360245,0.05900000408291817,0.06000000238418579,0.06100000441074371,0.06200000271201134,0.06300000101327896,0.06400000303983688,0.0650000050663948,0.06599999964237213,0.06700000166893005,0.06800000369548798,0.0690000057220459,0.07000000029802322,0.07100000232458115,0.07200000435113907,0.07300000637769699,0.07400000095367432,0.07500000298023224,0.07600000500679016,0.07700000703334808,0.07800000160932541,0.07900000363588333,0.08000000566244125,0.08100000023841858,0.0820000022649765,0.08300000429153442,0.08400000631809235,0.08500000089406967,0.0860000029206276,0.08700000494718552,0.08800000697374344,0.08900000154972076,0.09000000357627869,0.09100000560283661,0.09200000762939453,0.09300000220537186,0.09400000423192978,0.0950000062584877,0.09600000083446503,0.09700000286102295,0.09800000488758087,0.0990000069141388,0.10000000149011612,0.10100000351667404,0.10200000554323196,0.10300000756978989,0.10400000214576721,0.10500000417232513,0.10600000619888306,0.10700000822544098,0.1080000028014183,0.10900000482797623,0.11000000685453415,0.11100000888109207,0.1120000034570694,0.11300000548362732,0.11400000751018524,0.11500000208616257,0.11600000411272049,0.11700000613927841,0.11800000816583633,0.11900000274181366,0.12000000476837158,0.1210000067949295,0.12200000882148743,0.12300000339746475,0.12400000542402267,0.125,0.12600000202655792,0.12700000405311584,0.12800000607967377,0.1290000081062317,0.1300000101327896,0.13100001215934753,0.13199999928474426,0.13300000131130219,0.1340000033378601,0.13500000536441803,0.13600000739097595,0.13700000941753387,0.1380000114440918,0.13900001347064972,0.14000000059604645,0.14100000262260437,0.1420000046491623,0.14300000667572021,0.14400000870227814,0.14500001072883606,0.14600001275539398,0.1469999998807907,0.14800000190734863,0.14900000393390656,0.15000000596046448,0.1510000079870224,0.15200001001358032,0.15300001204013824,0.15400001406669617,0.1550000011920929,0.15600000321865082,0.15700000524520874,0.15800000727176666,0.15900000929832458,0.1600000113248825,0.16100001335144043,0.16200000047683716,0.16300000250339508,0.164000004529953,0.16500000655651093,0.16600000858306885,0.16700001060962677,0.1680000126361847,0.16900001466274261,0.17000000178813934,0.17100000381469727,0.1720000058412552,0.1730000078678131,0.17400000989437103,0.17500001192092896,0.17600001394748688,0.1770000010728836,0.17800000309944153,0.17900000512599945,0.18000000715255737,0.1810000091791153,0.18200001120567322,0.18300001323223114,0.18400001525878906,0.1850000023841858,0.1860000044107437,0.18700000643730164,0.18800000846385956,0.18900001049041748,0.1900000125169754,0.19100001454353333,0.19200000166893005,0.19300000369548798,0.1940000057220459,0.19500000774860382,0.19600000977516174,0.19700001180171967,0.1980000138282776,0.1990000158548355,0.20000000298023224,0.20100000500679016,0.20200000703334808,0.203000009059906,0.20400001108646393,0.20500001311302185,0.20600001513957977,0.2070000171661377,0.20800000429153442,0.20900000631809235,0.21000000834465027,0.2110000103712082,0.2120000123977661,0.21300001442432404,0.21400001645088196,0.2150000035762787,0.2160000056028366,0.21700000762939453,0.21800000965595245,0.21900001168251038,0.2200000137090683,0.22100001573562622,0.22200001776218414,0.22300000488758087,0.2240000069141388,0.22500000894069672,0.22600001096725464,0.22700001299381256,0.22800001502037048,0.2290000170469284,0.23000000417232513,0.23100000619888306,0.23200000822544098,0.2330000102519989,0.23400001227855682,0.23500001430511475,0.23600001633167267,0.2370000183582306,0.23800000548362732,0.23900000751018524,0.24000000953674316,0.2410000115633011,0.242000013589859,0.24300001561641693,0.24400001764297485,0.24500000476837158,0.2460000067949295,0.24700000882148743,0.24800001084804535,0.24900001287460327,0.25,0.2510000169277191,0.25200000405311584,0.25300002098083496,0.2540000081062317,0.2550000250339508,0.25600001215934753,0.25699999928474426,0.2580000162124634,0.2590000033378601,0.2600000202655792,0.26100000739097595,0.26200002431869507,0.2630000114440918,0.2639999985694885,0.26500001549720764,0.26600000262260437,0.2670000195503235,0.2680000066757202,0.26900002360343933,0.27000001072883606,0.2710000276565552,0.2720000147819519,0.27300000190734863,0.27400001883506775,0.2750000059604645,0.2760000228881836,0.2770000100135803,0.27800002694129944,0.27900001406669617,0.2800000011920929,0.281000018119812,0.28200000524520874,0.28300002217292786,0.2840000092983246,0.2850000262260437,0.28600001335144043,0.28700000047683716,0.2880000174045563,0.289000004529953,0.2900000214576721,0.29100000858306885,0.29200002551078796,0.2930000126361847,0.2939999997615814,0.29500001668930054,0.29600000381469727,0.2970000207424164,0.2980000078678131,0.2990000247955322,0.30000001192092896,0.30100002884864807,0.3020000159740448,0.30300000309944153,0.30400002002716064,0.3050000071525574,0.3060000240802765,0.3070000112056732,0.30800002813339233,0.30900001525878906,0.3100000023841858,0.3110000193119049,0.31200000643730164,0.31300002336502075,0.3140000104904175,0.3150000274181366,0.3160000145435333,0.31700000166893005,0.31800001859664917,0.3190000057220459,0.320000022649765,0.32100000977516174,0.32200002670288086,0.3230000138282776,0.3240000009536743,0.32500001788139343,0.32600000500679016,0.3270000219345093,0.328000009059906,0.3290000259876251,0.33000001311302185,0.33100003004074097,0.3320000171661377,0.3330000042915344,0.33400002121925354,0.33500000834465027,0.3360000252723694,0.3370000123977661,0.33800002932548523,0.33900001645088196,0.3400000035762787,0.3410000205039978,0.34200000762939453,0.34300002455711365,0.3440000116825104,0.3450000286102295,0.3460000157356262,0.34700000286102295,0.34800001978874207,0.3490000069141388,0.3500000238418579,0.35100001096725464,0.35200002789497375,0.3530000150203705,0.3540000021457672,0.35500001907348633,0.35600000619888306,0.3570000231266022,0.3580000102519989,0.359000027179718,0.36000001430511475,0.36100003123283386,0.3620000183582306,0.3630000054836273,0.36400002241134644,0.36500000953674316,0.3660000264644623,0.367000013589859,0.3680000305175781,0.36900001764297485,0.3700000047683716,0.3710000216960907,0.3720000088214874,0.37300002574920654,0.37400001287460327,0.3750000298023224,0.3760000169277191,0.37700000405311584,0.37800002098083496,0.3790000081062317,0.3800000250339508,0.38100001215934753,0.38200002908706665,0.3830000162124634,0.3840000033378601,0.3850000202655792,0.38600000739097595,0.38700002431869507,0.3880000114440918,0.3890000283718109,0.39000001549720764,0.39100003242492676,0.3920000195503235,0.3930000066757202,0.39400002360343933,0.39500001072883606,0.3960000276565552,0.3970000147819519,0.398000031709671,0.39900001883506775,0.4000000059604645,0.4010000228881836,0.4020000100135803,0.40300002694129944,0.40400001406669617,0.4050000309944153,0.406000018119812,0.40700000524520874,0.40800002217292786,0.4090000092983246,0.4100000262260437,0.41100001335144043,0.41200003027915955,0.4130000174045563,0.4140000343322754,0.4150000214576721,0.41600000858306885,0.41700002551078796,0.4180000126361847,0.4190000295639038,0.42000001668930054,0.42100003361701965,0.4220000207424164,0.4230000078678131,0.4240000247955322,0.42500001192092896,0.42600002884864807,0.4270000159740448,0.4280000329017639,0.42900002002716064,0.4300000071525574,0.4310000240802765,0.4320000112056732,0.43300002813339233,0.43400001525878906,0.4350000321865082,0.4360000193119049,0.43700000643730164,0.43800002336502075,0.4390000104904175,0.4400000274181366,0.4410000145435333,0.44200003147125244,0.44300001859664917,0.4440000355243683,0.445000022649765,0.44600000977516174,0.44700002670288086,0.4480000138282776,0.4490000307559967,0.45000001788139343,0.45100003480911255,0.4520000219345093,0.453000009059906,0.4540000259876251,0.45500001311302185,0.45600003004074097,0.4570000171661377,0.4580000340938568,0.45900002121925354,0.46000000834465027,0.4610000252723694,0.4620000123977661,0.46300002932548523,0.46400001645088196,0.4650000333786011,0.4660000205039978,0.46700000762939453,0.46800002455711365,0.4690000116825104,0.4700000286102295,0.4710000157356262,0.47200003266334534,0.47300001978874207,0.4740000367164612,0.4750000238418579,0.47600001096725464,0.47700002789497375,0.4780000150203705,0.4790000319480896,0.48000001907348633,0.48100003600120544,0.4820000231266022,0.4830000102519989,0.484000027179718,0.48500001430511475,0.48600003123283386,0.4870000183582306,0.4880000352859497,0.48900002241134644,0.49000000953674316,0.4910000264644623,0.492000013589859,0.4930000305175781,0.49400001764297485,0.49500003457069397,0.4960000216960907,0.4970000088214874,0.49800002574920654,0.49900001287460327,0.5,0.5010000467300415,0.5020000338554382,0.503000020980835,0.5040000081062317,0.5049999952316284,0.5060000419616699,0.5070000290870667,0.5080000162124634,0.5090000033378601,0.5100000500679016,0.5110000371932983,0.5120000243186951,0.5130000114440918,0.5139999985694885,0.51500004529953,0.5160000324249268,0.5170000195503235,0.5180000066757202,0.5190000534057617,0.5200000405311584,0.5210000276565552,0.5220000147819519,0.5230000019073486,0.5240000486373901,0.5250000357627869,0.5260000228881836,0.5270000100135803,0.527999997138977,0.5290000438690186,0.5300000309944153,0.531000018119812,0.5320000052452087,0.5330000519752502,0.534000039100647,0.5350000262260437,0.5360000133514404,0.5370000004768372,0.5380000472068787,0.5390000343322754,0.5400000214576721,0.5410000085830688,0.5420000553131104,0.5430000424385071,0.5440000295639038,0.5450000166893005,0.5460000038146973,0.5470000505447388,0.5480000376701355,0.5490000247955322,0.550000011920929,0.5509999990463257,0.5520000457763672,0.5530000329017639,0.5540000200271606,0.5550000071525574,0.5560000538825989,0.5570000410079956,0.5580000281333923,0.5590000152587891,0.5600000023841858,0.5610000491142273,0.562000036239624,0.5630000233650208,0.5640000104904175,0.5649999976158142,0.5660000443458557,0.5670000314712524,0.5680000185966492,0.5690000057220459,0.5700000524520874,0.5710000395774841,0.5720000267028809,0.5730000138282776,0.5740000009536743,0.5750000476837158,0.5760000348091125,0.5770000219345093,0.578000009059906,0.5790000557899475,0.5800000429153442,0.581000030040741,0.5820000171661377,0.5830000042915344,0.5840000510215759,0.5850000381469727,0.5860000252723694,0.5870000123977661,0.5879999995231628,0.5890000462532043,0.5900000333786011,0.5910000205039978,0.5920000076293945,0.593000054359436,0.5940000414848328,0.5950000286102295,0.5960000157356262,0.597000002861023,0.5980000495910645,0.5990000367164612,0.6000000238418579,0.6010000109672546,0.6020000576972961,0.6030000448226929,0.6040000319480896,0.6050000190734863,0.6060000061988831,0.6070000529289246,0.6080000400543213,0.609000027179718,0.6100000143051147,0.6110000014305115,0.612000048160553,0.6130000352859497,0.6140000224113464,0.6150000095367432,0.6160000562667847,0.6170000433921814,0.6180000305175781,0.6190000176429749,0.6200000047683716,0.6210000514984131,0.6220000386238098,0.6230000257492065,0.6240000128746033,0.625,0.6260000467300415,0.6270000338554382,0.628000020980835,0.6290000081062317,0.6300000548362732,0.6310000419616699,0.6320000290870667,0.6330000162124634,0.6340000033378601,0.6350000500679016,0.6360000371932983,0.6370000243186951,0.6380000114440918,0.6390000581741333,0.64000004529953,0.6410000324249268,0.6420000195503235,0.6430000066757202,0.6440000534057617,0.6450000405311584,0.6460000276565552,0.6470000147819519,0.6480000019073486,0.6490000486373901,0.6500000357627869,0.6510000228881836,0.6520000100135803,0.6530000567436218,0.6540000438690186,0.6550000309944153,0.656000018119812,0.6570000052452087,0.6580000519752502,0.659000039100647,0.6600000262260437,0.6610000133514404,0.6620000600814819,0.6630000472068787,0.6640000343322754,0.6650000214576721,0.6660000085830688,0.6670000553131104,0.6680000424385071,0.6690000295639038,0.6700000166893005,0.6710000038146973,0.6720000505447388,0.6730000376701355,0.6740000247955322,0.675000011920929,0.6760000586509705,0.6770000457763672,0.6780000329017639,0.6790000200271606,0.6800000071525574,0.6810000538825989,0.6820000410079956,0.6830000281333923,0.6840000152587891,0.6850000619888306,0.6860000491142273,0.687000036239624,0.6880000233650208,0.6890000104904175,0.690000057220459,0.6910000443458557,0.6920000314712524,0.6930000185966492,0.6940000057220459,0.6950000524520874,0.6960000395774841,0.6970000267028809,0.6980000138282776,0.6990000605583191,0.7000000476837158,0.7010000348091125,0.7020000219345093,0.703000009059906,0.7040000557899475,0.7050000429153442,0.706000030040741,0.7070000171661377,0.7080000042915344,0.7090000510215759,0.7100000381469727,0.7110000252723694,0.7120000123977661,0.7130000591278076,0.7140000462532043,0.7150000333786011,0.7160000205039978,0.7170000076293945,0.718000054359436,0.7190000414848328,0.7200000286102295,0.7210000157356262,0.7220000624656677,0.7230000495910645,0.7240000367164612,0.7250000238418579,0.7260000109672546,0.7270000576972961,0.7280000448226929,0.7290000319480896,0.7300000190734863,0.7310000061988831,0.7320000529289246,0.7330000400543213,0.734000027179718,0.7350000143051147,0.7360000610351563,0.737000048160553,0.7380000352859497,0.7390000224113464,0.7400000095367432,0.7410000562667847,0.7420000433921814,0.7430000305175781,0.7440000176429749,0.7450000643730164,0.7460000514984131,0.7470000386238098,0.7480000257492065,0.7490000128746033,0.7500000596046448,0.7510000467300415,0.7520000338554382,0.753000020980835,0.7540000081062317,0.7550000548362732,0.7560000419616699,0.7570000290870667,0.7580000162124634,0.7590000629425049,0.7600000500679016,0.7610000371932983,0.7620000243186951,0.7630000114440918,0.7640000581741333,0.76500004529953,0.7660000324249268,0.7670000195503235,0.7680000066757202,0.7690000534057617,0.7700000405311584,0.7710000276565552,0.7720000147819519,0.7730000615119934,0.7740000486373901,0.7750000357627869,0.7760000228881836,0.7770000100135803,0.7780000567436218,0.7790000438690186,0.7800000309944153,0.781000018119812,0.7820000648498535,0.7830000519752502,0.784000039100647,0.7850000262260437,0.7860000133514404,0.7870000600814819,0.7880000472068787,0.7890000343322754,0.7900000214576721,0.7910000085830688,0.7920000553131104,0.7930000424385071,0.7940000295639038,0.7950000166893005,0.796000063419342,0.7970000505447388,0.7980000376701355,0.7990000247955322,0.800000011920929,0.8010000586509705,0.8020000457763672,0.8030000329017639,0.8040000200271606,0.8050000667572021,0.8060000538825989,0.8070000410079956,0.8080000281333923,0.8090000152587891,0.8100000619888306,0.8110000491142273,0.812000036239624,0.8130000233650208,0.8140000104904175,0.815000057220459,0.8160000443458557,0.8170000314712524,0.8180000185966492,0.8190000653266907,0.8200000524520874,0.8210000395774841,0.8220000267028809,0.8230000138282776,0.8240000605583191,0.8250000476837158,0.8260000348091125,0.8270000219345093,0.8280000686645508,0.8290000557899475,0.8300000429153442,0.831000030040741,0.8320000171661377,0.8330000638961792,0.8340000510215759,0.8350000381469727,0.8360000252723694,0.8370000123977661,0.8380000591278076,0.8390000462532043,0.8400000333786011,0.8410000205039978,0.8420000672340393,0.843000054359436,0.8440000414848328,0.8450000286102295,0.8460000157356262,0.8470000624656677,0.8480000495910645,0.8490000367164612,0.8500000238418579,0.8510000109672546,0.8520000576972961,0.8530000448226929,0.8540000319480896,0.8550000190734863,0.8560000658035278,0.8570000529289246,0.8580000400543213,0.859000027179718,0.8600000143051147,0.8610000610351563,0.862000048160553,0.8630000352859497,0.8640000224113464,0.8650000691413879,0.8660000562667847,0.8670000433921814,0.8680000305175781,0.8690000176429749,0.8700000643730164,0.8710000514984131,0.8720000386238098,0.8730000257492065,0.8740000128746033,0.8750000596046448,0.8760000467300415,0.8770000338554382,0.878000020980835,0.8790000677108765,0.8800000548362732,0.8810000419616699,0.8820000290870667],"type":"arraytest"}}
1767670911[Client 1] {"common":{"content":"zxcvasd","type":"login"}}
1767670912[Client 1] {"common":{"content":[0.0010000000474974513,0.0020000000949949026,0.003000000026077032,0.004000000189989805,0.005000000353902578,0.006000000052154064,0.007000000216066837,0.00800000037997961,0.009000000543892384,0.010000000707805157,0.01100000087171793,0.012000000104308128,0.013000000268220901,0.014000000432133675,0.015000000596046448,0.01600000075995922,0.017000000923871994,0.018000001087784767,0.01900000125169754,0.020000001415610313,0.021000001579523087,0.02200000174343586,0.023000001907348633,0.024000000208616257,0.02500000037252903,0.026000000536441803,0.027000000700354576,0.02800000086426735,0.029000001028180122,0.030000001192092896,0.03100000135600567,0.03200000151991844,0.032999999821186066,0.03400000184774399,0.03500000014901161,0.036000002175569534,0.03700000047683716,0.03800000250339508,0.039000000804662704,0.04000000283122063,0.04100000113248825,0.04200000315904617,0.0430000014603138,0.04400000348687172,0.04500000178813934,0.046000003814697266,0.04700000211596489,0.04800000041723251,0.049000002443790436,0.05000000074505806,0.05100000277161598,0.052000001072883606,0.05300000309944153,0.05400000140070915,0.055000003427267075,0.0560000017285347,0.05700000375509262,0.058000002056360245,0.05900000408291817,0.06000000238418579,0.06100000441074371,0.06200000271201134,0.06300000101327896,0.06400000303983688,0.0650000050663948,0.06599999964237213,0.06700000166893005,0.06800000369548798,0.0690000057220459,0.07000000029802322,0.07100000232458115,0.07200000435113907,0.07300000637769699,0.07400000095367432,0.07500000298023224,0.07600000500679016,0.07700000703334808,0.07800000160932541,0.07900000363588333,0.08000000566244125,0.08100000023841858,0.0820000022649765,0.08300000429153442,0.08400000631809235,0.08500000089406967,0.0860000029206276,0.08700000494718552,0.08800000697374344,0.08900000154972076,0.09000000357627869,0.09100000560283661,0.09200000762939453,0.09300000220537186,0.09400000423192978,0.0950000062584877,0.09600000083446503,0.09700000286102295,0.09800000488758087,0.0990000069141388,0.10000000149011612,0.10100000351667404,0.10200000554323196,0.10300000756978989,0.10400000214576721,0.10500000417232513,0.10600000619888306,0.10700000822544098,0.1080000028014183,0.10900000482797623,0.11000000685453415,0.11100000888109207,0.1120000034570694,0.11300000548362732,0.11400000751018524,0.11500000208616257,0.11600000411272049,0.11700000613927841,0.11800000816583633,0.11900000274181366,0.12000000476837158,0.1210000067949295,0.12200000882148743,0.12300000339746475,0.12400000542402267,0.125,0.12600000202655792,0.12700000405311584,0.12800000607967377,0.1290000081062317,0.1300000101327896,0.13100001215934753,0.13199999928474426,0.13300000131130219,0.1340000033378601,0.13500000536441803,0.13600000739097595,0.13700000941753387,0.1380000114440918,0.13900001347064972,0.14000000059604645,0.14100000262260437,0.1420000046491623,0.14300000667572021,0.14400000870227814,0.14500001072883606,0.14600001275539398,0.1469999998807907,0.14800000190734863,0.14900000393390656,0.15000000596046448,0.1510000079870224,0.15200001001358032,0.15300001204013824,0.15400001406669617,0.1550000011920929,0.15600000321865082,0.15700000524520874,0.15800000727176666,0.15900000929832458,0.1600000113248825,0.16100001335144043,0.16200000047683716,0.16300000250339508,0.164000004529953,0.16500000655651093,0.16600000858306885,0.16700001060962677,0.1680000126361847,0.16900001466274261,0.17000000178813934,0.17100000381469727,0.1720000058412552,0.1730000078678131,0.17400000989437103,0.17500001192092896,0.17600001394748688,0.1770000010728836,0.17800000309944153,0.17900000512599945,0.18000000715255737,0.1810000091791153,0.18200001120567322,0.18300001323223114,0.18400001525878906,0.1850000023841858,0.1860000044107437,0.18700000643730164,0.18800000846385956,0.18900001049041748,0.1900000125169754,0.19100001454353333,0.19200000166893005,0.19300000369548798,0.1940000057220459,0.19500000774860382,0.19600000977516174,0.19700001180171967,0.1980000138282776,0.1990000158548355,0.20000000298023224,0.20100000500679016,0.20200000703334808,0.203000009059906,0.20400001108646393,0.20500001311302185,0.20600001513957977,0.2070000171661377,0.20800000429153442,0.20900000631809235,0.21000000834465027,0.2110000103712082,0.2120000123977661,0.21300001442432404,0.21400001645088196,0.2150000035762787,0.2160000056028366,0.21700000762939453,0.21800000965595245,0.21900001168251038,0.2200000137090683,0.22100001573562622,0.22200001776218414,0.22300000488758087,0.2240000069141388,0.22500000894069672,0.22600001096725464,0.22700001299381256,0.22800001502037048,0.2290000170469284,0.23000000417232513,0.23100000619888306,0.23200000822544098,0.2330000102519989,0.23400001227855682,0.23500001430511475,0.23600001633167267,0.2370000183582306,0.23800000548362732,0.23900000751018524,0.24000000953674316,0.2410000115633011,0.242000013589859,0.24300001561641693,0.24400001764297485,0.24500000476837158,0.2460000067949295,0.24700000882148743,0.24800001084804535,0.24900001287460327,0.25,0.2510000169277191,0.25200000405311584,0.25300002098083496,0.2540000081062317,0.2550000250339508,0.25600001215934753,0.25699999928474426,0.2580000162124634,0.2590000033378601,0.2600000202655792,0.26100000739097595,0.26200002431869507,0.2630000114440918,0.2639999985694885,0.26500001549720764,0.26600000262260437,0.2670000195503235,0.2680000066757202,0.26900002360343933,0.27000001072883606,0.2710000276565552,0.2720000147819519,0.27300000190734863,0.27400001883506775,0.2750000059604645,0.2760000228881836,0.2770000100135803,0.27800002694129944,0.27900001406669617,0.2800000011920929,0.281000018119812,0.28200000524520874,0.28300002217292786,0.2840000092983246,0.2850000262260437,0.28600001335144043,0.28700000047683716,0.2880000174045563,0.289000004529953,0.2900000214576721,0.29100000858306885,0.29200002551078796,0.2930000126361847,0.2939999997615814,0.29500001668930054,0.29600000381469727,0.2970000207424164,0.2980000078678131,0.2990000247955322,0.30000001192092896,0.30100002884864807,0.3020000159740448,0.30300000309944153,0.30400002002716064,0.3050000071525574,0.3060000240802765,0.3070000112056732,0.30800002813339233,0.30900001525878906,0.3100000023841858,0.3110000193119049,0.31200000643730164,0.31300002336502075,0.3140000104904175,0.3150000274181366,0.3160000145435333,0.31700000166893005,0.31800001859664917,0.3190000057220459,0.320000022649765,0.32100000977516174,0.32200002670288086,0.3230000138282776,0.3240000009536743,0.32500001788139343,0.32600000500679016,0.3270000219345093,0.328000009059906,0.3290000259876251,0.33000001311302185,0.33100003004074097,0.3320000171661377,0.3330000042915344,0.33400002121925354,0.33500000834465027,0.3360000252723694,0.3370000123977661,0.33800002932548523,0.33900001645088196,0.3400000035762787,0.3410000205039978,0.34200000762939453,0.34300002455711365,0.3440000116825104,0.3450000286102295,0.3460000157356262,0.34700000286102295,0.34800001978874207,0.3490000069141388,0.3500000238418579,0.35100001096725464,0.35200002789497375,0.3530000150203705,0.3540000021457672,0.35500001907348633,0.35600000619888306,0.3570000231266022,0.3580000102519989,0.359000027179718,0.36000001430511475,0.36100003123283386,0.3620000183582306,0.3630000054836273,0.36400002241134644,0.36500000953674316,0.3660000264644623,0.367000013589859,0.3680000305175781,0.36900001764297485,0.3700000047683716,0.3710000216960907,0.3720000088214874,0.37300002574920654,0.37400001287460327,0.3750000298023224,0.3760000169277191,0.37700000405311584,0.37800002098083496,0.3790000081062317,0.3800000250339508,0.38100001215934753,0.38200002908706665,0.3830000162124634,0.3840000033378601,0.3850000202655792,0.38600000739097595,0.38700002431869507,0.3880000114440918,0.3890000283718109,0.39000001549720764,0.39100003242492676,0.3920000195503235,0.3930000066757202,0.39400002360343933,0.39500001072883606,0.3960000276565552,0.3970000147819519,0.398000031709671,0.39900001883506775,0.4000000059604645,0.4010000228881836,0.4020000100135803,0.40300002694129944,0.40400001406669617,0.4050000309944153,0.406000018119812,0.40700000524520874,0.40800002217292786,0.4090000092983246,0.4100000262260437,0.41100001335144043,0.41200003027915955,0.4130000174045563,0.4140000343322754,0.4150000214576721,0.41600000858306885,0.41700002551078796,0.4180000126361847,0.4190000295639038,0.42000001668930054,0.42100003361701965,0.4220000207424164,0.4230000078678131,0.4240000247955322,0.42500001192092896,0.42600002884864807,0.4270000159740448,0.4280000329017639,0.42900002002716064,0.4300000071525574,0.4310000240802765,0.4320000112056732,0.43300002813339233,0.43400001525878906,0.4350000321865082,0.4360000193119049,0.43700000643730164,0.43800002336502075,0.4390000104904175,0.4400000274181366,0.4410000145435333,0.44200003147125244,0.44300001859664917,0.4440000355243683,0.445000022649765,0.44600000977516174,0.44700002670288086,0.4480000138282776,0.4490000307559967,0.45000001788139343,0.45100003480911255,0.4520000219345093,0.453000009059906,0.4540000259876251,0.45500001311302185,0.45600003004074097,0.4570000171661377,0.4580000340938568,0.45900002121925354,0.46000000834465027,0.4610000252723694,0.4620000123977661,0.46300002932548523,0.46400001645088196,0.4650000333786011,0.4660000205039978,0.46700000762939453,0.46800002455711365,0.4690000116825104,0.4700000286102295,0.4710000157356262,0.47200003266334534,0.47300001978874207,0.4740000367164612,0.4750000238418579,0.47600001096725464,0.47700002789497375,0.4780000150203705,0.4790000319480896,0.48000001907348633,0.48100003600120544,0.4820000231266022,0.4830000102519989,0.484000027179718,0.48500001430511475,0.48600003123283386,0.4870000183582306,0.4880000352859497,0.48900002241134644,0.49000000953674316,0.4910000264644623,0.492000013589859,0.4930000305175781,0.49400001764297485,0.49500003457069397,0.4960000216960907,0.4970000088214874,0.49800002574920654,0.49900001287460327,0.5,0.5010000467300415,0.5020000338554382,0.503000020980835,0.5040000081062317,0.5049999952316284,0.5060000419616699,0.5070000290870667,0.5080000162124634,0.5090000033378601,0.5100000500679016,0.5110000371932983,0.5120000243186951,0.5130000114440918,0.5139999985694885,0.51500004529953,0.5160000324249268,0.5170000195503235,0.5180000066757202,0.5190000534057617,0.5200000405311584,0.5210000276565552,0.5220000147819519,0.5230000019073486,0.5240000486373901,0.5250000357627869,0.5260000228881836,0.5270000100135803,0.527999997138977,0.5290000438690186,0.5300000309944153,0.531000018119812,0.5320000052452087,0.5330000519752502,0.534000039100647,0.5350000262260437,0.5360000133514404,0.5370000004768372,0.5380000472068787,0.5390000343322754,0.5400000214576721,0.5410000085830688,0.5420000553131104,0.5430000424385071,0.5440000295639038,0.5450000166893005,0.5460000038146973,0.5470000505447388,0.5480000376701355,0.5490000247955322,0.550000011920929,0.5509999990463257,0.5520000457763672,0.5530000329017639,0.5540000200271606,0.5550000071525574,0.5560000538825989,0.5570000410079956,0.5580000281333923,0.5590000152587891,0.5600000023841858,0.5610000491142273,0.562000036239624,0.5630000233650208,0.5640000104904175,0.5649999976158142,0.5660000443458557,0.5670000314712524,0.5680000185966492,0.5690000057220459,0.5700000524520874,0.5710000395774841,0.5720000267028809,0.5730000138282776,0.5740000009536743,0.5750000476837158,0.5760000348091125,0.5770000219345093,0.578000009059906,0.5790000557899475,0.5800000429153442,0.581000030040741,0.5820000171661377,0.5830000042915344,0.5840000510215759,0.5850000381469727,0.5860000252723694,0.5870000123977661,0.5879999995231628,0.5890000462532043,0.5900000333786011,0.5910000205039978,0.5920000076293945,0.593000054359436,0.5940000414848328,0.5950000286102295,0.5960000157356262,0.597000002861023,0.5980000495910645,0.5990000367164612,0.6000000238418579,0.6010000109672546,0.6020000576972961,0.6030000448226929,0.6040000319480896,0.6050000190734863,0.6060000061988831,0.6070000529289246,0.6080000400543213,0.609000027179718,0.6100000143051147,0.6110000014305115,0.612000048160553,0.6130000352859497,0.6140000224113464,0.6150000095367432,0.6160000562667847,0.6170000433921814,0.6180000305175781,0.6190000176429749,0.6200000047683716,0.6210000514984131,0.6220000386238098,0.6230000257492065,0.6240000128746033,0.625,0.6260000467300415,0.6270000338554382,0.628000020980835,0.6290000081062317,0.6300000548362732,0.6310000419616699,0.6320000290870667,0.6330000162124634,0.6340000033378601,0.6350000500679016,0.6360000371932983,0.6370000243186951,0.6380000114440918,0.6390000581741333,0.64000004529953,0.6410000324249268,0.6420000195503235,0.6430000066757202,0.6440000534057617,0.6450000405311584,0.6460000276565552,0.6470000147819519,0.6480000019073486,0.6490000486373901,0.6500000357627869,0.6510000228881836,0.6520000100135803,0.6530000567436218,0.6540000438690186,0.6550000309944153,0.656000018119812,0.6570000052452087,0.6580000519752502,0.659000039100647,0.6600000262260437,0.6610000133514404,0.6620000600814819,0.6630000472068787,0.6640000343322754,0.6650000214576721,0.6660000085830688,0.6670000553131104,0.6680000424385071,0.6690000295639038,0.6700000166893005,0.6710000038146973,0.6720000505447388,0.6730000376701355,0.6740000247955322,0.675000011920929,0.6760000586509705,0.6770000457763672,0.6780000329017639,0.6790000200271606,0.6800000071525574,0.6810000538825989,0.6820000410079956,0.6830000281333923,0.6840000152587891,0.6850000619888306,0.6860000491142273,0.687000036239624,0.6880000233650208,0.6890000104904175,0.690000057220459,0.6910000443458557,0.6920000314712524,0.6930000185966492,0.6940000057220459,0.6950000524520874,0.6960000395774841,0.6970000267028809,0.6980000138282776,0.6990000605583191,0.7000000476837158,0.7010000348091125,0.7020000219345093,0.703000009059906,0.7040000557899475,0.7050000429153442,0.706000030040741,0.7070000171661377,0.7080000042915344,0.7090000510215759,0.7100000381469727,0.7110000252723694,0.7120000123977661,0.7130000591278076,0.7140000462532043,0.7150000333786011,0.7160000205039978,0.7170000076293945,0.718000054359436,0.7190000414848328,0.7200000286102295,0.7210000157356262,0.7220000624656677,0.7230000495910645,0.7240000367164612,0.7250000238418579,0.7260000109672546,0.7270000576972961,0.7280000448226929,0.7290000319480896,0.7300000190734863,0.7310000061988831,0.7320000529289246,0.7330000400543213,0.734000027179718,0.7350000143051147,0.7360000610351563,0.737000048160553,0.7380000352859497,0.7390000224113464,0.7400000095367432,0.7410000562667847,0.7420000433921814,0.7430000305175781,0.7440000176429749,0.7450000643730164,0.7460000514984131,0.7470000386238098,0.7480000257492065,0.7490000128746033,0.7500000596046448,0.7510000467300415,0.7520000338554382,0.753000020980835,0.7540000081062317,0.7550000548362732,0.7560000419616699,0.7570000290870667,0.7580000162124634,0.7590000629425049,0.7600000500679016,0.7610000371932983,0.7620000243186951,0.7630000114440918,0.7640000581741333,0.76500004529953,0.7660000324249268,0.7670000195503235,0.7680000066757202,0.7690000534057617,0.7700000405311584,0.7710000276565552,0.7720000147819519,0.7730000615119934,0.7740000486373901,0.7750000357627869,0.7760000228881836,0.7770000100135803,0.7780000567436218,0.7790000438690186,0.7800000309944153,0.781000018119812,0.7820000648498535,0.7830000519752502,0.784000039100647,0.7850000262260437,0.7860000133514404,0.7870000600814819,0.7880000472068787,0.7890000343322754,0.7900000214576721,0.7910000085830688,0.7920000553131104,0.7930000424385071,0.7940000295639038,0.7950000166893005,0.796000063419342,0.7970000505447388,0.7980000376701355,0.7990000247955322,0.800000011920929,0.8010000586509705,0.8020000457763672,0.8030000329017639,0.8040000200271606,0.8050000667572021,0.8060000538825989,0.8070000410079956,0.8080000281333923,0.8090000152587891,0.8100000619888306,0.8110000491142273,0.812000036239624,0.8130000233650208,0.8140000104904175,0.815000057220459,0.8160000443458557,0.8170000314712524,0.8180000185966492,0.8190000653266907,0.8200000524520874,0.8210000395774841,0.8220000267028809,0.8230000138282776,0.8240000605583191,0.8250000476837158,0.8260000348091125,0.8270000219345093,0.8280000686645508,0.8290000557899475,0.8300000429153442,0.831000030040741,0.8320000171661377,0.8330000638961792,0.8340000510215759,0.8350000381469727,0.8360000252723694,0.8370000123977661,0.8380000591278076,0.8390000462532043,0.8400000333786011,0.8410000205039978,0.8420000672340393,0.843000054359436,0.8440000414848328,0.8450000286102295,0.8460000157356262,0.8470000624656677,0.8480000495910645,0.8490000367164612,0.8500000238418579,0.8510000109672546,0.8520000576972961,0.8530000448226929,0.8540000319480896,0.8550000190734863,0.8560000658035278,0.8570000529289246,0.8580000400543213,0.859000027179718,0.8600000143051147,0.8610000610351563,0.862000048160553,0.8630000352859497,0.8640000224113464,0.8650000691413879,0.8660000562667847,0.8670000433921814,0.8680000305175781,0.8690000176429749,0.8700000643730164,0.8710000514984131,0.8720000386238098,0.8730000257492065,0.8740000128746033,0.8750000596046448,0.8760000467300415,0.8770000338554382,0.878000020980835,0.8790000677108765,0.8800000548362732,0.8810000419616699,0.8820000290870667],"type":"arraytest"}}
1767671003[Client 1] {"common":{"content":"asdzxcv","type":"login"}}
1767671004[Client 1] {"common":{"content":[0.0010000000474974513,0.0020000000949949026,0.003000000026077032,0.004000000189989805,0.005000000353902578,0.006000000052154064,0.007000000216066837,0.00800000037997961,0.009000000543892384,0.010000000707805157,0.01100000087171793,0.012000000104308128,0.013000000268220901,0.014000000432133675,0.015000000596046448,0.01600000075995922,0.017000000923871994,0.018000001087784767,0.01900000125169754,0.020000001415610313,0.021000001579523087,0.02200000174343586,0.023000001907348633,0.024000000208616257,0.02500000037252903,0.026000000536441803,0.027000000700354576,0.02800000086426735,0.029000001028180122,0.030000001192092896,0.03100000135600567,0.03200000151991844,0.032999999821186066,0.03400000184774399,0.03500000014901161,0.036000002175569534,0.03700000047683716,0.03800000250339508,0.039000000804662704,0.04000000283122063,0.04100000113248825,0.04200000315904617,0.0430000014603138,0.04400000348687172,0.04500000178813934,0.046000003814697266,0.04700000211596489,0.04800000041723251,0.049000002443790436,0.05000000074505806,0.05100000277161598,0.052000001072883606,0.05300000309944153,0.05400000140070915,0.055000003427267075,0.0560000017285347,0.05700000375509262,0.058000002056360245,0.05900000408291817,0.06000000238418579,0.06100000441074371,0.06200000271201134,0.06300000101327896,0.06400000303983688,0.0650000050663948,0.06599999964237213,0.06700000166893005,0.06800000369548798,0.0690000057220459,0.07000000029802322,0.07100000232458115,0.07200000435113907,0.07300000637769699,0.07400000095367432,0.07500000298023224,0.07600000500679016,0.07700000703334808,0.07800000160932541,0.07900000363588333,0.08000000566244125,0.08100000023841858,0.0820000022649765,0.08300000429153442,0.08400000631809235,0.08500000089406967,0.0860000029206276,0.08700000494718552,0.08800000697374344,0.08900000154972076,0.09000000357627869,0.09100000560283661,0.09200000762939453,0.09300000220537186,0.09400000423192978,0.0950000062584877,0.09600000083446503,0.09700000286102295,0.09800000488758087,0.0990000069141388,0.10000000149011612,0.10100000351667404,0.10200000554323196,0.10300000756978989,0.10400000214576721,0.10500000417232513,0.10600000619888306,0.10700000822544098,0.1080000028014183,0.10900000482797623,0.11000000685453415,0.11100000888109207,0.1120000034570694,0.11300000548362732,0.11400000751018524,0.11500000208616257,0.11600000411272049,0.11700000613927841,0.11800000816583633,0.11900000274181366,0.12000000476837158,0.1210000067949295,0.12200000882148743,0.12300000339746475,0.12400000542402267,0.125,0.12600000202655792,0.12700000405311584,0.12800000607967377,0.1290000081062317,0.1300000101327896,0.13100001215934753,0.13199999928474426,0.13300000131130219,0.1340000033378601,0.13500000536441803,0.13600000739097595,0.13700000941753387,0.1380000114440918,0.13900001347064972,0.14000000059604645,0.14100000262260437,0.1420000046491623,0.14300000667572021,0.14400000870227814,0.14500001072883606,0.14600001275539398,0.1469999998807907,0.14800000190734863,0.14900000393390656,0.15000000596046448,0.1510000079870224,0.15200001001358032,0.15300001204013824,0.15400001406669617,0.1550000011920929,0.15600000321865082,0.15700000524520874,0.15800000727176666,0.15900000929832458,0.1600000113248825,0.16100001335144043,0.16200000047683716,0.16300000250339508,0.164000004529953,0.16500000655651093,0.16600000858306885,0.16700001060962677,0.1680000126361847,0.16900001466274261,0.17000000178813934,0.17100000381469727,0.1720000058412552,0.1730000078678131,0.17400000989437103,0.17500001192092896,0.17600001394748688,0.1770000010728836,0.17800000309944153,0.17900000512599945,0.18000000715255737,0.1810000091791153,0.18200001120567322,0.18300001323223114,0.18400001525878906,0.1850000023841858,0.1860000044107437,0.18700000643730164,0.18800000846385956,0.18900001049041748,0.1900000125169754,0.19100001454353333,0.19200000166893005,0.19300000369548798,0.1940000057220459,0.19500000774860382,0.19600000977516174,0.19700001180171967,0.1980000138282776,0.1990000158548355,0.20000000298023224,0.20100000500679016,0.20200000703334808,0.203000009059906,0.20400001108646393,0.20500001311302185,0.20600001513957977,0.2070000171661377,0.20800000429153442,0.20900000631809235,0.21000000834465027,0.2110000103712082,0.2120000123977661,0.21300001442432404,0.21400001645088196,0.2150000035762787,0.2160000056028366,0.21700000762939453,0.21800000965595245,0.21900001168251038,0.2200000137090683,0.22100001573562622,0.22200001776218414,0.22300000488758087,0.2240000069141388,0.22500000894069672,0.22600001096725464,0.22700001299381256,0.22800001502037048,0.2290000170469284,0.23000000417232513,0.23100000619888306,0.23200000822544098,0.2330000102519989,0.23400001227855682,0.23500001430511475,0.23600001633167267,0.2370000183582306,0.23800000548362732,0.23900000751018524,0.24000000953674316,0.2410000115633011,0.242000013589859,0.24300001561641693,0.24400001764297485,0.24500000476837158,0.2460000067949295,0.24700000882148743,0.24800001084804535,0.24900001287460327,0.25,0.2510000169277191,0.25200000405311584,0.25300002098083496,0.2540000081062317,0.2550000250339508,0.25600001215934753,0.25699999928474426,0.2580000162124634,0.2590000033378601,0.2600000202655792,0.26100000739097595,0.26200002431869507,0.2630000114440918,0.2639999985694885,0.26500001549720764,0.26600000262260437,0.2670000195503235,0.2680000066757202,0.26900002360343933,0.27000001072883606,0.2710000276565552,0.2720000147819519,0.27300000190734863,0.27400001883506775,0.2750000059604645,0.2760000228881836,0.2770000100135803,0.27800002694129944,0.27900001406669617,0.2800000011920929,0.281000018119812,0.28200000524520874,0.28300002217292786,0.2840000092983246,0.2850000262260437,0.28600001335144043,0.28700000047683716,0.2880000174045563,0.289000004529953,0.2900000214576721,0.29100000858306885,0.29200002551078796,0.2930000126361847,0.2939999997615814,0.29500001668930054,0.29600000381469727,0.2970000207424164,0.2980000078678131,0.2990000247955322,0.30000001192092896,0.30100002884864807,0.3020000159740448,0.30300000309944153,0.30400002002716064,0.3050000071525574,0.3060000240802765,0.3070000112056732,0.30800002813339233,0.30900001525878906,0.3100000023841858,0.3110000193119049,0.31200000643730164,0.31300002336502075,0.3140000104904175,0.3150000274181366,0.3160000145435333,0.31700000166893005,0.31800001859664917,0.3190000057220459,0.320000022649765,0.32100000977516174,0.32200002670288086,0.3230000138282776,0.3240000009536743,0.32500001788139343,0.32600000500679016,0.3270000219345093,0.328000009059906,0.3290000259876251,0.33000001311302185,0.33100003004074097,0.3320000171661377,0.3330000042915344,0.33400002121925354,0.33500000834465027,0.3360000252723694,0.3370000123977661,0.33800002932548523,0.33900001645088196,0.3400000035762787,0.3410000205039978,0.34200000762939453,0.34300002455711365,0.3440000116825104,0.3450000286102295,0.3460000157356262,0.34700000286102295,0.34800001978874207,0.3490000069141388,0.3500000238418579,0.35100001096725464,0.35200002789497375,0.3530000150203705,0.3540000021457672,0.35500001907348633,0.35600000619888306,0.3570000231266022,0.3580000102519989,0.359000027179718,0.36000001430511475,0.36100003123283386,0.3620000183582306,0.3630000054836273,0.36400002241134644,0.36500000953674316,0.3660000264644623,0.367000013589859,0.3680000305175781,0.36900001764297485,0.3700000047683716,0.3710000216960907,0.3720000088214874,0.37300002574920654,0.37400001287460327,0.3750000298023224,0.3760000169277191,0.37700000405311584,0.37800002098083496,0.3790000081062317,0.3800000250339508,0.38100001215934753,0.38200002908706665,0.3830000162124634,0.3840000033378601,0.3850000202655792,0.38600000739097595,0.38700002431869507,0.3880000114440918,0.3890000283718109,0.39000001549720764,0.39100003242492676,0.3920000195503235,0.3930000066757202,0.39400002360343933,0.39500001072883606,0.3960000276565552,0.3970000147819519,0.398000031709671,0.39900001883506775,0.4000000059604645,0.4010000228881836,0.4020000100135803,0.40300002694129944,0.40400001406669617,0.4050000309944153,0.406000018119812,0.40700000524520874,0.40800002217292786,0.4090000092983246,0.4100000262260437,0.41100001335144043,0.41200003027915955,0.4130000174045563,0.4140000343322754,0.4150000214576721,0.41600000858306885,0.41700002551078796,0.4180000126361847,0.4190000295639038,0.42000001668930054,0.42100003361701965,0.4220000207424164,0.4230000078678131,0.4240000247955322,0.42500001192092896,0.42600002884864807,0.4270000159740448,0.4280000329017639,0.42900002002716064,0.4300000071525574,0.4310000240802765,0.4320000112056732,0.43300002813339233,0.43400001525878906,0.4350000321865082,0.4360000193119049,0.43700000643730164,0.43800002336502075,0.4390000104904175,0.4400000274181366,0.4410000145435333,0.44200003147125244,0.44300001859664917,0.4440000355243683,0.445000022649765,0.44600000977516174,0.44700002670288086,0.4480000138282776,0.4490000307559967,0.45000001788139343,0.45100003480911255,0.4520000219345093,0.453000009059906,0.4540000259876251,0.45500001311302185,0.45600003004074097,0.4570000171661377,0.4580000340938568,0.45900002121925354,0.46000000834465027,0.4610000252723694,0.4620000123977661,0.46300002932548523,0.46400001645088196,0.4650000333786011,0.4660000205039978,0.46700000762939453,0.46800002455711365,0.4690000116825104,0.4700000286102295,0.4710000157356262,0.47200003266334534,0.47300001978874207,0.4740000367164612,0.4750000238418579,0.47600001096725464,0.47700002789497375,0.4780000150203705,0.4790000319480896,0.48000001907348633,0.48100003600120544,0.4820000231266022,0.4830000102519989,0.484000027179718,0.48500001430511475,0.48600003123283386,0.4870000183582306,0.4880000352859497,0.48900002241134644,0.49000000953674316,0.4910000264644623,0.492000013589859,0.4930000305175781,0.49400001764297485,0.49500003457069397,0.4960000216960907,0.4970000088214874,0.49800002574920654,0.49900001287460327,0.5,0.5010000467300415,0.5020000338554382,0.503000020980835,0.5040000081062317,0.5049999952316284,0.5060000419616699,0.5070000290870667,0.5080000162124634,0.5090000033378601,0.5100000500679016,0.5110000371932983,0.5120000243186951,0.5130000114440918,0.5139999985694885,0.51500004529953,0.5160000324249268,0.5170000195503235,0.5180000066757202,0.5190000534057617,0.5200000405311584,0.5210000276565552,0.5220000147819519,0.5230000019073486,0.5240000486373901,0.5250000357627869,0.5260000228881836,0.5270000100135803,0.527999997138977,0.5290000438690186,0.5300000309944153,0.531000018119812,0.5320000052452087,0.5330000519752502,0.534000039100647,0.5350000262260437,0.5360000133514404,0.5370000004768372,0.5380000472068787,0.5390000343322754,0.5400000214576721,0.5410000085830688,0.5420000553131104,0.5430000424385071,0.5440000295639038,0.5450000166893005,0.5460000038146973,0.5470000505447388,0.5480000376701355,0.5490000247955322,0.550000011920929,0.5509999990463257,0.5520000457763672,0.5530000329017639,0.5540000200271606,0.5550000071525574,0.5560000538825989,0.5570000410079956,0.5580000281333923,0.5590000152587891,0.5600000023841858,0.5610000491142273,0.562000036239624,0.5630000233650208,0.5640000104904175,0.5649999976158142,0.5660000443458557,0.5670000314712524,0.5680000185966492,0.5690000057220459,0.5700000524520874,0.5710000395774841,0.5720000267028809,0.5730000138282776,0.5740000009536743,0.5750000476837158,0.5760000348091125,0.5770000219345093,0.578000009059906,0.5790000557899475,0.5800000429153442,0.581000030040741,0.5820000171661377,0.5830000042915344,0.5840000510215759,0.5850000381469727,0.5860000252723694,0.5870000123977661,0.5879999995231628,0.5890000462532043,0.5900000333786011,0.5910000205039978,0.5920000076293945,0.593000054359436,0.5940000414848328,0.5950000286102295,0.5960000157356262,0.597000002861023,0.5980000495910645,0.5990000367164612,0.6000000238418579,0.6010000109672546,0.6020000576972961,0.6030000448226929,0.6040000319480896,0.6050000190734863,0.6060000061988831,0.6070000529289246,0.6080000400543213,0.609000027179718,0.6100000143051147,0.6110000014305115,0.612000048160553,0.6130000352859497,0.6140000224113464,0.6150000095367432,0.6160000562667847,0.6170000433921814,0.6180000305175781,0.6190000176429749,0.6200000047683716,0.6210000514984131,0.6220000386238098,0.6230000257492065,0.6240000128746033,0.625,0.6260000467300415,0.6270000338554382,0.628000020980835,0.6290000081062317,0.6300000548362732,0.6310000419616699,0.6320000290870667,0.6330000162124634,0.6340000033378601,0.6350000500679016,0.6360000371932983,0.6370000243186951,0.6380000114440918,0.6390000581741333,0.64000004529953,0.6410000324249268,0.6420000195503235,0.6430000066757202,0.6440000534057617,0.6450000405311584,0.6460000276565552,0.6470000147819519,0.6480000019073486,0.6490000486373901,0.6500000357627869,0.6510000228881836,0.6520000100135803,0.6530000567436218,0.6540000438690186,0.6550000309944153,0.656000018119812,0.6570000052452087,0.6580000519752502,0.659000039100647,0.6600000262260437,0.6610000133514404,0.6620000600814819,0.6630000472068787,0.6640000343322754,0.6650000214576721,0.6660000085830688,0.6670000553131104,0.6680000424385071,0.6690000295639038,0.6700000166893005,0.6710000038146973,0.6720000505447388,0.6730000376701355,0.6740000247955322,0.675000011920929,0.6760000586509705,0.6770000457763672,0.6780000329017639,0.6790000200271606,0.6800000071525574,0.6810000538825989,0.6820000410079956,0.6830000281333923,0.6840000152587891,0.6850000619888306,0.6860000491142273,0.687000036239624,0.6880000233650208,0.6890000104904175,0.690000057220459,0.6910000443458557,0.6920000314712524,0.6930000185966492,0.6940000057220459,0.6950000524520874,0.6960000395774841,0.6970000267028809,0.6980000138282776,0.6990000605583191,0.7000000476837158,0.7010000348091125,0.7020000219345093,0.703000009059906,0.7040000557899475,0.7050000429153442,0.706000030040741,0.7070000171661377,0.7080000042915344,0.7090000510215759,0.7100000381469727,0.7110000252723694,0.7120000123977661,0.7130000591278076,0.7140000462532043,0.7150000333786011,0.7160000205039978,0.7170000076293945,0.718000054359436,0.7190000414848328,0.7200000286102295,0.7210000157356262,0.7220000624656677,0.7230000495910645,0.7240000367164612,0.7250000238418579,0.7260000109672546,0.7270000576972961,0.7280000448226929,0.7290000319480896,0.7300000190734863,0.7310000061988831,0.7320000529289246,0.7330000400543213,0.734000027179718,0.7350000143051147,0.7360000610351563,0.737000048160553,0.7380000352859497,0.7390000224113464,0.7400000095367432,0.7410000562667847,0.7420000433921814,0.7430000305175781,0.7440000176429749,0.7450000643730164,0.7460000514984131,0.7470000386238098,0.7480000257492065,0.7490000128746033,0.7500000596046448,0.7510000467300415,0.7520000338554382,0.753000020980835,0.7540000081062317,0.7550000548362732,0.7560000419616699,0.7570000290870667,0.7580000162124634,0.7590000629425049,0.7600000500679016,0.7610000371932983,0.7620000243186951,0.7630000114440918,0.7640000581741333,0.76500004529953,0.7660000324249268,0.7670000195503235,0.7680000066757202,0.7690000534057617,0.7700000405311584,0.7710000276565552,0.7720000147819519,0.7730000615119934,0.7740000486373901,0.7750000357627869,0.7760000228881836,0.7770000100135803,0.7780000567436218,0.7790000438690186,0.7800000309944153,0.781000018119812,0.7820000648498535,0.7830000519752502,0.784000039100647,0.7850000262260437,0.7860000133514404,0.7870000600814819,0.7880000472068787,0.7890000343322754,0.7900000214576721,0.7910000085830688,0.7920000553131104,0.7930000424385071,0.7940000295639038,0.7950000166893005,0.796000063419342,0.7970000505447388,0.7980000376701355,0.7990000247955322,0.800000011920929,0.8010000586509705,0.8020000457763672,0.8030000329017639,0.8040000200271606,0.8050000667572021,0.8060000538825989,0.8070000410079956,0.8080000281333923,0.8090000152587891,0.8100000619888306,0.8110000491142273,0.812000036239624,0.8130000233650208,0.8140000104904175,0.815000057220459,0.8160000443458557,0.8170000314712524,0.8180000185966492,0.8190000653266907,0.8200000524520874,0.8210000395774841,0.8220000267028809,0.8230000138282776,0.8240000605583191,0.8250000476837158,0.8260000348091125,0.8270000219345093,0.8280000686645508,0.8290000557899475,0.8300000429153442,0.831000030040741,0.8320000171661377,0.8330000638961792,0.8340000510215759,0.8350000381469727,0.8360000252723694,0.8370000123977661,0.8380000591278076,0.8390000462532043,0.8400000333786011,0.8410000205039978,0.8420000672340393,0.843000054359436,0.8440000414848328,0.8450000286102295,0.8460000157356262,0.8470000624656677,0.8480000495910645,0.8490000367164612,0.8500000238418579,0.8510000109672546,0.8520000576972961,0.8530000448226929,0.8540000319480896,0.8550000190734863,0.8560000658035278,0.8570000529289246,0.8580000400543213,0.859000027179718,0.8600000143051147,0.8610000610351563,0.862000048160553,0.8630000352859497,0.8640000224113464,0.8650000691413879,0.8660000562667847,0.8670000433921814,0.8680000305175781,0.8690000176429749,0.8700000643730164,0.8710000514984131,0.8720000386238098,0.8730000257492065,0.8740000128746033,0.8750000596046448,0.8760000467300415,0.8770000338554382,0.878000020980835,0.8790000677108765,0.8800000548362732,0.8810000419616699,0.8820000290870667],"type":"arraytest"}}
1767671103[Client 1] {"common":{"content":"zxcvasdf","type":"login"}}
1767671157[Client 1] {"common":{"content":"zxcvasdf","type":"login"}}
1767671159[Client 1] {"common":{"content":[0.0010000000474974513,0.0020000000949949026,0.003000000026077032,0.004000000189989805,0.005000000353902578,0.006000000052154064,0.007000000216066837,0.00800000037997961,0.009000000543892384,0.010000000707805157,0.01100000087171793,0.012000000104308128,0.013000000268220901,0.014000000432133675,0.015000000596046448,0.01600000075995922,0.017000000923871994,0.018000001087784767,0.01900000125169754,0.020000001415610313,0.021000001579523087,0.02200000174343586,0.023000001907348633,0.024000000208616257,0.02500000037252903,0.026000000536441803,0.027000000700354576,0.02800000086426735,0.029000001028180122,0.030000001192092896,0.03100000135600567,0.03200000151991844,0.032999999821186066,0.03400000184774399,0.03500000014901161,0.036000002175569534,0.03700000047683716,0.03800000250339508,0.039000000804662704,0.04000000283122063,0.04100000113248825,0.04200000315904617,0.0430000014603138,0.04400000348687172,0.04500000178813934,0.046000003814697266,0.04700000211596489,0.04800000041723251,0.049000002443790436,0.05000000074505806,0.05100000277161598,0.052000001072883606,0.05300000309944153,0.05400000140070915,0.055000003427267075,0.0560000017285347,0.05700000375509262,0.058000002056360245,0.05900000408291817,0.06000000238418579,0.06100000441074371,0.06200000271201134,0.06300000101327896,0.06400000303983688,0.0650000050663948,0.06599999964237213,0.06700000166893005,0.06800000369548798,0.0690000057220459,0.07000000029802322,0.07100000232458115,0.07200000435113907,0.07300000637769699,0.07400000095367432,0.07500000298023224,0.07600000500679016,0.07700000703334808,0.07800000160932541,0.07900000363588333,0.08000000566244125,0.08100000023841858,0.0820000022649765,0.08300000429153442,0.08400000631809235,0.08500000089406967,0.0860000029206276,0.08700000494718552,0.08800000697374344,0.08900000154972076,0.09000000357627869,0.09100000560283661,0.09200000762939453,0.09300000220537186,0.09400000423192978,0.0950000062584877,0.09600000083446503,0.09700000286102295,0.09800000488758087,0.0990000069141388,0.10000000149011612,0.10100000351667404,0.10200000554323196,0.10300000756978989,0.10400000214576721,0.10500000417232513,0.10600000619888306,0.10700000822544098,0.1080000028014183,0.10900000482797623,0.11000000685453415,0.11100000888109207,0.1120000034570694,0.11300000548362732,0.11400000751018524,0.11500000208616257,0.11600000411272049,0.11700000613927841,0.11800000816583633,0.11900000274181366,0.12000000476837158,0.1210000067949295,0.12200000882148743,0.12300000339746475,0.12400000542402267,0.125,0.12600000202655792,0.12700000405311584,0.12800000607967377,0.1290000081062317,0.1300000101327896,0.13100001215934753,0.13199999928474426,0.13300000131130219,0.1340000033378601,0.13500000536441803,0.13600000739097595,0.13700000941753387,0.1380000114440918,0.13900001347064972,0.14000000059604645,0.14100000262260437,0.1420000046491623,0.14300000667572021,0.14400000870227814,0.14500001072883606,0.14600001275539398,0.1469999998807907,0.14800000190734863,0.14900000393390656,0.15000000596046448,0.1510000079870224,0.15200001001358032,0.15300001204013824,0.15400001406669617,0.1550000011920929,0.15600000321865082,0.15700000524520874,0.15800000727176666,0.15900000929832458,0.1600000113248825,0.16100001335144043,0.16200000047683716,0.16300000250339508,0.164000004529953,0.16500000655651093,0.16600000858306885,0.16700001060962677,0.1680000126361847,0.16900001466274261,0.17000000178813934,0.17100000381469727,0.1720000058412552,0.1730000078678131,0.17400000989437103,0.17500001192092896,0.17600001394748688,0.1770000010728836,0.17800000309944153,0.17900000512599945,0.18000000715255737,0.1810000091791153,0.18200001120567322,0.18300001323223114,0.18400001525878906,0.1850000023841858,0.1860000044107437,0.18700000643730164,0.18800000846385956,0.18900001049041748,0.1900000125169754,0.19100001454353333,0.19200000166893005,0.19300000369548798,0.1940000057220459,0.19500000774860382,0.19600000977516174,0.19700001180171967,0.1980000138282776,0.1990000158548355,0.20000000298023224,0.20100000500679016,0.20200000703334808,0.203000009059906,0.20400001108646393,0.20500001311302185,0.20600001513957977,0.2070000171661377,0.20800000429153442,0.20900000631809235,0.21000000834465027,0.2110000103712082,0.2120000123977661,0.21300001442432404,0.21400001645088196,0.2150000035762787,0.2160000056028366,0.21700000762939453,0.21800000965595245,0.21900001168251038,0.2200000137090683,0.22100001573562622,0.22200001776218414,0.22300000488758087,0.2240000069141388,0.22500000894069672,0.22600001096725464,0.22700001299381256,0.22800001502037048,0.2290000170469284,0.23000000417232513,0.23100000619888306,0.23200000822544098,0.2330000102519989,0.23400001227855682,0.23500001430511475,0.23600001633167267,0.2370000183582306,0.23800000548362732,0.23900000751018524,0.24000000953674316,0.2410000115633011,0.242000013589859,0.24300001561641693,0.24400001764297485,0.24500000476837158,0.2460000067949295,0.24700000882148743,0.24800001084804535,0.24900001287460327,0.25,0.2510000169277191,0.25200000405311584,0.25300002098083496,0.2540000081062317,0.2550000250339508,0.25600001215934753,0.25699999928474426,0.2580000162124634,0.2590000033378601,0.2600000202655792,0.26100000739097595,0.26200002431869507,0.2630000114440918,0.2639999985694885,0.26500001549720764,0.26600000262260437,0.2670000195503235,0.2680000066757202,0.26900002360343933,0.27000001072883606,0.2710000276565552,0.2720000147819519,0.27300000190734863,0.27400001883506775,0.2750000059604645,0.2760000228881836,0.2770000100135803,0.27800002694129944,0.27900001406669617,0.2800000011920929,0.281000018119812,0.28200000524520874,0.28300002217292786,0.2840000092983246,0.2850000262260437,0.28600001335144043,0.28700000047683716,0.2880000174045563,0.289000004529953,0.2900000214576721,0.29100000858306885,0.29200002551078796,0.2930000126361847,0.2939999997615814,0.29500001668930054,0.29600000381469727,0.2970000207424164,0.2980000078678131,0.2990000247955322,0.30000001192092896,0.30100002884864807,0.3020000159740448,0.30300000309944153,0.30400002002716064,0.3050000071525574,0.3060000240802765,0.3070000112056732,0.30800002813339233,0.30900001525878906,0.3100000023841858,0.3110000193119049,0.31200000643730164,0.31300002336502075,0.3140000104904175,0.3150000274181366,0.3160000145435333,0.31700000166893005,0.31800001859664917,0.3190000057220459,0.320000022649765,0.32100000977516174,0.32200002670288086,0.3230000138282776,0.3240000009536743,0.32500001788139343,0.32600000500679016,0.3270000219345093,0.328000009059906,0.3290000259876251,0.33000001311302185,0.33100003004074097,0.3320000171661377,0.3330000042915344,0.33400002121925354,0.33500000834465027,0.3360000252723694,0.3370000123977661,0.33800002932548523,0.33900001645088196,0.3400000035762787,0.3410000205039978,0.34200000762939453,0.34300002455711365,0.3440000116825104,0.3450000286102295,0.3460000157356262,0.34700000286102295,0.34800001978874207,0.3490000069141388,0.3500000238418579,0.35100001096725464,0.35200002789497375,0.3530000150203705,0.3540000021457672,0.35500001907348633,0.35600000619888306,0.3570000231266022,0.3580000102519989,0.359000027179718,0.36000001430511475,0.36100003123283386,0.3620000183582306,0.3630000054836273,0.36400002241134644,0.36500000953674316,0.3660000264644623,0.367000013589859,0.3680000305175781,0.36900001764297485,0.3700000047683716,0.3710000216960907,0.3720000088214874,0.37300002574920654,0.37400001287460327,0.3750000298023224,0.3760000169277191,0.37700000405311584,0.37800002098083496,0.3790000081062317,0.3800000250339508,0.38100001215934753,0.38200002908706665,0.3830000162124634,0.3840000033378601,0.3850000202655792,0.38600000739097595,0.38700002431869507,0.3880000114440918,0.3890000283718109,0.39000001549720764,0.39100003242492676,0.3920000195503235,0.3930000066757202,0.39400002360343933,0.39500001072883606,0.3960000276565552,0.3970000147819519,0.398000031709671,0.39900001883506775,0.4000000059604645,0.4010000228881836,0.4020000100135803,0.40300002694129944,0.40400001406669617,0.4050000309944153,0.406000018119812,0.40700000524520874,0.40800002217292786,0.4090000092983246,0.4100000262260437,0.41100001335144043,0.41200003027915955,0.4130000174045563,0.4140000343322754,0.4150000214576721,0.41600000858306885,0.41700002551078796,0.4180000126361847,0.4190000295639038,0.42000001668930054,0.42100003361701965,0.4220000207424164,0.4230000078678131,0.4240000247955322,0.42500001192092896,0.42600002884864807,0.4270000159740448,0.4280000329017639,0.42900002002716064,0.4300000071525574,0.4310000240802765,0.4320000112056732,0.43300002813339233,0.43400001525878906,0.4350000321865082,0.4360000193119049,0.43700000643730164,0.43800002336502075,0.4390000104904175,0.4400000274181366,0.4410000145435333,0.44200003147125244,0.44300001859664917,0.4440000355243683,0.445000022649765,0.44600000977516174,0.44700002670288086,0.4480000138282776,0.4490000307559967,0.45000001788139343,0.45100003480911255,0.4520000219345093,0.453000009059906,0.4540000259876251,0.45500001311302185,0.45600003004074097,0.4570000171661377,0.4580000340938568,0.45900002121925354,0.46000000834465027,0.4610000252723694,0.4620000123977661,0.46300002932548523,0.46400001645088196,0.4650000333786011,0.4660000205039978,0.46700000762939453,0.46800002455711365,0.4690000116825104,0.4700000286102295,0.4710000157356262,0.47200003266334534,0.47300001978874207,0.4740000367164612,0.4750000238418579,0.47600001096725464,0.47700002789497375,0.4780000150203705,0.4790000319480896,0.48000001907348633,0.48100003600120544,0.4820000231266022,0.4830000102519989,0.484000027179718,0.48500001430511475,0.48600003123283386,0.4870000183582306,0.4880000352859497,0.48900002241134644,0.49000000953674316,0.4910000264644623,0.492000013589859,0.4930000305175781,0.49400001764297485,0.49500003457069397,0.4960000216960907,0.4970000088214874,0.49800002574920654,0.49900001287460327,0.5,0.5010000467300415,0.5020000338554382,0.503000020980835,0.5040000081062317,0.5049999952316284,0.5060000419616699,0.5070000290870667,0.5080000162124634,0.5090000033378601,0.5100000500679016,0.5110000371932983,0.5120000243186951,0.5130000114440918,0.5139999985694885,0.51500004529953,0.5160000324249268,0.5170000195503235,0.5180000066757202,0.5190000534057617,0.5200000405311584,0.5210000276565552,0.5220000147819519,0.5230000019073486,0.5240000486373901,0.5250000357627869,0.5260000228881836,0.5270000100135803,0.527999997138977,0.5290000438690186,0.5300000309944153,0.531000018119812,0.5320000052452087,0.5330000519752502,0.534000039100647,0.5350000262260437,0.5360000133514404,0.5370000004768372,0.5380000472068787,0.5390000343322754,0.5400000214576721,0.5410000085830688,0.5420000553131104,0.5430000424385071,0.5440000295639038,0.5450000166893005,0.5460000038146973,0.5470000505447388,0.5480000376701355,0.5490000247955322,0.550000011920929,0.5509999990463257,0.5520000457763672,0.5530000329017639,0.5540000200271606,0.5550000071525574,0.5560000538825989,0.5570000410079956,0.5580000281333923,0.5590000152587891,0.5600000023841858,0.5610000491142273,0.562000036239624,0.5630000233650208,0.5640000104904175,0.5649999976158142,0.5660000443458557,0.5670000314712524,0.5680000185966492,0.5690000057220459,0.5700000524520874,0.5710000395774841,0.5720000267028809,0.5730000138282776,0.5740000009536743,0.5750000476837158,0.5760000348091125,0.5770000219345093,0.578000009059906,0.5790000557899475,0.5800000429153442,0.581000030040741,0.5820000171661377,0.5830000042915344,0.5840000510215759,0.5850000381469727,0.5860000252723694,0.5870000123977661,0.5879999995231628,0.5890000462532043,0.5900000333786011,0.5910000205039978,0.5920000076293945,0.593000054359436,0.5940000414848328,0.5950000286102295,0.5960000157356262,0.597000002861023,0.5980000495910645,0.5990000367164612,0.6000000238418579,0.6010000109672546,0.6020000576972961,0.6030000448226929,0.6040000319480896,0.6050000190734863,0.6060000061988831,0.6070000529289246,0.6080000400543213,0.609000027179718,0.6100000143051147,0.6110000014305115,0.612000048160553,0.6130000352859497,0.6140000224113464,0.6150000095367432,0.6160000562667847,0.6170000433921814,0.6180000305175781,0.6190000176429749,0.6200000047683716,0.6210000514984131,0.6220000386238098,0.6230000257492065,0.6240000128746033,0.625,0.6260000467300415,0.6270000338554382,0.628000020980835,0.6290000081062317,0.6300000548362732,0.6310000419616699,0.6320000290870667,0.6330000162124634,0.6340000033378601,0.6350000500679016,0.6360000371932983,0.6370000243186951,0.6380000114440918,0.6390000581741333,0.64000004529953,0.6410000324249268,0.6420000195503235,0.6430000066757202,0.6440000534057617,0.6450000405311584,0.6460000276565552,0.6470000147819519,0.6480000019073486,0.6490000486373901,0.6500000357627869,0.6510000228881836,0.6520000100135803,0.6530000567436218,0.6540000438690186,0.6550000309944153,0.656000018119812,0.6570000052452087,0.6580000519752502,0.659000039100647,0.6600000262260437,0.6610000133514404,0.6620000600814819,0.6630000472068787,0.6640000343322754,0.6650000214576721,0.6660000085830688,0.6670000553131104,0.6680000424385071,0.6690000295639038,0.6700000166893005,0.6710000038146973,0.6720000505447388,0.6730000376701355,0.6740000247955322,0.675000011920929,0.6760000586509705,0.6770000457763672,0.6780000329017639,0.6790000200271606,0.6800000071525574,0.6810000538825989,0.6820000410079956,0.6830000281333923,0.6840000152587891,0.6850000619888306,0.6860000491142273,0.687000036239624,0.6880000233650208,0.6890000104904175,0.690000057220459,0.6910000443458557,0.6920000314712524,0.6930000185966492,0.6940000057220459,0.6950000524520874,0.6960000395774841,0.6970000267028809,0.6980000138282776,0.6990000605583191,0.7000000476837158,0.7010000348091125,0.7020000219345093,0.703000009059906,0.7040000557899475,0.7050000429153442,0.706000030040741,0.7070000171661377,0.7080000042915344,0.7090000510215759,0.7100000381469727,0.7110000252723694,0.7120000123977661,0.7130000591278076,0.7140000462532043,0.7150000333786011,0.7160000205039978,0.7170000076293945,0.718000054359436,0.7190000414848328,0.7200000286102295,0.7210000157356262,0.7220000624656677,0.7230000495910645,0.7240000367164612,0.7250000238418579,0.7260000109672546,0.7270000576972961,0.7280000448226929,0.7290000319480896,0.7300000190734863,0.7310000061988831,0.7320000529289246,0.7330000400543213,0.734000027179718,0.7350000143051147,0.7360000610351563,0.737000048160553,0.7380000352859497,0.7390000224113464,0.7400000095367432,0.7410000562667847,0.7420000433921814,0.7430000305175781,0.7440000176429749,0.7450000643730164,0.7460000514984131,0.7470000386238098,0.7480000257492065,0.7490000128746033,0.7500000596046448,0.7510000467300415,0.7520000338554382,0.753000020980835,0.7540000081062317,0.7550000548362732,0.7560000419616699,0.7570000290870667,0.7580000162124634,0.7590000629425049,0.7600000500679016,0.7610000371932983,0.7620000243186951,0.7630000114440918,0.7640000581741333,0.76500004529953,0.7660000324249268,0.7670000195503235,0.7680000066757202,0.7690000534057617,0.7700000405311584,0.7710000276565552,0.7720000147819519,0.7730000615119934,0.7740000486373901,0.7750000357627869,0.7760000228881836,0.7770000100135803,0.7780000567436218,0.7790000438690186,0.7800000309944153,0.781000018119812,0.7820000648498535,0.7830000519752502,0.784000039100647,0.7850000262260437,0.7860000133514404,0.7870000600814819,0.7880000472068787,0.7890000343322754,0.7900000214576721,0.7910000085830688,0.7920000553131104,0.7930000424385071,0.7940000295639038,0.7950000166893005,0.796000063419342,0.7970000505447388,0.7980000376701355,0.7990000247955322,0.800000011920929,0.8010000586509705,0.8020000457763672,0.8030000329017639,0.8040000200271606,0.8050000667572021,0.8060000538825989,0.8070000410079956,0.8080000281333923,0.8090000152587891,0.8100000619888306,0.8110000491142273,0.812000036239624,0.8130000233650208,0.8140000104904175,0.815000057220459,0.8160000443458557,0.8170000314712524,0.8180000185966492,0.8190000653266907,0.8200000524520874,0.8210000395774841,0.8220000267028809,0.8230000138282776,0.8240000605583191,0.8250000476837158,0.8260000348091125,0.8270000219345093,0.8280000686645508,0.8290000557899475,0.8300000429153442,0.831000030040741,0.8320000171661377,0.8330000638961792,0.8340000510215759,0.8350000381469727,0.8360000252723694,0.8370000123977661,0.8380000591278076,0.8390000462532043,0.8400000333786011,0.8410000205039978,0.8420000672340393,0.843000054359436,0.8440000414848328,0.8450000286102295,0.8460000157356262,0.8470000624656677,0.8480000495910645,0.8490000367164612,0.8500000238418579,0.8510000109672546,0.8520000576972961,0.8530000448226929,0.8540000319480896,0.8550000190734863,0.8560000658035278,0.8570000529289246,0.8580000400543213,0.859000027179718,0.8600000143051147,0.8610000610351563,0.862000048160553,0.8630000352859497,0.8640000224113464,0.8650000691413879,0.8660000562667847,0.8670000433921814,0.8680000305175781,0.8690000176429749,0.8700000643730164,0.8710000514984131,0.8720000386238098,0.8730000257492065,0.8740000128746033,0.8750000596046448,0.8760000467300415,0.8770000338554382,0.878000020980835,0.8790000677108765,0.8800000548362732,0.8810000419616699,0.8820000290870667],"type":"arraytest"}}
1767671176[Client 1] {"common":{"content":"zxcvasd","type":"login"}}
1767671177[Client 1] {"common":{"content":[0.0010000000474974513,0.0020000000949949026,0.003000000026077032,0.004000000189989805,0.005000000353902578,0.006000000052154064,0.007000000216066837,0.00800000037997961,0.009000000543892384,0.010000000707805157,0.01100000087171793,0.012000000104308128,0.013000000268220901,0.014000000432133675,0.015000000596046448,0.01600000075995922,0.017000000923871994,0.018000001087784767,0.01900000125169754,0.020000001415610313,0.021000001579523087,0.02200000174343586,0.023000001907348633,0.024000000208616257,0.02500000037252903,0.026000000536441803,0.027000000700354576,0.02800000086426735,0.029000001028180122,0.030000001192092896,0.03100000135600567,0.03200000151991844,0.032999999821186066,0.03400000184774399,0.03500000014901161,0.036000002175569534,0.03700000047683716,0.03800000250339508,0.039000000804662704,0.04000000283122063,0.04100000113248825,0.04200000315904617,0.0430000014603138,0.04400000348687172,0.04500000178813934,0.046000003814697266,0.04700000211596489,0.04800000041723251,0.049000002443790436,0.05000000074505806,0.05100000277161598,0.052000001072883606,0.05300000309944153,0.05400000140070915,0.055000003427267075,0.0560000017285347,0.05700000375509262,0.058000002056360245,0.05900000408291817,0.06000000238418579,0.06100000441074371,0.06200000271201134,0.06300000101327896,0.06400000303983688,0.0650000050663948,0.06599999964237213,0.06700000166893005,0.06800000369548798,0.0690000057220459,0.07000000029802322,0.07100000232458115,0.07200000435113907,0.07300000637769699,0.07400000095367432,0.07500000298023224,0.07600000500679016,0.07700000703334808,0.07800000160932541,0.07900000363588333,0.08000000566244125,0.08100000023841858,0.0820000022649765,0.08300000429153442,0.08400000631809235,0.08500000089406967,0.0860000029206276,0.08700000494718552,0.08800000697374344,0.08900000154972076,0.09000000357627869,0.09100000560283661,0.09200000762939453,0.09300000220537186,0.09400000423192978,0.0950000062584877,0.09600000083446503,0.09700000286102295,0.09800000488758087,0.0990000069141388,0.10000000149011612,0.10100000351667404,0.10200000554323196,0.10300000756978989,0.10400000214576721,0.10500000417232513,0.10600000619888306,0.10700000822544098,0.1080000028014183,0.10900000482797623,0.11000000685453415,0.11100000888109207,0.1120000034570694,0.11300000548362732,0.11400000751018524,0.11500000208616257,0.11600000411272049,0.11700000613927841,0.11800000816583633,0.11900000274181366,0.12000000476837158,0.1210000067949295,0.12200000882148743,0.12300000339746475,0.12400000542402267,0.125,0.12600000202655792,0.12700000405311584,0.12800000607967377,0.1290000081062317,0.1300000101327896,0.13100001215934753,0.13199999928474426,0.13300000131130219,0.1340000033378601,0.13500000536441803,0.13600000739097595,0.13700000941753387,0.1380000114440918,0.13900001347064972,0.14000000059604645,0.14100000262260437,0.1420000046491623,0.14300000667572021,0.14400000870227814,0.14500001072883606,0.14600001275539398,0.1469999998807907,0.14800000190734863,0.14900000393390656,0.15000000596046448,0.1510000079870224,0.15200001001358032,0.15300001204013824,0.15400001406669617,0.1550000011920929,0.15600000321865082,0.15700000524520874,0.15800000727176666,0.15900000929832458,0.1600000113248825,0.16100001335144043,0.16200000047683716,0.16300000250339508,0.164000004529953,0.16500000655651093,0.16600000858306885,0.16700001060962677,0.1680000126361847,0.16900001466274261,0.17000000178813934,0.17100000381469727,0.1720000058412552,0.1730000078678131,0.17400000989437103,0.17500001192092896,0.17600001394748688,0.1770000010728836,0.17800000309944153,0.17900000512599945,0.18000000715255737,0.1810000091791153,0.18200001120567322,0.18300001323223114,0.18400001525878906,0.1850000023841858,0.1860000044107437,0.18700000643730164,0.18800000846385956,0.18900001049041748,0.1900000125169754,0.19100001454353333,0.19200000166893005,0.19300000369548798,0.1940000057220459,0.19500000774860382,0.19600000977516174,0.19700001180171967,0.1980000138282776,0.1990000158548355,0.20000000298023224,0.20100000500679016,0.20200000703334808,0.203000009059906,0.20400001108646393,0.20500001311302185,0.20600001513957977,0.2070000171661377,0.20800000429153442,0.20900000631809235,0.21000000834465027,0.2110000103712082,0.2120000123977661,0.21300001442432404,0.21400001645088196,0.2150000035762787,0.2160000056028366,0.21700000762939453,0.21800000965595245,0.21900001168251038,0.2200000137090683,0.22100001573562622,0.22200001776218414,0.22300000488758087,0.2240000069141388,0.22500000894069672,0.22600001096725464,0.22700001299381256,0.22800001502037048,0.2290000170469284,0.23000000417232513,0.23100000619888306,0.23200000822544098,0.2330000102519989,0.23400001227855682,0.23500001430511475,0.23600001633167267,0.2370000183582306,0.23800000548362732,0.23900000751018524,0.24000000953674316,0.2410000115633011,0.242000013589859,0.24300001561641693,0.24400001764297485,0.24500000476837158,0.2460000067949295,0.24700000882148743,0.24800001084804535,0.24900001287460327,0.25,0.2510000169277191,0.25200000405311584,0.25300002098083496,0.2540000081062317,0.2550000250339508,0.25600001215934753,0.25699999928474426,0.2580000162124634,0.2590000033378601,0.2600000202655792,0.26100000739097595,0.26200002431869507,0.2630000114440918,0.2639999985694885,0.26500001549720764,0.26600000262260437,0.2670000195503235,0.2680000066757202,0.26900002360343933,0.27000001072883606,0.2710000276565552,0.2720000147819519,0.27300000190734863,0.27400001883506775,0.2750000059604645,0.2760000228881836,0.2770000100135803,0.27800002694129944,0.27900001406669617,0.2800000011920929,0.281000018119812,0.28200000524520874,0.28300002217292786,0.2840000092983246,0.2850000262260437,0.28600001335144043,0.28700000047683716,0.2880000174045563,0.289000004529953,0.2900000214576721,0.29100000858306885,0.29200002551078796,0.2930000126361847,0.2939999997615814,0.29500001668930054,0.29600000381469727,0.2970000207424164,0.2980000078678131,0.2990000247955322,0.30000001192092896,0.30100002884864807,0.3020000159740448,0.30300000309944153,0.30400002002716064,0.3050000071525574,0.3060000240802765,0.3070000112056732,0.30800002813339233,0.30900001525878906,0.3100000023841858,0.3110000193119049,0.31200000643730164,0.31300002336502075,0.3140000104904175,0.3150000274181366,0.3160000145435333,0.31700000166893005,0.31800001859664917,0.3190000057220459,0.320000022649765,0.32100000977516174,0.32200002670288086,0.3230000138282776,0.3240000009536743,0.32500001788139343,0.32600000500679016,0.3270000219345093,0.328000009059906,0.3290000259876251,0.33000001311302185,0.33100003004074097,0.3320000171661377,0.3330000042915344,0.33400002121925354,0.33500000834465027,0.3360000252723694,0.3370000123977661,0.33800002932548523,0.33900001645088196,0.3400000035762787,0.3410000205039978,0.34200000762939453,0.34300002455711365,0.3440000116825104,0.3450000286102295,0.3460000157356262,0.34700000286102295,0.34800001978874207,0.3490000069141388,0.3500000238418579,0.35100001096725464,0.35200002789497375,0.3530000150203705,0.3540000021457672,0.35500001907348633,0.35600000619888306,0.3570000231266022,0.3580000102519989,0.359000027179718,0.36000001430511475,0.36100003123283386,0.3620000183582306,0.3630000054836273,0.36400002241134644,0.36500000953674316,0.3660000264644623,0.367000013589859,0.3680000305175781,0.36900001764297485,0.3700000047683716,0.3710000216960907,0.3720000088214874,0.37300002574920654,0.37400001287460327,0.3750000298023224,0.3760000169277191,0.37700000405311584,0.37800002098083496,0.3790000081062317,0.3800000250339508,0.38100001215934753,0.38200002908706665,0.3830000162124634,0.3840000033378601,0.3850000202655792,0.38600000739097595,0.38700002431869507,0.3880000114440918,0.3890000283718109,0.39000001549720764,0.39100003242492676,0.3920000195503235,0.3930000066757202,0.39400002360343933,0.39500001072883606,0.3960000276565552,0.3970000147819519,0.398000031709671,0.39900001883506775,0.4000000059604645,0.4010000228881836,0.4020000100135803,0.40300002694129944,0.40400001406669617,0.4050000309944153,0.406000018119812,0.40700000524520874,0.40800002217292786,0.4090000092983246,0.4100000262260437,0.41100001335144043,0.41200003027915955,0.4130000174045563,0.4140000343322754,0.4150000214576721,0.41600000858306885,0.41700002551078796,0.4180000126361847,0.4190000295639038,0.42000001668930054,0.42100003361701965,0.4220000207424164,0.4230000078678131,0.4240000247955322,0.42500001192092896,0.42600002884864807,0.4270000159740448,0.4280000329017639,0.42900002002716064,0.4300000071525574,0.4310000240802765,0.4320000112056732,0.43300002813339233,0.43400001525878906,0.4350000321865082,0.4360000193119049,0.43700000643730164,0.43800002336502075,0.4390000104904175,0.4400000274181366,0.4410000145435333,0.44200003147125244,0.44300001859664917,0.4440000355243683,0.445000022649765,0.44600000977516174,0.44700002670288086,0.4480000138282776,0.4490000307559967,0.45000001788139343,0.45100003480911255,0.4520000219345093,0.453000009059906,0.4540000259876251,0.45500001311302185,0.45600003004074097,0.4570000171661377,0.4580000340938568,0.45900002121925354,0.46000000834465027,0.4610000252723694,0.4620000123977661,0.46300002932548523,0.46400001645088196,0.4650000333786011,0.4660000205039978,0.46700000762939453,0.46800002455711365,0.4690000116825104,0.4700000286102295,0.4710000157356262,0.47200003266334534,0.47300001978874207,0.4740000367164612,0.4750000238418579,0.47600001096725464,0.47700002789497375,0.4780000150203705,0.4790000319480896,0.48000001907348633,0.48100003600120544,0.4820000231266022,0.4830000102519989,0.484000027179718,0.48500001430511475,0.48600003123283386,0.4870000183582306,0.4880000352859497,0.48900002241134644,0.49000000953674316,0.4910000264644623,0.492000013589859,0.4930000305175781,0.49400001764297485,0.49500003457069397,0.4960000216960907,0.4970000088214874,0.49800002574920654,0.49900001287460327,0.5,0.5010000467300415,0.5020000338554382,0.503000020980835,0.5040000081062317,0.5049999952316284,0.5060000419616699,0.5070000290870667,0.5080000162124634,0.5090000033378601,0.5100000500679016,0.5110000371932983,0.5120000243186951,0.5130000114440918,0.5139999985694885,0.51500004529953,0.5160000324249268,0.5170000195503235,0.5180000066757202,0.5190000534057617,0.5200000405311584,0.5210000276565552,0.5220000147819519,0.5230000019073486,0.5240000486373901,0.5250000357627869,0.5260000228881836,0.5270000100135803,0.527999997138977,0.5290000438690186,0.5300000309944153,0.531000018119812,0.5320000052452087,0.5330000519752502,0.534000039100647,0.5350000262260437,0.5360000133514404,0.5370000004768372,0.5380000472068787,0.5390000343322754,0.5400000214576721,0.5410000085830688,0.5420000553131104,0.5430000424385071,0.5440000295639038,0.5450000166893005,0.5460000038146973,0.5470000505447388,0.5480000376701355,0.5490000247955322,0.550000011920929,0.5509999990463257,0.5520000457763672,0.5530000329017639,0.5540000200271606,0.5550000071525574,0.5560000538825989,0.5570000410079956,0.5580000281333923,0.5590000152587891,0.5600000023841858,0.5610000491142273,0.562000036239624,0.5630000233650208,0.5640000104904175,0.5649999976158142,0.5660000443458557,0.5670000314712524,0.5680000185966492,0.5690000057220459,0.5700000524520874,0.5710000395774841,0.5720000267028809,0.5730000138282776,0.5740000009536743,0.5750000476837158,0.5760000348091125,0.5770000219345093,0.578000009059906,0.5790000557899475,0.5800000429153442,0.581000030040741,0.5820000171661377,0.5830000042915344,0.5840000510215759,0.5850000381469727,0.5860000252723694,0.5870000123977661,0.5879999995231628,0.5890000462532043,0.5900000333786011,0.5910000205039978,0.5920000076293945,0.593000054359436,0.5940000414848328,0.5950000286102295,0.5960000157356262,0.597000002861023,0.5980000495910645,0.5990000367164612,0.6000000238418579,0.6010000109672546,0.6020000576972961,0.6030000448226929,0.6040000319480896,0.6050000190734863,0.6060000061988831,0.6070000529289246,0.6080000400543213,0.609000027179718,0.6100000143051147,0.6110000014305115,0.612000048160553,0.6130000352859497,0.6140000224113464,0.6150000095367432,0.6160000562667847,0.6170000433921814,0.6180000305175781,0.6190000176429749,0.6200000047683716,0.6210000514984131,0.6220000386238098,0.6230000257492065,0.6240000128746033,0.625,0.6260000467300415,0.6270000338554382,0.628000020980835,0.6290000081062317,0.6300000548362732,0.6310000419616699,0.6320000290870667,0.6330000162124634,0.6340000033378601,0.6350000500679016,0.6360000371932983,0.6370000243186951,0.6380000114440918,0.6390000581741333,0.64000004529953,0.6410000324249268,0.6420000195503235,0.6430000066757202,0.6440000534057617,0.6450000405311584,0.6460000276565552,0.6470000147819519,0.6480000019073486,0.6490000486373901,0.6500000357627869,0.6510000228881836,0.6520000100135803,0.6530000567436218,0.6540000438690186,0.6550000309944153,0.656000018119812,0.6570000052452087,0.6580000519752502,0.659000039100647,0.6600000262260437,0.6610000133514404,0.6620000600814819,0.6630000472068787,0.6640000343322754,0.6650000214576721,0.6660000085830688,0.6670000553131104,0.6680000424385071,0.6690000295639038,0.6700000166893005,0.6710000038146973,0.6720000505447388,0.6730000376701355,0.6740000247955322,0.675000011920929,0.6760000586509705,0.6770000457763672,0.6780000329017639,0.6790000200271606,0.6800000071525574,0.6810000538825989,0.6820000410079956,0.6830000281333923,0.6840000152587891,0.6850000619888306,0.6860000491142273,0.687000036239624,0.6880000233650208,0.6890000104904175,0.690000057220459,0.6910000443458557,0.6920000314712524,0.6930000185966492,0.6940000057220459,0.6950000524520874,0.6960000395774841,0.6970000267028809,0.6980000138282776,0.6990000605583191,0.7000000476837158,0.7010000348091125,0.7020000219345093,0.703000009059906,0.7040000557899475,0.7050000429153442,0.706000030040741,0.7070000171661377,0.7080000042915344,0.7090000510215759,0.7100000381469727,0.7110000252723694,0.7120000123977661,0.7130000591278076,0.7140000462532043,0.7150000333786011,0.7160000205039978,0.7170000076293945,0.718000054359436,0.7190000414848328,0.7200000286102295,0.7210000157356262,0.7220000624656677,0.7230000495910645,0.7240000367164612,0.7250000238418579,0.7260000109672546,0.7270000576972961,0.7280000448226929,0.7290000319480896,0.7300000190734863,0.7310000061988831,0.7320000529289246,0.7330000400543213,0.734000027179718,0.7350000143051147,0.7360000610351563,0.737000048160553,0.7380000352859497,0.7390000224113464,0.7400000095367432,0.7410000562667847,0.7420000433921814,0.7430000305175781,0.7440000176429749,0.7450000643730164,0.7460000514984131,0.7470000386238098,0.7480000257492065,0.7490000128746033,0.7500000596046448,0.7510000467300415,0.7520000338554382,0.753000020980835,0.7540000081062317,0.7550000548362732,0.7560000419616699,0.7570000290870667,0.7580000162124634,0.7590000629425049,0.7600000500679016,0.7610000371932983,0.7620000243186951,0.7630000114440918,0.7640000581741333,0.76500004529953,0.7660000324249268,0.7670000195503235,0.7680000066757202,0.7690000534057617,0.7700000405311584,0.7710000276565552,0.7720000147819519,0.7730000615119934,0.7740000486373901,0.7750000357627869,0.7760000228881836,0.7770000100135803,0.7780000567436218,0.7790000438690186,0.7800000309944153,0.781000018119812,0.7820000648498535,0.7830000519752502,0.784000039100647,0.7850000262260437,0.7860000133514404,0.7870000600814819,0.7880000472068787,0.7890000343322754,0.7900000214576721,0.7910000085830688,0.7920000553131104,0.7930000424385071,0.7940000295639038,0.7950000166893005,0.796000063419342,0.7970000505447388,0.7980000376701355,0.7990000247955322,0.800000011920929,0.8010000586509705,0.8020000457763672,0.8030000329017639,0.8040000200271606,0.8050000667572021,0.8060000538825989,0.8070000410079956,0.8080000281333923,0.8090000152587891,0.8100000619888306,0.8110000491142273,0.812000036239624,0.8130000233650208,0.8140000104904175,0.815000057220459,0.8160000443458557,0.8170000314712524,0.8180000185966492,0.8190000653266907,0.8200000524520874,0.8210000395774841,0.8220000267028809,0.8230000138282776,0.8240000605583191,0.8250000476837158,0.8260000348091125,0.8270000219345093,0.8280000686645508,0.8290000557899475,0.8300000429153442,0.831000030040741,0.8320000171661377,0.8330000638961792,0.8340000510215759,0.8350000381469727,0.8360000252723694,0.8370000123977661,0.8380000591278076,0.8390000462532043,0.8400000333786011,0.8410000205039978,0.8420000672340393,0.843000054359436,0.8440000414848328,0.8450000286102295,0.8460000157356262,0.8470000624656677,0.8480000495910645,0.8490000367164612,0.8500000238418579,0.8510000109672546,0.8520000576972961,0.8530000448226929,0.8540000319480896,0.8550000190734863,0.8560000658035278,0.8570000529289246,0.8580000400543213,0.859000027179718,0.8600000143051147,0.8610000610351563,0.862000048160553,0.8630000352859497,0.8640000224113464,0.8650000691413879,0.8660000562667847,0.8670000433921814,0.8680000305175781,0.8690000176429749,0.8700000643730164,0.8710000514984131,0.8720000386238098,0.8730000257492065,0.8740000128746033,0.8750000596046448,0.8760000467300415,0.8770000338554382,0.878000020980835,0.8790000677108765,0.8800000548362732,0.8810000419616699,0.8820000290870667],"type":"arraytest"}}
1767671574[Client 1] {"common":{"content":"zxcvsadf","type":"login"}}
1767671576[Client 1] {"common":{"content":[0.0010000000474974513,0.0020000000949949026,0.003000000026077032,0.004000000189989805,0.005000000353902578,0.006000000052154064,0.007000000216066837,0.00800000037997961,0.009000000543892384,0.010000000707805157,0.01100000087171793,0.012000000104308128,0.013000000268220901,0.014000000432133675,0.015000000596046448,0.01600000075995922,0.017000000923871994,0.018000001087784767,0.01900000125169754,0.020000001415610313,0.021000001579523087,0.02200000174343586,0.023000001907348633,0.024000000208616257,0.02500000037252903,0.026000000536441803,0.027000000700354576,0.02800000086426735,0.029000001028180122,0.030000001192092896,0.03100000135600567,0.03200000151991844,0.032999999821186066,0.03400000184774399,0.03500000014901161,0.036000002175569534,0.03700000047683716,0.03800000250339508,0.039000000804662704,0.04000000283122063,0.04100000113248825,0.04200000315904617,0.0430000014603138,0.04400000348687172,0.04500000178813934,0.046000003814697266,0.04700000211596489,0.04800000041723251,0.049000002443790436,0.05000000074505806,0.05100000277161598,0.052000001072883606,0.05300000309944153,0.05400000140070915,0.055000003427267075,0.0560000017285347,0.05700000375509262,0.058000002056360245,0.05900000408291817,0.06000000238418579,0.06100000441074371,0.06200000271201134,0.06300000101327896,0.06400000303983688,0.0650000050663948,0.06599999964237213,0.06700000166893005,0.06800000369548798,0.0690000057220459,0.07000000029802322,0.07100000232458115,0.07200000435113907,0.07300000637769699,0.07400000095367432,0.07500000298023224,0.07600000500679016,0.07700000703334808,0.07800000160932541,0.07900000363588333,0.08000000566244125,0.08100000023841858,0.0820000022649765,0.08300000429153442,0.08400000631809235,0.08500000089406967,0.0860000029206276,0.08700000494718552,0.08800000697374344,0.08900000154972076,0.09000000357627869,0.09100000560283661,0.09200000762939453,0.09300000220537186,0.09400000423192978,0.0950000062584877,0.09600000083446503,0.09700000286102295,0.09800000488758087,0.0990000069141388,0.10000000149011612,0.10100000351667404,0.10200000554323196,0.10300000756978989,0.10400000214576721,0.10500000417232513,0.10600000619888306,0.10700000822544098,0.1080000028014183,0.10900000482797623,0.11000000685453415,0.11100000888109207,0.1120000034570694,0.11300000548362732,0.11400000751018524,0.11500000208616257,0.11600000411272049,0.11700000613927841,0.11800000816583633,0.11900000274181366,0.12000000476837158,0.1210000067949295,0.12200000882148743,0.12300000339746475,0.12400000542402267,0.125,0.12600000202655792,0.12700000405311584,0.12800000607967377,0.1290000081062317,0.1300000101327896,0.13100001215934753,0.13199999928474426,0.13300000131130219,0.1340000033378601,0.13500000536441803,0.13600000739097595,0.13700000941753387,0.1380000114440918,0.13900001347064972,0.14000000059604645,0.14100000262260437,0.1420000046491623,0.14300000667572021,0.14400000870227814,0.14500001072883606,0.14600001275539398,0.1469999998807907,0.14800000190734863,0.14900000393390656,0.15000000596046448,0.1510000079870224,0.15200001001358032,0.15300001204013824,0.15400001406669617,0.1550000011920929,0.15600000321865082,0.15700000524520874,0.15800000727176666,0.15900000929832458,0.1600000113248825,0.16100001335144043,0.16200000047683716,0.16300000250339508,0.164000004529953,0.16500000655651093,0.16600000858306885,0.16700001060962677,0.1680000126361847,0.16900001466274261,0.17000000178813934,0.17100000381469727,0.1720000058412552,0.1730000078678131,0.17400000989437103,0.17500001192092896,0.17600001394748688,0.1770000010728836,0.17800000309944153,0.17900000512599945,0.18000000715255737,0.1810000091791153,0.18200001120567322,0.18300001323223114,0.18400001525878906,0.1850000023841858,0.1860000044107437,0.18700000643730164,0.18800000846385956,0.18900001049041748,0.1900000125169754,0.19100001454353333,0.19200000166893005,0.19300000369548798,0.1940000057220459,0.19500000774860382,0.19600000977516174,0.19700001180171967,0.1980000138282776,0.1990000158548355,0.20000000298023224,0.20100000500679016,0.20200000703334808,0.203000009059906,0.20400001108646393,0.20500001311302185,0.20600001513957977,0.2070000171661377,0.20800000429153442,0.20900000631809235,0.21000000834465027,0.2110000103712082,0.2120000123977661,0.21300001442432404,0.21400001645088196,0.2150000035762787,0.2160000056028366,0.21700000762939453,0.21800000965595245,0.21900001168251038,0.2200000137090683,0.22100001573562622,0.22200001776218414,0.22300000488758087,0.2240000069141388,0.22500000894069672,0.22600001096725464,0.22700001299381256,0.22800001502037048,0.2290000170469284,0.23000000417232513,0.23100000619888306,0.23200000822544098,0.2330000102519989,0.23400001227855682,0.23500001430511475,0.23600001633167267,0.2370000183582306,0.23800000548362732,0.23900000751018524,0.24000000953674316,0.2410000115633011,0.242000013589859,0.24300001561641693,0.24400001764297485,0.24500000476837158,0.2460000067949295,0.24700000882148743,0.24800001084804535,0.24900001287460327,0.25,0.2510000169277191,0.25200000405311584,0.25300002098083496,0.2540000081062317,0.2550000250339508,0.25600001215934753,0.25699999928474426,0.2580000162124634,0.2590000033378601,0.2600000202655792,0.26100000739097595,0.26200002431869507,0.2630000114440918,0.2639999985694885,0.26500001549720764,0.26600000262260437,0.2670000195503235,0.2680000066757202,0.26900002360343933,0.27000001072883606,0.2710000276565552,0.2720000147819519,0.27300000190734863,0.27400001883506775,0.2750000059604645,0.2760000228881836,0.2770000100135803,0.27800002694129944,0.27900001406669617,0.2800000011920929,0.281000018119812,0.28200000524520874,0.28300002217292786,0.2840000092983246,0.2850000262260437,0.28600001335144043,0.28700000047683716,0.2880000174045563,0.289000004529953,0.2900000214576721,0.29100000858306885,0.29200002551078796,0.2930000126361847,0.2939999997615814,0.29500001668930054,0.29600000381469727,0.2970000207424164,0.2980000078678131,0.2990000247955322,0.30000001192092896,0.30100002884864807,0.3020000159740448,0.30300000309944153,0.30400002002716064,0.3050000071525574,0.3060000240802765,0.3070000112056732,0.30800002813339233,0.30900001525878906,0.3100000023841858,0.3110000193119049,0.31200000643730164,0.31300002336502075,0.3140000104904175,0.3150000274181366,0.3160000145435333,0.31700000166893005,0.31800001859664917,0.3190000057220459,0.320000022649765,0.32100000977516174,0.32200002670288086,0.3230000138282776,0.3240000009536743,0.32500001788139343,0.32600000500679016,0.3270000219345093,0.328000009059906,0.3290000259876251,0.33000001311302185,0.33100003004074097,0.3320000171661377,0.3330000042915344,0.33400002121925354,0.33500000834465027,0.3360000252723694,0.3370000123977661,0.33800002932548523,0.33900001645088196,0.3400000035762787,0.3410000205039978,0.34200000762939453,0.34300002455711365,0.3440000116825104,0.3450000286102295,0.3460000157356262,0.34700000286102295,0.34800001978874207,0.3490000069141388,0.3500000238418579,0.35100001096725464,0.35200002789497375,0.3530000150203705,0.3540000021457672,0.35500001907348633,0.35600000619888306,0.3570000231266022,0.3580000102519989,0.359000027179718,0.36000001430511475,0.36100003123283386,0.3620000183582306,0.3630000054836273,0.36400002241134644,0.36500000953674316,0.3660000264644623,0.367000013589859,0.3680000305175781,0.36900001764297485,0.3700000047683716,0.3710000216960907,0.3720000088214874,0.37300002574920654,0.37400001287460327,0.3750000298023224,0.3760000169277191,0.37700000405311584,0.37800002098083496,0.3790000081062317,0.3800000250339508,0.38100001215934753,0.38200002908706665,0.3830000162124634,0.3840000033378601,0.3850000202655792,0.38600000739097595,0.38700002431869507,0.3880000114440918,0.3890000283718109,0.39000001549720764,0.39100003242492676,0.3920000195503235,0.3930000066757202,0.39400002360343933,0.39500001072883606,0.3960000276565552,0.3970000147819519,0.398000031709671,0.39900001883506775,0.4000000059604645,0.4010000228881836,0.4020000100135803,0.40300002694129944,0.40400001406669617,0.4050000309944153,0.406000018119812,0.40700000524520874,0.40800002217292786,0.4090000092983246,0.4100000262260437,0.41100001335144043,0.41200003027915955,0.4130000174045563,0.4140000343322754,0.4150000214576721,0.41600000858306885,0.41700002551078796,0.4180000126361847,0.4190000295639038,0.42000001668930054,0.42100003361701965,0.4220000207424164,0.4230000078678131,0.4240000247955322,0.42500001192092896,0.42600002884864807,0.4270000159740448,0.4280000329017639,0.42900002002716064,0.4300000071525574,0.4310000240802765,0.4320000112056732,0.43300002813339233,0.43400001525878906,0.4350000321865082,0.4360000193119049,0.43700000643730164,0.43800002336502075,0.4390000104904175,0.4400000274181366,0.4410000145435333,0.44200003147125244,0.44300001859664917,0.4440000355243683,0.445000022649765,0.44600000977516174,0.44700002670288086,0.4480000138282776,0.4490000307559967,0.45000001788139343,0.45100003480911255,0.4520000219345093,0.453000009059906,0.4540000259876251,0.45500001311302185,0.45600003004074097,0.4570000171661377,0.4580000340938568,0.45900002121925354,0.46000000834465027,0.4610000252723694,0.4620000123977661,0.46300002932548523,0.46400001645088196,0.4650000333786011,0.4660000205039978,0.46700000762939453,0.46800002455711365,0.4690000116825104,0.4700000286102295,0.4710000157356262,0.47200003266334534,0.47300001978874207,0.4740000367164612,0.4750000238418579,0.47600001096725464,0.47700002789497375,0.4780000150203705,0.4790000319480896,0.48000001907348633,0.48100003600120544,0.4820000231266022,0.4830000102519989,0.484000027179718,0.48500001430511475,0.48600003123283386,0.4870000183582306,0.4880000352859497,0.48900002241134644,0.49000000953674316,0.4910000264644623,0.492000013589859,0.4930000305175781,0.49400001764297485,0.49500003457069397,0.4960000216960907,0.4970000088214874,0.49800002574920654,0.49900001287460327,0.5,0.5010000467300415,0.5020000338554382,0.503000020980835,0.5040000081062317,0.5049999952316284,0.5060000419616699,0.5070000290870667,0.5080000162124634,0.5090000033378601,0.5100000500679016,0.5110000371932983,0.5120000243186951,0.5130000114440918,0.5139999985694885,0.51500004529953,0.5160000324249268,0.5170000195503235,0.5180000066757202,0.5190000534057617,0.5200000405311584,0.5210000276565552,0.5220000147819519,0.5230000019073486,0.5240000486373901,0.5250000357627869,0.5260000228881836,0.5270000100135803,0.527999997138977,0.5290000438690186,0.5300000309944153,0.531000018119812,0.5320000052452087,0.5330000519752502,0.534000039100647,0.5350000262260437,0.5360000133514404,0.5370000004768372,0.5380000472068787,0.5390000343322754,0.5400000214576721,0.5410000085830688,0.5420000553131104,0.5430000424385071,0.5440000295639038,0.5450000166893005,0.5460000038146973,0.5470000505447388,0.5480000376701355,0.5490000247955322,0.550000011920929,0.5509999990463257,0.5520000457763672,0.5530000329017639,0.5540000200271606,0.5550000071525574,0.5560000538825989,0.5570000410079956,0.5580000281333923,0.5590000152587891,0.5600000023841858,0.5610000491142273,0.562000036239624,0.5630000233650208,0.5640000104904175,0.5649999976158142,0.5660000443458557,0.5670000314712524,0.5680000185966492,0.5690000057220459,0.5700000524520874,0.5710000395774841,0.5720000267028809,0.5730000138282776,0.5740000009536743,0.5750000476837158,0.5760000348091125,0.5770000219345093,0.578000009059906,0.5790000557899475,0.5800000429153442,0.581000030040741,0.5820000171661377,0.5830000042915344,0.5840000510215759,0.5850000381469727,0.5860000252723694,0.5870000123977661,0.5879999995231628,0.5890000462532043,0.5900000333786011,0.5910000205039978,0.5920000076293945,0.593000054359436,0.5940000414848328,0.5950000286102295,0.5960000157356262,0.597000002861023,0.5980000495910645,0.5990000367164612,0.6000000238418579,0.6010000109672546,0.6020000576972961,0.6030000448226929,0.6040000319480896,0.6050000190734863,0.6060000061988831,0.6070000529289246,0.6080000400543213,0.609000027179718,0.6100000143051147,0.6110000014305115,0.612000048160553,0.6130000352859497,0.6140000224113464,0.6150000095367432,0.6160000562667847,0.6170000433921814,0.6180000305175781,0.6190000176429749,0.6200000047683716,0.6210000514984131,0.6220000386238098,0.6230000257492065,0.6240000128746033,0.625,0.6260000467300415,0.6270000338554382,0.628000020980835,0.6290000081062317,0.6300000548362732,0.6310000419616699,0.6320000290870667,0.6330000162124634,0.6340000033378601,0.6350000500679016,0.6360000371932983,0.6370000243186951,0.6380000114440918,0.6390000581741333,0.64000004529953,0.6410000324249268,0.6420000195503235,0.6430000066757202,0.6440000534057617,0.6450000405311584,0.6460000276565552,0.6470000147819519,0.6480000019073486,0.6490000486373901,0.6500000357627869,0.6510000228881836,0.6520000100135803,0.6530000567436218,0.6540000438690186,0.6550000309944153,0.656000018119812,0.6570000052452087,0.6580000519752502,0.659000039100647,0.6600000262260437,0.6610000133514404,0.6620000600814819,0.6630000472068787,0.6640000343322754,0.6650000214576721,0.6660000085830688,0.6670000553131104,0.6680000424385071,0.6690000295639038,0.6700000166893005,0.6710000038146973,0.6720000505447388,0.6730000376701355,0.6740000247955322,0.675000011920929,0.6760000586509705,0.6770000457763672,0.6780000329017639,0.6790000200271606,0.6800000071525574,0.6810000538825989,0.6820000410079956,0.6830000281333923,0.6840000152587891,0.6850000619888306,0.6860000491142273,0.687000036239624,0.6880000233650208,0.6890000104904175,0.690000057220459,0.6910000443458557,0.6920000314712524,0.6930000185966492,0.6940000057220459,0.6950000524520874,0.6960000395774841,0.6970000267028809,0.6980000138282776,0.6990000605583191,0.7000000476837158,0.7010000348091125,0.7020000219345093,0.703000009059906,0.7040000557899475,0.7050000429153442,0.706000030040741,0.7070000171661377,0.7080000042915344,0.7090000510215759,0.7100000381469727,0.7110000252723694,0.7120000123977661,0.7130000591278076,0.7140000462532043,0.7150000333786011,0.7160000205039978,0.7170000076293945,0.718000054359436,0.7190000414848328,0.7200000286102295,0.7210000157356262,0.7220000624656677,0.7230000495910645,0.7240000367164612,0.7250000238418579,0.7260000109672546,0.7270000576972961,0.7280000448226929,0.7290000319480896,0.7300000190734863,0.7310000061988831,0.7320000529289246,0.7330000400543213,0.734000027179718,0.7350000143051147,0.7360000610351563,0.737000048160553,0.7380000352859497,0.7390000224113464,0.7400000095367432,0.7410000562667847,0.7420000433921814,0.7430000305175781,0.7440000176429749,0.7450000643730164,0.7460000514984131,0.7470000386238098,0.7480000257492065,0.7490000128746033,0.7500000596046448,0.7510000467300415,0.7520000338554382,0.753000020980835,0.7540000081062317,0.7550000548362732,0.7560000419616699,0.7570000290870667,0.7580000162124634,0.7590000629425049,0.7600000500679016,0.7610000371932983,0.7620000243186951,0.7630000114440918,0.7640000581741333,0.76500004529953,0.7660000324249268,0.7670000195503235,0.7680000066757202,0.7690000534057617,0.7700000405311584,0.7710000276565552,0.7720000147819519,0.7730000615119934,0.7740000486373901,0.7750000357627869,0.7760000228881836,0.7770000100135803,0.7780000567436218,0.7790000438690186,0.7800000309944153,0.781000018119812,0.7820000648498535,0.7830000519752502,0.784000039100647,0.7850000262260437,0.7860000133514404,0.7870000600814819,0.7880000472068787,0.7890000343322754,0.7900000214576721,0.7910000085830688,0.7920000553131104,0.7930000424385071,0.7940000295639038,0.7950000166893005,0.796000063419342,0.7970000505447388,0.7980000376701355,0.7990000247955322,0.800000011920929,0.8010000586509705,0.8020000457763672,0.8030000329017639,0.8040000200271606,0.8050000667572021,0.8060000538825989,0.8070000410079956,0.8080000281333923,0.8090000152587891,0.8100000619888306,0.8110000491142273,0.812000036239624,0.8130000233650208,0.8140000104904175,0.815000057220459,0.8160000443458557,0.8170000314712524,0.8180000185966492,0.8190000653266907,0.8200000524520874,0.8210000395774841,0.8220000267028809,0.8230000138282776,0.8240000605583191,0.8250000476837158,0.8260000348091125,0.8270000219345093,0.8280000686645508,0.8290000557899475,0.8300000429153442,0.831000030040741,0.8320000171661377,0.8330000638961792,0.8340000510215759,0.8350000381469727,0.8360000252723694,0.8370000123977661,0.8380000591278076,0.8390000462532043,0.8400000333786011,0.8410000205039978,0.8420000672340393,0.843000054359436,0.8440000414848328,0.8450000286102295,0.8460000157356262,0.8470000624656677,0.8480000495910645,0.8490000367164612,0.8500000238418579,0.8510000109672546,0.8520000576972961,0.8530000448226929,0.8540000319480896,0.8550000190734863,0.8560000658035278,0.8570000529289246,0.8580000400543213,0.859000027179718,0.8600000143051147,0.8610000610351563,0.862000048160553,0.8630000352859497,0.8640000224113464,0.8650000691413879,0.8660000562667847,0.8670000433921814,0.8680000305175781,0.8690000176429749,0.8700000643730164,0.8710000514984131,0.8720000386238098,0.8730000257492065,0.8740000128746033,0.8750000596046448,0.8760000467300415,0.8770000338554382,0.878000020980835,0.8790000677108765,0.8800000548362732,0.8810000419616699,0.8820000290870667],"type":"arraytest"}}
1767671706[Client 1] {"common":{"content":"zxcvasdf","type":"login"}}
1767671707[Client 1] {"common":{"content":[0.0010000000474974513,0.0020000000949949026,0.003000000026077032,0.004000000189989805,0.005000000353902578,0.006000000052154064,0.007000000216066837,0.00800000037997961,0.009000000543892384,0.010000000707805157,0.01100000087171793,0.012000000104308128,0.013000000268220901,0.014000000432133675,0.015000000596046448,0.01600000075995922,0.017000000923871994,0.018000001087784767,0.01900000125169754,0.020000001415610313,0.021000001579523087,0.02200000174343586,0.023000001907348633,0.024000000208616257,0.02500000037252903,0.026000000536441803,0.027000000700354576,0.02800000086426735,0.029000001028180122,0.030000001192092896,0.03100000135600567,0.03200000151991844,0.032999999821186066,0.03400000184774399,0.03500000014901161,0.036000002175569534,0.03700000047683716,0.03800000250339508,0.039000000804662704,0.04000000283122063,0.04100000113248825,0.04200000315904617,0.0430000014603138,0.04400000348687172,0.04500000178813934,0.046000003814697266,0.04700000211596489,0.04800000041723251,0.049000002443790436,0.05000000074505806,0.05100000277161598,0.052000001072883606,0.05300000309944153,0.05400000140070915,0.055000003427267075,0.0560000017285347,0.05700000375509262,0.058000002056360245,0.05900000408291817,0.06000000238418579,0.06100000441074371,0.06200000271201134,0.06300000101327896,0.06400000303983688,0.0650000050663948,0.06599999964237213,0.06700000166893005,0.06800000369548798,0.0690000057220459,0.07000000029802322,0.07100000232458115,0.07200000435113907,0.07300000637769699,0.07400000095367432,0.07500000298023224,0.07600000500679016,0.07700000703334808,0.07800000160932541,0.07900000363588333,0.08000000566244125,0.08100000023841858,0.0820000022649765,0.08300000429153442,0.08400000631809235,0.08500000089406967,0.0860000029206276,0.08700000494718552,0.08800000697374344,0.08900000154972076,0.09000000357627869,0.09100000560283661,0.09200000762939453,0.09300000220537186,0.09400000423192978,0.0950000062584877,0.09600000083446503,0.09700000286102295,0.09800000488758087,0.0990000069141388,0.10000000149011612,0.10100000351667404,0.10200000554323196,0.10300000756978989,0.10400000214576721,0.10500000417232513,0.10600000619888306,0.10700000822544098,0.1080000028014183,0.10900000482797623,0.11000000685453415,0.11100000888109207,0.1120000034570694,0.11300000548362732,0.11400000751018524,0.11500000208616257,0.11600000411272049,0.11700000613927841,0.11800000816583633,0.11900000274181366,0.12000000476837158,0.1210000067949295,0.12200000882148743,0.12300000339746475,0.12400000542402267,0.125,0.12600000202655792,0.12700000405311584,0.12800000607967377,0.1290000081062317,0.1300000101327896,0.13100001215934753,0.13199999928474426,0.13300000131130219,0.1340000033378601,0.13500000536441803,0.13600000739097595,0.13700000941753387,0.1380000114440918,0.13900001347064972,0.14000000059604645,0.14100000262260437,0.1420000046491623,0.14300000667572021,0.14400000870227814,0.14500001072883606,0.14600001275539398,0.1469999998807907,0.14800000190734863,0.14900000393390656,0.15000000596046448,0.1510000079870224,0.15200001001358032,0.15300001204013824,0.15400001406669617,0.1550000011920929,0.15600000321865082,0.15700000524520874,0.15800000727176666,0.15900000929832458,0.1600000113248825,0.16100001335144043,0.16200000047683716,0.16300000250339508,0.164000004529953,0.16500000655651093,0.16600000858306885,0.16700001060962677,0.1680000126361847,0.16900001466274261,0.17000000178813934,0.17100000381469727,0.1720000058412552,0.1730000078678131,0.17400000989437103,0.17500001192092896,0.17600001394748688,0.1770000010728836,0.17800000309944153,0.17900000512599945,0.18000000715255737,0.1810000091791153,0.18200001120567322,0.18300001323223114,0.18400001525878906,0.1850000023841858,0.1860000044107437,0.18700000643730164,0.18800000846385956,0.18900001049041748,0.1900000125169754,0.19100001454353333,0.19200000166893005,0.19300000369548798,0.1940000057220459,0.19500000774860382,0.19600000977516174,0.19700001180171967,0.1980000138282776,0.1990000158548355,0.20000000298023224,0.20100000500679016,0.20200000703334808,0.203000009059906,0.20400001108646393,0.20500001311302185,0.20600001513957977,0.2070000171661377,0.20800000429153442,0.20900000631809235,0.21000000834465027,0.2110000103712082,0.2120000123977661,0.21300001442432404,0.21400001645088196,0.2150000035762787,0.2160000056028366,0.21700000762939453,0.21800000965595245,0.21900001168251038,0.2200000137090683,0.22100001573562622,0.22200001776218414,0.22300000488758087,0.2240000069141388,0.22500000894069672,0.22600001096725464,0.22700001299381256,0.22800001502037048,0.2290000170469284,0.23000000417232513,0.23100000619888306,0.23200000822544098,0.2330000102519989,0.23400001227855682,0.23500001430511475,0.23600001633167267,0.2370000183582306,0.23800000548362732,0.23900000751018524,0.24000000953674316,0.2410000115633011,0.242000013589859,0.24300001561641693,0.24400001764297485,0.24500000476837158,0.2460000067949295,0.24700000882148743,0.24800001084804535,0.24900001287460327,0.25,0.2510000169277191,0.25200000405311584,0.25300002098083496,0.2540000081062317,0.2550000250339508,0.25600001215934753,0.25699999928474426,0.2580000162124634,0.2590000033378601,0.2600000202655792,0.26100000739097595,0.26200002431869507,0.2630000114440918,0.2639999985694885,0.26500001549720764,0.26600000262260437,0.2670000195503235,0.2680000066757202,0.26900002360343933,0.27000001072883606,0.2710000276565552,0.2720000147819519,0.27300000190734863,0.27400001883506775,0.2750000059604645,0.2760000228881836,0.2770000100135803,0.27800002694129944,0.27900001406669617,0.2800000011920929,0.281000018119812,0.28200000524520874,0.28300002217292786,0.2840000092983246,0.2850000262260437,0.28600001335144043,0.28700000047683716,0.2880000174045563,0.289000004529953,0.2900000214576721,0.29100000858306885,0.29200002551078796,0.2930000126361847,0.2939999997615814,0.29500001668930054,0.29600000381469727,0.2970000207424164,0.2980000078678131,0.2990000247955322,0.30000001192092896,0.30100002884864807,0.3020000159740448,0.30300000309944153,0.30400002002716064,0.3050000071525574,0.3060000240802765,0.3070000112056732,0.30800002813339233,0.30900001525878906,0.3100000023841858,0.3110000193119049,0.31200000643730164,0.31300002336502075,0.3140000104904175,0.3150000274181366,0.3160000145435333,0.31700000166893005,0.31800001859664917,0.3190000057220459,0.320000022649765,0.32100000977516174,0.32200002670288086,0.3230000138282776,0.3240000009536743,0.32500001788139343,0.32600000500679016,0.3270000219345093,0.328000009059906,0.3290000259876251,0.33000001311302185,0.33100003004074097,0.3320000171661377,0.3330000042915344,0.33400002121925354,0.33500000834465027,0.3360000252723694,0.3370000123977661,0.33800002932548523,0.33900001645088196,0.3400000035762787,0.3410000205039978,0.34200000762939453,0.34300002455711365,0.3440000116825104,0.3450000286102295,0.3460000157356262,0.34700000286102295,0.34800001978874207,0.3490000069141388,0.3500000238418579,0.35100001096725464,0.35200002789497375,0.3530000150203705,0.3540000021457672,0.35500001907348633,0.35600000619888306,0.3570000231266022,0.3580000102519989,0.359000027179718,0.36000001430511475,0.36100003123283386,0.3620000183582306,0.3630000054836273,0.36400002241134644,0.36500000953674316,0.3660000264644623,0.367000013589859,0.3680000305175781,0.36900001764297485,0.3700000047683716,0.3710000216960907,0.3720000088214874,0.37300002574920654,0.37400001287460327,0.3750000298023224,0.3760000169277191,0.37700000405311584,0.37800002098083496,0.3790000081062317,0.3800000250339508,0.38100001215934753,0.38200002908706665,0.3830000162124634,0.3840000033378601,0.3850000202655792,0.38600000739097595,0.38700002431869507,0.3880000114440918,0.3890000283718109,0.39000001549720764,0.39100003242492676,0.3920000195503235,0.3930000066757202,0.39400002360343933,0.39500001072883606,0.3960000276565552,0.3970000147819519,0.398000031709671,0.39900001883506775,0.4000000059604645,0.4010000228881836,0.4020000100135803,0.40300002694129944,0.40400001406669617,0.4050000309944153,0.406000018119812,0.40700000524520874,0.40800002217292786,0.4090000092983246,0.4100000262260437,0.41100001335144043,0.41200003027915955,0.4130000174045563,0.4140000343322754,0.4150000214576721,0.41600000858306885,0.41700002551078796,0.4180000126361847,0.4190000295639038,0.42000001668930054,0.42100003361701965,0.4220000207424164,0.4230000078678131,0.4240000247955322,0.42500001192092896,0.42600002884864807,0.4270000159740448,0.4280000329017639,0.42900002002716064,0.4300000071525574,0.4310000240802765,0.4320000112056732,0.43300002813339233,0.43400001525878906,0.4350000321865082,0.4360000193119049,0.43700000643730164,0.43800002336502075,0.4390000104904175,0.4400000274181366,0.4410000145435333,0.44200003147125244,0.44300001859664917,0.4440000355243683,0.445000022649765,0.44600000977516174,0.44700002670288086,0.4480000138282776,0.4490000307559967,0.45000001788139343,0.45100003480911255,0.4520000219345093,0.453000009059906,0.4540000259876251,0.45500001311302185,0.45600003004074097,0.4570000171661377,0.4580000340938568,0.45900002121925354,0.46000000834465027,0.4610000252723694,0.4620000123977661,0.46300002932548523,0.46400001645088196,0.4650000333786011,0.4660000205039978,0.46700000762939453,0.46800002455711365,0.4690000116825104,0.4700000286102295,0.4710000157356262,0.47200003266334534,0.47300001978874207,0.4740000367164612,0.4750000238418579,0.47600001096725464,0.47700002789497375,0.4780000150203705,0.4790000319480896,0.48000001907348633,0.48100003600120544,0.4820000231266022,0.4830000102519989,0.484000027179718,0.48500001430511475,0.48600003123283386,0.4870000183582306,0.4880000352859497,0.48900002241134644,0.49000000953674316,0.4910000264644623,0.492000013589859,0.4930000305175781,0.49400001764297485,0.49500003457069397,0.4960000216960907,0.4970000088214874,0.49800002574920654,0.49900001287460327,0.5,0.5010000467300415,0.5020000338554382,0.503000020980835,0.5040000081062317,0.5049999952316284,0.5060000419616699,0.5070000290870667,0.5080000162124634,0.5090000033378601,0.5100000500679016,0.5110000371932983,0.5120000243186951,0.5130000114440918,0.5139999985694885,0.51500004529953,0.5160000324249268,0.5170000195503235,0.5180000066757202,0.5190000534057617,0.5200000405311584,0.5210000276565552,0.5220000147819519,0.5230000019073486,0.5240000486373901,0.5250000357627869,0.5260000228881836,0.5270000100135803,0.527999997138977,0.5290000438690186,0.5300000309944153,0.531000018119812,0.5320000052452087,0.5330000519752502,0.534000039100647,0.5350000262260437,0.5360000133514404,0.5370000004768372,0.5380000472068787,0.5390000343322754,0.5400000214576721,0.5410000085830688,0.5420000553131104,0.5430000424385071,0.5440000295639038,0.5450000166893005,0.5460000038146973,0.5470000505447388,0.5480000376701355,0.5490000247955322,0.550000011920929,0.5509999990463257,0.5520000457763672,0.5530000329017639,0.5540000200271606,0.5550000071525574,0.5560000538825989,0.5570000410079956,0.5580000281333923,0.5590000152587891,0.5600000023841858,0.5610000491142273,0.562000036239624,0.5630000233650208,0.5640000104904175,0.5649999976158142,0.5660000443458557,0.5670000314712524,0.5680000185966492,0.5690000057220459,0.5700000524520874,0.5710000395774841,0.5720000267028809,0.5730000138282776,0.5740000009536743,0.5750000476837158,0.5760000348091125,0.5770000219345093,0.578000009059906,0.5790000557899475,0.5800000429153442,0.581000030040741,0.5820000171661377,0.5830000042915344,0.5840000510215759,0.5850000381469727,0.5860000252723694,0.5870000123977661,0.5879999995231628,0.5890000462532043,0.5900000333786011,0.5910000205039978,0.5920000076293945,0.593000054359436,0.5940000414848328,0.5950000286102295,0.5960000157356262,0.597000002861023,0.5980000495910645,0.5990000367164612,0.6000000238418579,0.6010000109672546,0.6020000576972961,0.6030000448226929,0.6040000319480896,0.6050000190734863,0.6060000061988831,0.6070000529289246,0.6080000400543213,0.609000027179718,0.6100000143051147,0.6110000014305115,0.612000048160553,0.6130000352859497,0.6140000224113464,0.6150000095367432,0.6160000562667847,0.6170000433921814,0.6180000305175781,0.6190000176429749,0.6200000047683716,0.6210000514984131,0.6220000386238098,0.6230000257492065,0.6240000128746033,0.625,0.6260000467300415,0.6270000338554382,0.628000020980835,0.6290000081062317,0.6300000548362732,0.6310000419616699,0.6320000290870667,0.6330000162124634,0.6340000033378601,0.6350000500679016,0.6360000371932983,0.6370000243186951,0.6380000114440918,0.6390000581741333,0.64000004529953,0.6410000324249268,0.6420000195503235,0.6430000066757202,0.6440000534057617,0.6450000405311584,0.6460000276565552,0.6470000147819519,0.6480000019073486,0.6490000486373901,0.6500000357627869,0.6510000228881836,0.6520000100135803,0.6530000567436218,0.6540000438690186,0.6550000309944153,0.656000018119812,0.6570000052452087,0.6580000519752502,0.659000039100647,0.6600000262260437,0.6610000133514404,0.6620000600814819,0.6630000472068787,0.6640000343322754,0.6650000214576721,0.6660000085830688,0.6670000553131104,0.6680000424385071,0.6690000295639038,0.6700000166893005,0.6710000038146973,0.6720000505447388,0.6730000376701355,0.6740000247955322,0.675000011920929,0.6760000586509705,0.6770000457763672,0.6780000329017639,0.6790000200271606,0.6800000071525574,0.6810000538825989,0.6820000410079956,0.6830000281333923,0.6840000152587891,0.6850000619888306,0.6860000491142273,0.687000036239624,0.6880000233650208,0.6890000104904175,0.690000057220459,0.6910000443458557,0.6920000314712524,0.6930000185966492,0.6940000057220459,0.6950000524520874,0.6960000395774841,0.6970000267028809,0.6980000138282776,0.6990000605583191,0.7000000476837158,0.7010000348091125,0.7020000219345093,0.703000009059906,0.7040000557899475,0.7050000429153442,0.706000030040741,0.7070000171661377,0.7080000042915344,0.7090000510215759,0.7100000381469727,0.7110000252723694,0.7120000123977661,0.7130000591278076,0.7140000462532043,0.7150000333786011,0.7160000205039978,0.7170000076293945,0.718000054359436,0.7190000414848328,0.7200000286102295,0.7210000157356262,0.7220000624656677,0.7230000495910645,0.7240000367164612,0.7250000238418579,0.7260000109672546,0.7270000576972961,0.7280000448226929,0.7290000319480896,0.7300000190734863,0.7310000061988831,0.7320000529289246,0.7330000400543213,0.734000027179718,0.7350000143051147,0.7360000610351563,0.737000048160553,0.7380000352859497,0.7390000224113464,0.7400000095367432,0.7410000562667847,0.7420000433921814,0.7430000305175781,0.7440000176429749,0.7450000643730164,0.7460000514984131,0.7470000386238098,0.7480000257492065,0.7490000128746033,0.7500000596046448,0.7510000467300415,0.7520000338554382,0.753000020980835,0.7540000081062317,0.7550000548362732,0.7560000419616699,0.7570000290870667,0.7580000162124634,0.7590000629425049,0.7600000500679016,0.7610000371932983,0.7620000243186951,0.7630000114440918,0.7640000581741333,0.76500004529953,0.7660000324249268,0.7670000195503235,0.7680000066757202,0.7690000534057617,0.7700000405311584,0.7710000276565552,0.7720000147819519,0.7730000615119934,0.7740000486373901,0.7750000357627869,0.7760000228881836,0.7770000100135803,0.7780000567436218,0.7790000438690186,0.7800000309944153,0.781000018119812,0.7820000648498535,0.7830000519752502,0.784000039100647,0.7850000262260437,0.7860000133514404,0.7870000600814819,0.7880000472068787,0.7890000343322754,0.7900000214576721,0.7910000085830688,0.7920000553131104,0.7930000424385071,0.7940000295639038,0.7950000166893005,0.796000063419342,0.7970000505447388,0.7980000376701355,0.7990000247955322,0.800000011920929,0.8010000586509705,0.8020000457763672,0.8030000329017639,0.8040000200271606,0.8050000667572021,0.8060000538825989,0.8070000410079956,0.8080000281333923,0.8090000152587891,0.8100000619888306,0.8110000491142273,0.812000036239624,0.8130000233650208,0.8140000104904175,0.815000057220459,0.8160000443458557,0.8170000314712524,0.8180000185966492,0.8190000653266907,0.8200000524520874,0.8210000395774841,0.8220000267028809,0.8230000138282776,0.8240000605583191,0.8250000476837158,0.8260000348091125,0.8270000219345093,0.8280000686645508,0.8290000557899475,0.8300000429153442,0.831000030040741,0.8320000171661377,0.8330000638961792,0.8340000510215759,0.8350000381469727,0.8360000252723694,0.8370000123977661,0.8380000591278076,0.8390000462532043,0.8400000333786011,0.8410000205039978,0.8420000672340393,0.843000054359436,0.8440000414848328,0.8450000286102295,0.8460000157356262,0.8470000624656677,0.8480000495910645,0.8490000367164612,0.8500000238418579,0.8510000109672546,0.8520000576972961,0.8530000448226929,0.8540000319480896,0.8550000190734863,0.8560000658035278,0.8570000529289246,0.8580000400543213,0.859000027179718,0.8600000143051147,0.8610000610351563,0.862000048160553,0.8630000352859497,0.8640000224113464,0.8650000691413879,0.8660000562667847,0.8670000433921814,0.8680000305175781,0.8690000176429749,0.8700000643730164,0.8710000514984131,0.8720000386238098,0.8730000257492065,0.8740000128746033,0.8750000596046448,0.8760000467300415,0.8770000338554382,0.878000020980835,0.8790000677108765,0.8800000548362732,0.8810000419616699,0.8820000290870667],"type":"arraytest"}}
1767671754[Client 1] {"common":{"content":"asdfzxcv","type":"login"}}
1767671755[Client 1] {"common":{"content":[0.0010000000474974513,0.0020000000949949026,0.003000000026077032,0.004000000189989805,0.005000000353902578,0.006000000052154064,0.007000000216066837,0.00800000037997961,0.009000000543892384,0.010000000707805157,0.01100000087171793,0.012000000104308128,0.013000000268220901,0.014000000432133675,0.015000000596046448,0.01600000075995922,0.017000000923871994,0.018000001087784767,0.01900000125169754,0.020000001415610313,0.021000001579523087,0.02200000174343586,0.023000001907348633,0.024000000208616257,0.02500000037252903,0.026000000536441803,0.027000000700354576,0.02800000086426735,0.029000001028180122,0.030000001192092896,0.03100000135600567,0.03200000151991844,0.032999999821186066,0.03400000184774399,0.03500000014901161,0.036000002175569534,0.03700000047683716,0.03800000250339508,0.039000000804662704,0.04000000283122063,0.04100000113248825,0.04200000315904617,0.0430000014603138,0.04400000348687172,0.04500000178813934,0.046000003814697266,0.04700000211596489,0.04800000041723251,0.049000002443790436,0.05000000074505806,0.05100000277161598,0.052000001072883606,0.05300000309944153,0.05400000140070915,0.055000003427267075,0.0560000017285347,0.05700000375509262,0.058000002056360245,0.05900000408291817,0.06000000238418579,0.06100000441074371,0.06200000271201134,0.06300000101327896,0.06400000303983688,0.0650000050663948,0.06599999964237213,0.06700000166893005,0.06800000369548798,0.0690000057220459,0.07000000029802322,0.07100000232458115,0.07200000435113907,0.07300000637769699,0.07400000095367432,0.07500000298023224,0.07600000500679016,0.07700000703334808,0.07800000160932541,0.07900000363588333,0.08000000566244125,0.08100000023841858,0.0820000022649765,0.08300000429153442,0.08400000631809235,0.08500000089406967,0.0860000029206276,0.08700000494718552,0.08800000697374344,0.08900000154972076,0.09000000357627869,0.09100000560283661,0.09200000762939453,0.09300000220537186,0.09400000423192978,0.0950000062584877,0.09600000083446503,0.09700000286102295,0.09800000488758087,0.0990000069141388,0.10000000149011612,0.10100000351667404,0.10200000554323196,0.10300000756978989,0.10400000214576721,0.10500000417232513,0.10600000619888306,0.10700000822544098,0.1080000028014183,0.10900000482797623,0.11000000685453415,0.11100000888109207,0.1120000034570694,0.11300000548362732,0.11400000751018524,0.11500000208616257,0.11600000411272049,0.11700000613927841,0.11800000816583633,0.11900000274181366,0.12000000476837158,0.1210000067949295,0.12200000882148743,0.12300000339746475,0.12400000542402267,0.125,0.12600000202655792,0.12700000405311584,0.12800000607967377,0.1290000081062317,0.1300000101327896,0.13100001215934753,0.13199999928474426,0.13300000131130219,0.1340000033378601,0.13500000536441803,0.13600000739097595,0.13700000941753387,0.1380000114440918,0.13900001347064972,0.14000000059604645,0.14100000262260437,0.1420000046491623,0.14300000667572021,0.14400000870227814,0.14500001072883606,0.14600001275539398,0.1469999998807907,0.14800000190734863,0.14900000393390656,0.15000000596046448,0.1510000079870224,0.15200001001358032,0.15300001204013824,0.15400001406669617,0.1550000011920929,0.15600000321865082,0.15700000524520874,0.15800000727176666,0.15900000929832458,0.1600000113248825,0.16100001335144043,0.16200000047683716,0.16300000250339508,0.164000004529953,0.16500000655651093,0.16600000858306885,0.16700001060962677,0.1680000126361847,0.16900001466274261,0.17000000178813934,0.17100000381469727,0.1720000058412552,0.1730000078678131,0.17400000989437103,0.17500001192092896,0.17600001394748688,0.1770000010728836,0.17800000309944153,0.17900000512599945,0.18000000715255737,0.1810000091791153,0.18200001120567322,0.18300001323223114,0.18400001525878906,0.1850000023841858,0.1860000044107437,0.18700000643730164,0.18800000846385956,0.18900001049041748,0.1900000125169754,0.19100001454353333,0.19200000166893005,0.19300000369548798,0.1940000057220459,0.19500000774860382,0.19600000977516174,0.19700001180171967,0.1980000138282776,0.1990000158548355,0.20000000298023224,0.20100000500679016,0.20200000703334808,0.203000009059906,0.20400001108646393,0.20500001311302185,0.20600001513957977,0.2070000171661377,0.20800000429153442,0.20900000631809235,0.21000000834465027,0.2110000103712082,0.2120000123977661,0.21300001442432404,0.21400001645088196,0.2150000035762787,0.2160000056028366,0.21700000762939453,0.21800000965595245,0.21900001168251038,0.2200000137090683,0.22100001573562622,0.22200001776218414,0.22300000488758087,0.2240000069141388,0.22500000894069672,0.22600001096725464,0.22700001299381256,0.22800001502037048,0.2290000170469284,0.23000000417232513,0.23100000619888306,0.23200000822544098,0.2330000102519989,0.23400001227855682,0.23500001430511475,0.23600001633167267,0.2370000183582306,0.23800000548362732,0.23900000751018524,0.24000000953674316,0.2410000115633011,0.242000013589859,0.24300001561641693,0.24400001764297485,0.24500000476837158,0.2460000067949295,0.24700000882148743,0.24800001084804535,0.24900001287460327,0.25,0.2510000169277191,0.25200000405311584,0.25300002098083496,0.2540000081062317,0.2550000250339508,0.25600001215934753,0.25699999928474426,0.2580000162124634,0.2590000033378601,0.2600000202655792,0.26100000739097595,0.26200002431869507,0.2630000114440918,0.2639999985694885,0.26500001549720764,0.26600000262260437,0.2670000195503235,0.2680000066757202,0.26900002360343933,0.27000001072883606,0.2710000276565552,0.2720000147819519,0.27300000190734863,0.27400001883506775,0.2750000059604645,0.2760000228881836,0.2770000100135803,0.27800002694129944,0.27900001406669617,0.2800000011920929,0.281000018119812,0.28200000524520874,0.28300002217292786,0.2840000092983246,0.2850000262260437,0.28600001335144043,0.28700000047683716,0.2880000174045563,0.289000004529953,0.2900000214576721,0.29100000858306885,0.29200002551078796,0.2930000126361847,0.2939999997615814,0.29500001668930054,0.29600000381469727,0.2970000207424164,0.2980000078678131,0.2990000247955322,0.30000001192092896,0.30100002884864807,0.3020000159740448,0.30300000309944153,0.30400002002716064,0.3050000071525574,0.3060000240802765,0.3070000112056732,0.30800002813339233,0.30900001525878906,0.3100000023841858,0.3110000193119049,0.31200000643730164,0.31300002336502075,0.3140000104904175,0.3150000274181366,0.3160000145435333,0.31700000166893005,0.31800001859664917,0.3190000057220459,0.320000022649765,0.32100000977516174,0.32200002670288086,0.3230000138282776,0.3240000009536743,0.32500001788139343,0.32600000500679016,0.3270000219345093,0.328000009059906,0.3290000259876251,0.33000001311302185,0.33100003004074097,0.3320000171661377,0.3330000042915344,0.33400002121925354,0.33500000834465027,0.3360000252723694,0.3370000123977661,0.33800002932548523,0.33900001645088196,0.3400000035762787,0.3410000205039978,0.34200000762939453,0.34300002455711365,0.3440000116825104,0.3450000286102295,0.3460000157356262,0.34700000286102295,0.34800001978874207,0.3490000069141388,0.3500000238418579,0.35100001096725464,0.35200002789497375,0.3530000150203705,0.3540000021457672,0.35500001907348633,0.35600000619888306,0.3570000231266022,0.3580000102519989,0.359000027179718,0.36000001430511475,0.36100003123283386,0.3620000183582306,0.3630000054836273,0.36400002241134644,0.36500000953674316,0.3660000264644623,0.367000013589859,0.3680000305175781,0.36900001764297485,0.3700000047683716,0.3710000216960907,0.3720000088214874,0.37300002574920654,0.37400001287460327,0.3750000298023224,0.3760000169277191,0.37700000405311584,0.37800002098083496,0.3790000081062317,0.3800000250339508,0.38100001215934753,0.38200002908706665,0.3830000162124634,0.3840000033378601,0.3850000202655792,0.38600000739097595,0.38700002431869507,0.3880000114440918,0.3890000283718109,0.39000001549720764,0.39100003242492676,0.3920000195503235,0.3930000066757202,0.39400002360343933,0.39500001072883606,0.3960000276565552,0.3970000147819519,0.398000031709671,0.39900001883506775,0.4000000059604645,0.4010000228881836,0.4020000100135803,0.40300002694129944,0.40400001406669617,0.4050000309944153,0.406000018119812,0.40700000524520874,0.40800002217292786,0.4090000092983246,0.4100000262260437,0.41100001335144043,0.41200003027915955,0.4130000174045563,0.4140000343322754,0.4150000214576721,0.41600000858306885,0.41700002551078796,0.4180000126361847,0.4190000295639038,0.42000001668930054,0.42100003361701965,0.4220000207424164,0.4230000078678131,0.4240000247955322,0.42500001192092896,0.42600002884864807,0.4270000159740448,0.4280000329017639,0.42900002002716064,0.4300000071525574,0.4310000240802765,0.4320000112056732,0.43300002813339233,0.43400001525878906,0.4350000321865082,0.4360000193119049,0.43700000643730164,0.43800002336502075,0.4390000104904175,0.4400000274181366,0.4410000145435333,0.44200003147125244,0.44300001859664917,0.4440000355243683,0.445000022649765,0.44600000977516174,0.44700002670288086,0.4480000138282776,0.4490000307559967,0.45000001788139343,0.45100003480911255,0.4520000219345093,0.453000009059906,0.4540000259876251,0.45500001311302185,0.45600003004074097,0.4570000171661377,0.4580000340938568,0.45900002121925354,0.46000000834465027,0.4610000252723694,0.4620000123977661,0.46300002932548523,0.46400001645088196,0.4650000333786011,0.4660000205039978,0.46700000762939453,0.46800002455711365,0.4690000116825104,0.4700000286102295,0.4710000157356262,0.47200003266334534,0.47300001978874207,0.4740000367164612,0.4750000238418579,0.47600001096725464,0.47700002789497375,0.4780000150203705,0.4790000319480896,0.48000001907348633,0.48100003600120544,0.4820000231266022,0.4830000102519989,0.484000027179718,0.48500001430511475,0.48600003123283386,0.4870000183582306,0.4880000352859497,0.48900002241134644,0.49000000953674316,0.4910000264644623,0.492000013589859,0.4930000305175781,0.49400001764297485,0.49500003457069397,0.4960000216960907,0.4970000088214874,0.49800002574920654,0.49900001287460327,0.5,0.5010000467300415,0.5020000338554382,0.503000020980835,0.5040000081062317,0.5049999952316284,0.5060000419616699,0.5070000290870667,0.5080000162124634,0.5090000033378601,0.5100000500679016,0.5110000371932983,0.5120000243186951,0.5130000114440918,0.5139999985694885,0.51500004529953,0.5160000324249268,0.5170000195503235,0.5180000066757202,0.5190000534057617,0.5200000405311584,0.5210000276565552,0.5220000147819519,0.5230000019073486,0.5240000486373901,0.5250000357627869,0.5260000228881836,0.5270000100135803,0.527999997138977,0.5290000438690186,0.5300000309944153,0.531000018119812,0.5320000052452087,0.5330000519752502,0.534000039100647,0.5350000262260437,0.5360000133514404,0.5370000004768372,0.5380000472068787,0.5390000343322754,0.5400000214576721,0.5410000085830688,0.5420000553131104,0.5430000424385071,0.5440000295639038,0.5450000166893005,0.5460000038146973,0.5470000505447388,0.5480000376701355,0.5490000247955322,0.550000011920929,0.5509999990463257,0.5520000457763672,0.5530000329017639,0.5540000200271606,0.5550000071525574,0.5560000538825989,0.5570000410079956,0.5580000281333923,0.5590000152587891,0.5600000023841858,0.5610000491142273,0.562000036239624,0.5630000233650208,0.5640000104904175,0.5649999976158142,0.5660000443458557,0.5670000314712524,0.5680000185966492,0.5690000057220459,0.5700000524520874,0.5710000395774841,0.5720000267028809,0.5730000138282776,0.5740000009536743,0.5750000476837158,0.5760000348091125,0.5770000219345093,0.578000009059906,0.5790000557899475,0.5800000429153442,0.581000030040741,0.5820000171661377,0.5830000042915344,0.5840000510215759,0.5850000381469727,0.5860000252723694,0.5870000123977661,0.5879999995231628,0.5890000462532043,0.5900000333786011,0.5910000205039978,0.5920000076293945,0.593000054359436,0.5940000414848328,0.5950000286102295,0.5960000157356262,0.597000002861023,0.5980000495910645,0.5990000367164612,0.6000000238418579,0.6010000109672546,0.6020000576972961,0.6030000448226929,0.6040000319480896,0.6050000190734863,0.6060000061988831,0.6070000529289246,0.6080000400543213,0.609000027179718,0.6100000143051147,0.6110000014305115,0.612000048160553,0.6130000352859497,0.6140000224113464,0.6150000095367432,0.6160000562667847,0.6170000433921814,0.6180000305175781,0.6190000176429749,0.6200000047683716,0.6210000514984131,0.6220000386238098,0.6230000257492065,0.6240000128746033,0.625,0.6260000467300415,0.6270000338554382,0.628000020980835,0.6290000081062317,0.6300000548362732,0.6310000419616699,0.6320000290870667,0.6330000162124634,0.6340000033378601,0.6350000500679016,0.6360000371932983,0.6370000243186951,0.6380000114440918,0.6390000581741333,0.64000004529953,0.6410000324249268,0.6420000195503235,0.6430000066757202,0.6440000534057617,0.6450000405311584,0.6460000276565552,0.6470000147819519,0.6480000019073486,0.6490000486373901,0.6500000357627869,0.6510000228881836,0.6520000100135803,0.6530000567436218,0.6540000438690186,0.6550000309944153,0.656000018119812,0.6570000052452087,0.6580000519752502,0.659000039100647,0.6600000262260437,0.6610000133514404,0.6620000600814819,0.6630000472068787,0.6640000343322754,0.6650000214576721,0.6660000085830688,0.6670000553131104,0.6680000424385071,0.6690000295639038,0.6700000166893005,0.6710000038146973,0.6720000505447388,0.6730000376701355,0.6740000247955322,0.675000011920929,0.6760000586509705,0.6770000457763672,0.6780000329017639,0.6790000200271606,0.6800000071525574,0.6810000538825989,0.6820000410079956,0.6830000281333923,0.6840000152587891,0.6850000619888306,0.6860000491142273,0.687000036239624,0.6880000233650208,0.6890000104904175,0.690000057220459,0.6910000443458557,0.6920000314712524,0.6930000185966492,0.6940000057220459,0.6950000524520874,0.6960000395774841,0.6970000267028809,0.6980000138282776,0.6990000605583191,0.7000000476837158,0.7010000348091125,0.7020000219345093,0.703000009059906,0.7040000557899475,0.7050000429153442,0.706000030040741,0.7070000171661377,0.7080000042915344,0.7090000510215759,0.7100000381469727,0.7110000252723694,0.7120000123977661,0.7130000591278076,0.7140000462532043,0.7150000333786011,0.7160000205039978,0.7170000076293945,0.718000054359436,0.7190000414848328,0.7200000286102295,0.7210000157356262,0.7220000624656677,0.7230000495910645,0.7240000367164612,0.7250000238418579,0.7260000109672546,0.7270000576972961,0.7280000448226929,0.7290000319480896,0.7300000190734863,0.7310000061988831,0.7320000529289246,0.7330000400543213,0.734000027179718,0.7350000143051147,0.7360000610351563,0.737000048160553,0.7380000352859497,0.7390000224113464,0.7400000095367432,0.7410000562667847,0.7420000433921814,0.7430000305175781,0.7440000176429749,0.7450000643730164,0.7460000514984131,0.7470000386238098,0.7480000257492065,0.7490000128746033,0.7500000596046448,0.7510000467300415,0.7520000338554382,0.753000020980835,0.7540000081062317,0.7550000548362732,0.7560000419616699,0.7570000290870667,0.7580000162124634,0.7590000629425049,0.7600000500679016,0.7610000371932983,0.7620000243186951,0.7630000114440918,0.7640000581741333,0.76500004529953,0.7660000324249268,0.7670000195503235,0.7680000066757202,0.7690000534057617,0.7700000405311584,0.7710000276565552,0.7720000147819519,0.7730000615119934,0.7740000486373901,0.7750000357627869,0.7760000228881836,0.7770000100135803,0.7780000567436218,0.7790000438690186,0.7800000309944153,0.781000018119812,0.7820000648498535,0.7830000519752502,0.784000039100647,0.7850000262260437,0.7860000133514404,0.7870000600814819,0.7880000472068787,0.7890000343322754,0.7900000214576721,0.7910000085830688,0.7920000553131104,0.7930000424385071,0.7940000295639038,0.7950000166893005,0.796000063419342,0.7970000505447388,0.7980000376701355,0.7990000247955322,0.800000011920929,0.8010000586509705,0.8020000457763672,0.8030000329017639,0.8040000200271606,0.8050000667572021,0.8060000538825989,0.8070000410079956,0.8080000281333923,0.8090000152587891,0.8100000619888306,0.8110000491142273,0.812000036239624,0.8130000233650208,0.8140000104904175,0.815000057220459,0.8160000443458557,0.8170000314712524,0.8180000185966492,0.8190000653266907,0.8200000524520874,0.8210000395774841,0.8220000267028809,0.8230000138282776,0.8240000605583191,0.8250000476837158,0.8260000348091125,0.8270000219345093,0.8280000686645508,0.8290000557899475,0.8300000429153442,0.831000030040741,0.8320000171661377,0.8330000638961792,0.8340000510215759,0.8350000381469727,0.8360000252723694,0.8370000123977661,0.8380000591278076,0.8390000462532043,0.8400000333786011,0.8410000205039978,0.8420000672340393,0.843000054359436,0.8440000414848328,0.8450000286102295,0.8460000157356262,0.8470000624656677,0.8480000495910645,0.8490000367164612,0.8500000238418579,0.8510000109672546,0.8520000576972961,0.8530000448226929,0.8540000319480896,0.8550000190734863,0.8560000658035278,0.8570000529289246,0.8580000400543213,0.859000027179718,0.8600000143051147,0.8610000610351563,0.862000048160553,0.8630000352859497,0.8640000224113464,0.8650000691413879,0.8660000562667847,0.8670000433921814,0.8680000305175781,0.8690000176429749,0.8700000643730164,0.8710000514984131,0.8720000386238098,0.8730000257492065,0.8740000128746033,0.8750000596046448,0.8760000467300415,0.8770000338554382,0.878000020980835,0.8790000677108765,0.8800000548362732,0.8810000419616699,0.8820000290870667],"type":"arraytest"}}
1767671829[Client 2] {"common":{"content":"asdzxcv","type":"login"}}
1767671830[Client 2] {"common":{"content":[0.0010000000474974513,0.0020000000949949026,0.003000000026077032,0.004000000189989805,0.005000000353902578,0.006000000052154064,0.007000000216066837,0.00800000037997961,0.009000000543892384,0.010000000707805157,0.01100000087171793,0.012000000104308128,0.013000000268220901,0.014000000432133675,0.015000000596046448,0.01600000075995922,0.017000000923871994,0.018000001087784767,0.01900000125169754,0.020000001415610313,0.021000001579523087,0.02200000174343586,0.023000001907348633,0.024000000208616257,0.02500000037252903,0.026000000536441803,0.027000000700354576,0.02800000086426735,0.029000001028180122,0.030000001192092896,0.03100000135600567,0.03200000151991844,0.032999999821186066,0.03400000184774399,0.03500000014901161,0.036000002175569534,0.03700000047683716,0.03800000250339508,0.039000000804662704,0.04000000283122063,0.04100000113248825,0.04200000315904617,0.0430000014603138,0.04400000348687172,0.04500000178813934,0.046000003814697266,0.04700000211596489,0.04800000041723251,0.049000002443790436,0.05000000074505806,0.05100000277161598,0.052000001072883606,0.05300000309944153,0.05400000140070915,0.055000003427267075,0.0560000017285347,0.05700000375509262,0.058000002056360245,0.05900000408291817,0.06000000238418579,0.06100000441074371,0.06200000271201134,0.06300000101327896,0.06400000303983688,0.0650000050663948,0.06599999964237213,0.06700000166893005,0.06800000369548798,0.0690000057220459,0.07000000029802322,0.07100000232458115,0.07200000435113907,0.07300000637769699,0.07400000095367432,0.07500000298023224,0.07600000500679016,0.07700000703334808,0.07800000160932541,0.07900000363588333,0.08000000566244125,0.08100000023841858,0.0820000022649765,0.08300000429153442,0.08400000631809235,0.08500000089406967,0.0860000029206276,0.08700000494718552,0.08800000697374344,0.08900000154972076,0.09000000357627869,0.09100000560283661,0.09200000762939453,0.09300000220537186,0.09400000423192978,0.0950000062584877,0.09600000083446503,0.09700000286102295,0.09800000488758087,0.0990000069141388,0.10000000149011612,0.10100000351667404,0.10200000554323196,0.10300000756978989,0.10400000214576721,0.10500000417232513,0.10600000619888306,0.10700000822544098,0.1080000028014183,0.10900000482797623,0.11000000685453415,0.11100000888109207,0.1120000034570694,0.11300000548362732,0.11400000751018524,0.11500000208616257,0.11600000411272049,0.11700000613927841,0.11800000816583633,0.11900000274181366,0.12000000476837158,0.1210000067949295,0.12200000882148743,0.12300000339746475,0.12400000542402267,0.125,0.12600000202655792,0.12700000405311584,0.12800000607967377,0.1290000081062317,0.1300000101327896,0.13100001215934753,0.13199999928474426,0.13300000131130219,0.1340000033378601,0.13500000536441803,0.13600000739097595,0.13700000941753387,0.1380000114440918,0.13900001347064972,0.14000000059604645,0.14100000262260437,0.1420000046491623,0.14300000667572021,0.14400000870227814,0.14500001072883606,0.14600001275539398,0.1469999998807907,0.14800000190734863,0.14900000393390656,0.15000000596046448,0.1510000079870224,0.15200001001358032,0.15300001204013824,0.15400001406669617,0.1550000011920929,0.15600000321865082,0.15700000524520874,0.15800000727176666,0.15900000929832458,0.1600000113248825,0.16100001335144043,0.16200000047683716,0.16300000250339508,0.164000004529953,0.16500000655651093,0.16600000858306885,0.16700001060962677,0.1680000126361847,0.16900001466274261,0.17000000178813934,0.17100000381469727,0.1720000058412552,0.1730000078678131,0.17400000989437103,0.17500001192092896,0.17600001394748688,0.1770000010728836,0.17800000309944153,0.17900000512599945,0.18000000715255737,0.1810000091791153,0.18200001120567322,0.18300001323223114,0.18400001525878906,0.1850000023841858,0.1860000044107437,0.18700000643730164,0.18800000846385956,0.18900001049041748,0.1900000125169754,0.19100001454353333,0.19200000166893005,0.19300000369548798,0.1940000057220459,0.19500000774860382,0.19600000977516174,0.19700001180171967,0.1980000138282776,0.1990000158548355,0.20000000298023224,0.20100000500679016,0.20200000703334808,0.203000009059906,0.20400001108646393,0.20500001311302185,0.20600001513957977,0.2070000171661377,0.20800000429153442,0.20900000631809235,0.21000000834465027,0.2110000103712082,0.2120000123977661,0.21300001442432404,0.21400001645088196,0.2150000035762787,0.2160000056028366,0.21700000762939453,0.21800000965595245,0.21900001168251038,0.2200000137090683,0.22100001573562622,0.22200001776218414,0.22300000488758087,0.2240000069141388,0.22500000894069672,0.22600001096725464,0.22700001299381256,0.22800001502037048,0.2290000170469284,0.23000000417232513,0.23100000619888306,0.23200000822544098,0.2330000102519989,0.23400001227855682,0.23500001430511475,0.23600001633167267,0.2370000183582306,0.23800000548362732,0.23900000751018524,0.24000000953674316,0.2410000115633011,0.242000013589859,0.24300001561641693,0.24400001764297485,0.24500000476837158,0.2460000067949295,0.24700000882148743,0.24800001084804535,0.24900001287460327,0.25,0.2510000169277191,0.25200000405311584,0.25300002098083496,0.2540000081062317,0.2550000250339508,0.25600001215934753,0.25699999928474426,0.2580000162124634,0.2590000033378601,0.2600000202655792,0.26100000739097595,0.26200002431869507,0.2630000114440918,0.2639999985694885,0.26500001549720764,0.26600000262260437,0.2670000195503235,0.2680000066757202,0.26900002360343933,0.27000001072883606,0.2710000276565552,0.2720000147819519,0.27300000190734863,0.27400001883506775,0.2750000059604645,0.2760000228881836,0.2770000100135803,0.27800002694129944,0.27900001406669617,0.2800000011920929,0.281000018119812,0.28200000524520874,0.28300002217292786,0.2840000092983246,0.2850000262260437,0.28600001335144043,0.28700000047683716,0.2880000174045563,0.289000004529953,0.2900000214576721,0.29100000858306885,0.29200002551078796,0.2930000126361847,0.2939999997615814,0.29500001668930054,0.29600000381469727,0.2970000207424164,0.2980000078678131,0.2990000247955322,0.30000001192092896,0.30100002884864807,0.3020000159740448,0.30300000309944153,0.30400002002716064,0.3050000071525574,0.3060000240802765,0.3070000112056732,0.30800002813339233,0.30900001525878906,0.3100000023841858,0.3110000193119049,0.31200000643730164,0.31300002336502075,0.3140000104904175,0.3150000274181366,0.3160000145435333,0.31700000166893005,0.31800001859664917,0.3190000057220459,0.320000022649765,0.32100000977516174,0.32200002670288086,0.3230000138282776,0.3240000009536743,0.32500001788139343,0.32600000500679016,0.3270000219345093,0.328000009059906,0.3290000259876251,0.33000001311302185,0.33100003004074097,0.3320000171661377,0.3330000042915344,0.33400002121925354,0.33500000834465027,0.3360000252723694,0.3370000123977661,0.33800002932548523,0.33900001645088196,0.3400000035762787,0.3410000205039978,0.34200000762939453,0.34300002455711365,0.3440000116825104,0.3450000286102295,0.3460000157356262,0.34700000286102295,0.34800001978874207,0.3490000069141388,0.3500000238418579,0.35100001096725464,0.35200002789497375,0.3530000150203705,0.3540000021457672,0.35500001907348633,0.35600000619888306,0.3570000231266022,0.3580000102519989,0.359000027179718,0.36000001430511475,0.36100003123283386,0.3620000183582306,0.3630000054836273,0.36400002241134644,0.36500000953674316,0.3660000264644623,0.367000013589859,0.3680000305175781,0.36900001764297485,0.3700000047683716,0.3710000216960907,0.3720000088214874,0.37300002574920654,0.37400001287460327,0.3750000298023224,0.3760000169277191,0.37700000405311584,0.37800002098083496,0.3790000081062317,0.3800000250339508,0.38100001215934753,0.38200002908706665,0.3830000162124634,0.3840000033378601,0.3850000202655792,0.38600000739097595,0.38700002431869507,0.3880000114440918,0.3890000283718109,0.39000001549720764,0.39100003242492676,0.3920000195503235,0.3930000066757202,0.39400002360343933,0.39500001072883606,0.3960000276565552,0.3970000147819519,0.398000031709671,0.39900001883506775,0.4000000059604645,0.4010000228881836,0.4020000100135803,0.40300002694129944,0.40400001406669617,0.4050000309944153,0.406000018119812,0.40700000524520874,0.40800002217292786,0.4090000092983246,0.4100000262260437,0.41100001335144043,0.41200003027915955,0.4130000174045563,0.4140000343322754,0.4150000214576721,0.41600000858306885,0.41700002551078796,0.4180000126361847,0.4190000295639038,0.42000001668930054,0.42100003361701965,0.4220000207424164,0.4230000078678131,0.4240000247955322,0.42500001192092896,0.42600002884864807,0.4270000159740448,0.4280000329017639,0.42900002002716064,0.4300000071525574,0.4310000240802765,0.4320000112056732,0.43300002813339233,0.43400001525878906,0.4350000321865082,0.4360000193119049,0.43700000643730164,0.43800002336502075,0.4390000104904175,0.4400000274181366,0.4410000145435333,0.44200003147125244,0.44300001859664917,0.4440000355243683,0.445000022649765,0.44600000977516174,0.44700002670288086,0.4480000138282776,0.4490000307559967,0.45000001788139343,0.45100003480911255,0.4520000219345093,0.453000009059906,0.4540000259876251,0.45500001311302185,0.45600003004074097,0.4570000171661377,0.4580000340938568,0.45900002121925354,0.46000000834465027,0.4610000252723694,0.4620000123977661,0.46300002932548523,0.46400001645088196,0.4650000333786011,0.4660000205039978,0.46700000762939453,0.46800002455711365,0.4690000116825104,0.4700000286102295,0.4710000157356262,0.47200003266334534,0.47300001978874207,0.4740000367164612,0.4750000238418579,0.47600001096725464,0.47700002789497375,0.4780000150203705,0.4790000319480896,0.48000001907348633,0.48100003600120544,0.4820000231266022,0.4830000102519989,0.484000027179718,0.48500001430511475,0.48600003123283386,0.4870000183582306,0.4880000352859497,0.48900002241134644,0.49000000953674316,0.4910000264644623,0.492000013589859,0.4930000305175781,0.49400001764297485,0.49500003457069397,0.4960000216960907,0.4970000088214874,0.49800002574920654,0.49900001287460327,0.5,0.5010000467300415,0.5020000338554382,0.503000020980835,0.5040000081062317,0.5049999952316284,0.5060000419616699,0.5070000290870667,0.5080000162124634,0.5090000033378601,0.5100000500679016,0.5110000371932983,0.5120000243186951,0.5130000114440918,0.5139999985694885,0.51500004529953,0.5160000324249268,0.5170000195503235,0.5180000066757202,0.5190000534057617,0.5200000405311584,0.5210000276565552,0.5220000147819519,0.5230000019073486,0.5240000486373901,0.5250000357627869,0.5260000228881836,0.5270000100135803,0.527999997138977,0.5290000438690186,0.5300000309944153,0.531000018119812,0.5320000052452087,0.5330000519752502,0.534000039100647,0.5350000262260437,0.5360000133514404,0.5370000004768372,0.5380000472068787,0.5390000343322754,0.5400000214576721,0.5410000085830688,0.5420000553131104,0.5430000424385071,0.5440000295639038,0.5450000166893005,0.5460000038146973,0.5470000505447388,0.5480000376701355,0.5490000247955322,0.550000011920929,0.5509999990463257,0.5520000457763672,0.5530000329017639,0.5540000200271606,0.5550000071525574,0.5560000538825989,0.5570000410079956,0.5580000281333923,0.5590000152587891,0.5600000023841858,0.5610000491142273,0.562000036239624,0.5630000233650208,0.5640000104904175,0.5649999976158142,0.5660000443458557,0.5670000314712524,0.5680000185966492,0.5690000057220459,0.5700000524520874,0.5710000395774841,0.5720000267028809,0.5730000138282776,0.5740000009536743,0.5750000476837158,0.5760000348091125,0.5770000219345093,0.578000009059906,0.5790000557899475,0.5800000429153442,0.581000030040741,0.5820000171661377,0.5830000042915344,0.5840000510215759,0.5850000381469727,0.5860000252723694,0.5870000123977661,0.5879999995231628,0.5890000462532043,0.5900000333786011,0.5910000205039978,0.5920000076293945,0.593000054359436,0.5940000414848328,0.5950000286102295,0.5960000157356262,0.597000002861023,0.5980000495910645,0.5990000367164612,0.6000000238418579,0.6010000109672546,0.6020000576972961,0.6030000448226929,0.6040000319480896,0.6050000190734863,0.6060000061988831,0.6070000529289246,0.6080000400543213,0.609000027179718,0.6100000143051147,0.6110000014305115,0.612000048160553,0.6130000352859497,0.6140000224113464,0.6150000095367432,0.6160000562667847,0.6170000433921814,0.6180000305175781,0.6190000176429749,0.6200000047683716,0.6210000514984131,0.6220000386238098,0.6230000257492065,0.6240000128746033,0.625,0.6260000467300415,0.6270000338554382,0.628000020980835,0.6290000081062317,0.6300000548362732,0.6310000419616699,0.6320000290870667,0.6330000162124634,0.6340000033378601,0.6350000500679016,0.6360000371932983,0.6370000243186951,0.6380000114440918,0.6390000581741333,0.64000004529953,0.6410000324249268,0.6420000195503235,0.6430000066757202,0.6440000534057617,0.6450000405311584,0.6460000276565552,0.6470000147819519,0.6480000019073486,0.6490000486373901,0.6500000357627869,0.6510000228881836,0.6520000100135803,0.6530000567436218,0.6540000438690186,0.6550000309944153,0.656000018119812,0.6570000052452087,0.6580000519752502,0.659000039100647,0.6600000262260437,0.6610000133514404,0.6620000600814819,0.6630000472068787,0.6640000343322754,0.6650000214576721,0.6660000085830688,0.6670000553131104,0.6680000424385071,0.6690000295639038,0.6700000166893005,0.6710000038146973,0.6720000505447388,0.6730000376701355,0.6740000247955322,0.675000011920929,0.6760000586509705,0.6770000457763672,0.6780000329017639,0.6790000200271606,0.6800000071525574,0.6810000538825989,0.6820000410079956,0.6830000281333923,0.6840000152587891,0.6850000619888306,0.6860000491142273,0.687000036239624,0.6880000233650208,0.6890000104904175,0.690000057220459,0.6910000443458557,0.6920000314712524,0.6930000185966492,0.6940000057220459,0.6950000524520874,0.6960000395774841,0.6970000267028809,0.6980000138282776,0.6990000605583191,0.7000000476837158,0.7010000348091125,0.7020000219345093,0.703000009059906,0.7040000557899475,0.7050000429153442,0.706000030040741,0.7070000171661377,0.7080000042915344,0.7090000510215759,0.7100000381469727,0.7110000252723694,0.7120000123977661,0.7130000591278076,0.7140000462532043,0.7150000333786011,0.7160000205039978,0.7170000076293945,0.718000054359436,0.7190000414848328,0.7200000286102295,0.7210000157356262,0.7220000624656677,0.7230000495910645,0.7240000367164612,0.7250000238418579,0.7260000109672546,0.7270000576972961,0.7280000448226929,0.7290000319480896,0.7300000190734863,0.7310000061988831,0.7320000529289246,0.7330000400543213,0.734000027179718,0.7350000143051147,0.7360000610351563,0.737000048160553,0.7380000352859497,0.7390000224113464,0.7400000095367432,0.7410000562667847,0.7420000433921814,0.7430000305175781,0.7440000176429749,0.7450000643730164,0.7460000514984131,0.7470000386238098,0.7480000257492065,0.7490000128746033,0.7500000596046448,0.7510000467300415,0.7520000338554382,0.753000020980835,0.7540000081062317,0.7550000548362732,0.7560000419616699,0.7570000290870667,0.7580000162124634,0.7590000629425049,0.7600000500679016,0.7610000371932983,0.7620000243186951,0.7630000114440918,0.7640000581741333,0.76500004529953,0.7660000324249268,0.7670000195503235,0.7680000066757202,0.7690000534057617,0.7700000405311584,0.7710000276565552,0.7720000147819519,0.7730000615119934,0.7740000486373901,0.7750000357627869,0.7760000228881836,0.7770000100135803,0.7780000567436218,0.7790000438690186,0.7800000309944153,0.781000018119812,0.7820000648498535,0.7830000519752502,0.784000039100647,0.7850000262260437,0.7860000133514404,0.7870000600814819,0.7880000472068787,0.7890000343322754,0.7900000214576721,0.7910000085830688,0.7920000553131104,0.7930000424385071,0.7940000295639038,0.7950000166893005,0.796000063419342,0.7970000505447388,0.7980000376701355,0.7990000247955322,0.800000011920929,0.8010000586509705,0.8020000457763672,0.8030000329017639,0.8040000200271606,0.8050000667572021,0.8060000538825989,0.8070000410079956,0.8080000281333923,0.8090000152587891,0.8100000619888306,0.8110000491142273,0.812000036239624,0.8130000233650208,0.8140000104904175,0.815000057220459,0.8160000443458557,0.8170000314712524,0.8180000185966492,0.8190000653266907,0.8200000524520874,0.8210000395774841,0.8220000267028809,0.8230000138282776,0.8240000605583191,0.8250000476837158,0.8260000348091125,0.8270000219345093,0.8280000686645508,0.8290000557899475,0.8300000429153442,0.831000030040741,0.8320000171661377,0.8330000638961792,0.8340000510215759,0.8350000381469727,0.8360000252723694,0.8370000123977661,0.8380000591278076,0.8390000462532043,0.8400000333786011,0.8410000205039978,0.8420000672340393,0.843000054359436,0.8440000414848328,0.8450000286102295,0.8460000157356262,0.8470000624656677,0.8480000495910645,0.8490000367164612,0.8500000238418579,0.8510000109672546,0.8520000576972961,0.8530000448226929,0.8540000319480896,0.8550000190734863,0.8560000658035278,0.8570000529289246,0.8580000400543213,0.859000027179718,0.8600000143051147,0.8610000610351563,0.862000048160553,0.8630000352859497,0.8640000224113464,0.8650000691413879,0.8660000562667847,0.8670000433921814,0.8680000305175781,0.8690000176429749,0.8700000643730164,0.8710000514984131,0.8720000386238098,0.8730000257492065,0.8740000128746033,0.8750000596046448,0.8760000467300415,0.8770000338554382,0.878000020980835,0.8790000677108765,0.8800000548362732,0.8810000419616699,0.8820000290870667],"type":"arraytest"}}
1767671906[Client 3] {"common":{"content":"ZXcasdsda","type":"login"}}
1767671907[Client 3] {"common":{"content":[0.0010000000474974513,0.0020000000949949026,0.003000000026077032,0.004000000189989805,0.005000000353902578,0.006000000052154064,0.007000000216066837,0.00800000037997961,0.009000000543892384,0.010000000707805157,0.01100000087171793,0.012000000104308128,0.013000000268220901,0.014000000432133675,0.015000000596046448,0.01600000075995922,0.017000000923871994,0.018000001087784767,0.01900000125169754,0.020000001415610313,0.021000001579523087,0.02200000174343586,0.023000001907348633,0.024000000208616257,0.02500000037252903,0.026000000536441803,0.027000000700354576,0.02800000086426735,0.029000001028180122,0.030000001192092896,0.03100000135600567,0.03200000151991844,0.032999999821186066,0.03400000184774399,0.03500000014901161,0.036000002175569534,0.03700000047683716,0.03800000250339508,0.039000000804662704,0.04000000283122063,0.04100000113248825,0.04200000315904617,0.0430000014603138,0.04400000348687172,0.04500000178813934,0.046000003814697266,0.04700000211596489,0.04800000041723251,0.049000002443790436,0.05000000074505806,0.05100000277161598,0.052000001072883606,0.05300000309944153,0.05400000140070915,0.055000003427267075,0.0560000017285347,0.05700000375509262,0.058000002056360245,0.05900000408291817,0.06000000238418579,0.06100000441074371,0.06200000271201134,0.06300000101327896,0.06400000303983688,0.0650000050663948,0.06599999964237213,0.06700000166893005,0.06800000369548798,0.0690000057220459,0.07000000029802322,0.07100000232458115,0.07200000435113907,0.07300000637769699,0.07400000095367432,0.07500000298023224,0.07600000500679016,0.07700000703334808,0.07800000160932541,0.07900000363588333,0.08000000566244125,0.08100000023841858,0.0820000022649765,0.08300000429153442,0.08400000631809235,0.08500000089406967,0.0860000029206276,0.08700000494718552,0.08800000697374344,0.08900000154972076,0.09000000357627869,0.09100000560283661,0.09200000762939453,0.09300000220537186,0.09400000423192978,0.0950000062584877,0.09600000083446503,0.09700000286102295,0.09800000488758087,0.0990000069141388,0.10000000149011612,0.10100000351667404,0.10200000554323196,0.10300000756978989,0.10400000214576721,0.10500000417232513,0.10600000619888306,0.10700000822544098,0.1080000028014183,0.10900000482797623,0.11000000685453415,0.11100000888109207,0.1120000034570694,0.11300000548362732,0.11400000751018524,0.11500000208616257,0.11600000411272049,0.11700000613927841,0.11800000816583633,0.11900000274181366,0.12000000476837158,0.1210000067949295,0.12200000882148743,0.12300000339746475,0.12400000542402267,0.125,0.12600000202655792,0.12700000405311584,0.12800000607967377,0.1290000081062317,0.1300000101327896,0.13100001215934753,0.13199999928474426,0.13300000131130219,0.1340000033378601,0.13500000536441803,0.13600000739097595,0.13700000941753387,0.1380000114440918,0.13900001347064972,0.14000000059604645,0.14100000262260437,0.1420000046491623,0.14300000667572021,0.14400000870227814,0.14500001072883606,0.14600001275539398,0.1469999998807907,0.14800000190734863,0.14900000393390656,0.15000000596046448,0.1510000079870224,0.15200001001358032,0.15300001204013824,0.15400001406669617,0.1550000011920929,0.15600000321865082,0.15700000524520874,0.15800000727176666,0.15900000929832458,0.1600000113248825,0.16100001335144043,0.16200000047683716,0.16300000250339508,0.164000004529953,0.16500000655651093,0.16600000858306885,0.16700001060962677,0.1680000126361847,0.16900001466274261,0.17000000178813934,0.17100000381469727,0.1720000058412552,0.1730000078678131,0.17400000989437103,0.17500001192092896,0.17600001394748688,0.1770000010728836,0.17800000309944153,0.17900000512599945,0.18000000715255737,0.1810000091791153,0.18200001120567322,0.18300001323223114,0.18400001525878906,0.1850000023841858,0.1860000044107437,0.18700000643730164,0.18800000846385956,0.18900001049041748,0.1900000125169754,0.19100001454353333,0.19200000166893005,0.19300000369548798,0.1940000057220459,0.19500000774860382,0.19600000977516174,0.19700001180171967,0.1980000138282776,0.1990000158548355,0.20000000298023224,0.20100000500679016,0.20200000703334808,0.203000009059906,0.20400001108646393,0.20500001311302185,0.20600001513957977,0.2070000171661377,0.20800000429153442,0.20900000631809235,0.21000000834465027,0.2110000103712082,0.2120000123977661,0.21300001442432404,0.21400001645088196,0.2150000035762787,0.2160000056028366,0.21700000762939453,0.21800000965595245,0.21900001168251038,0.2200000137090683,0.22100001573562622,0.22200001776218414,0.22300000488758087,0.2240000069141388,0.22500000894069672,0.22600001096725464,0.22700001299381256,0.22800001502037048,0.2290000170469284,0.23000000417232513,0.23100000619888306,0.23200000822544098,0.2330000102519989,0.23400001227855682,0.23500001430511475,0.23600001633167267,0.2370000183582306,0.23800000548362732,0.23900000751018524,0.24000000953674316,0.2410000115633011,0.242000013589859,0.24300001561641693,0.24400001764297485,0.24500000476837158,0.2460000067949295,0.24700000882148743,0.24800001084804535,0.24900001287460327,0.25,0.2510000169277191,0.25200000405311584,0.25300002098083496,0.2540000081062317,0.2550000250339508,0.25600001215934753,0.25699999928474426,0.2580000162124634,0.2590000033378601,0.2600000202655792,0.26100000739097595,0.26200002431869507,0.2630000114440918,0.2639999985694885,0.26500001549720764,0.26600000262260437,0.2670000195503235,0.2680000066757202,0.26900002360343933,0.27000001072883606,0.2710000276565552,0.2720000147819519,0.27300000190734863,0.27400001883506775,0.2750000059604645,0.2760000228881836,0.2770000100135803,0.27800002694129944,0.27900001406669617,0.2800000011920929,0.281000018119812,0.28200000524520874,0.28300002217292786,0.2840000092983246,0.2850000262260437,0.28600001335144043,0.28700000047683716,0.2880000174045563,0.289000004529953,0.2900000214576721,0.29100000858306885,0.29200002551078796,0.2930000126361847,0.2939999997615814,0.29500001668930054,0.29600000381469727,0.2970000207424164,0.2980000078678131,0.2990000247955322,0.30000001192092896,0.30100002884864807,0.3020000159740448,0.30300000309944153,0.30400002002716064,0.3050000071525574,0.3060000240802765,0.3070000112056732,0.30800002813339233,0.30900001525878906,0.3100000023841858,0.3110000193119049,0.31200000643730164,0.31300002336502075,0.3140000104904175,0.3150000274181366,0.3160000145435333,0.31700000166893005,0.31800001859664917,0.3190000057220459,0.320000022649765,0.32100000977516174,0.32200002670288086,0.3230000138282776,0.3240000009536743,0.32500001788139343,0.32600000500679016,0.3270000219345093,0.328000009059906,0.3290000259876251,0.33000001311302185,0.33100003004074097,0.3320000171661377,0.3330000042915344,0.33400002121925354,0.33500000834465027,0.3360000252723694,0.3370000123977661,0.33800002932548523,0.33900001645088196,0.3400000035762787,0.3410000205039978,0.34200000762939453,0.34300002455711365,0.3440000116825104,0.3450000286102295,0.3460000157356262,0.34700000286102295,0.34800001978874207,0.3490000069141388,0.3500000238418579,0.35100001096725464,0.35200002789497375,0.3530000150203705,0.3540000021457672,0.35500001907348633,0.35600000619888306,0.3570000231266022,0.3580000102519989,0.359000027179718,0.36000001430511475,0.36100003123283386,0.3620000183582306,0.3630000054836273,0.36400002241134644,0.36500000953674316,0.3660000264644623,0.367000013589859,0.3680000305175781,0.36900001764297485,0.3700000047683716,0.3710000216960907,0.3720000088214874,0.37300002574920654,0.37400001287460327,0.3750000298023224,0.3760000169277191,0.37700000405311584,0.37800002098083496,0.3790000081062317,0.3800000250339508,0.38100001215934753,0.38200002908706665,0.3830000162124634,0.3840000033378601,0.3850000202655792,0.38600000739097595,0.38700002431869507,0.3880000114440918,0.3890000283718109,0.39000001549720764,0.39100003242492676,0.3920000195503235,0.3930000066757202,0.39400002360343933,0.39500001072883606,0.3960000276565552,0.3970000147819519,0.398000031709671,0.39900001883506775,0.4000000059604645,0.4010000228881836,0.4020000100135803,0.40300002694129944,0.40400001406669617,0.4050000309944153,0.406000018119812,0.40700000524520874,0.40800002217292786,0.4090000092983246,0.4100000262260437,0.41100001335144043,0.41200003027915955,0.4130000174045563,0.4140000343322754,0.4150000214576721,0.41600000858306885,0.41700002551078796,0.4180000126361847,0.4190000295639038,0.42000001668930054,0.42100003361701965,0.4220000207424164,0.4230000078678131,0.4240000247955322,0.42500001192092896,0.42600002884864807,0.4270000159740448,0.4280000329017639,0.42900002002716064,0.4300000071525574,0.4310000240802765,0.4320000112056732,0.43300002813339233,0.43400001525878906,0.4350000321865082,0.4360000193119049,0.43700000643730164,0.43800002336502075,0.4390000104904175,0.4400000274181366,0.4410000145435333,0.44200003147125244,0.44300001859664917,0.4440000355243683,0.445000022649765,0.44600000977516174,0.44700002670288086,0.4480000138282776,0.4490000307559967,0.45000001788139343,0.45100003480911255,0.4520000219345093,0.453000009059906,0.4540000259876251,0.45500001311302185,0.45600003004074097,0.4570000171661377,0.4580000340938568,0.45900002121925354,0.46000000834465027,0.4610000252723694,0.4620000123977661,0.46300002932548523,0.46400001645088196,0.4650000333786011,0.4660000205039978,0.46700000762939453,0.46800002455711365,0.4690000116825104,0.4700000286102295,0.4710000157356262,0.47200003266334534,0.47300001978874207,0.4740000367164612,0.4750000238418579,0.47600001096725464,0.47700002789497375,0.4780000150203705,0.4790000319480896,0.48000001907348633,0.48100003600120544,0.4820000231266022,0.4830000102519989,0.484000027179718,0.48500001430511475,0.48600003123283386,0.4870000183582306,0.4880000352859497,0.48900002241134644,0.49000000953674316,0.4910000264644623,0.492000013589859,0.4930000305175781,0.49400001764297485,0.49500003457069397,0.4960000216960907,0.4970000088214874,0.49800002574920654,0.49900001287460327,0.5,0.5010000467300415,0.5020000338554382,0.503000020980835,0.5040000081062317,0.5049999952316284,0.5060000419616699,0.5070000290870667,0.5080000162124634,0.5090000033378601,0.5100000500679016,0.5110000371932983,0.5120000243186951,0.5130000114440918,0.5139999985694885,0.51500004529953,0.5160000324249268,0.5170000195503235,0.5180000066757202,0.5190000534057617,0.5200000405311584,0.5210000276565552,0.5220000147819519,0.5230000019073486,0.5240000486373901,0.5250000357627869,0.5260000228881836,0.5270000100135803,0.527999997138977,0.5290000438690186,0.5300000309944153,0.531000018119812,0.5320000052452087,0.5330000519752502,0.534000039100647,0.5350000262260437,0.5360000133514404,0.5370000004768372,0.5380000472068787,0.5390000343322754,0.5400000214576721,0.5410000085830688,0.5420000553131104,0.5430000424385071,0.5440000295639038,0.5450000166893005,0.5460000038146973,0.5470000505447388,0.5480000376701355,0.5490000247955322,0.550000011920929,0.5509999990463257,0.5520000457763672,0.5530000329017639,0.5540000200271606,0.5550000071525574,0.5560000538825989,0.5570000410079956,0.5580000281333923,0.5590000152587891,0.5600000023841858,0.5610000491142273,0.562000036239624,0.5630000233650208,0.5640000104904175,0.5649999976158142,0.5660000443458557,0.5670000314712524,0.5680000185966492,0.5690000057220459,0.5700000524520874,0.5710000395774841,0.5720000267028809,0.5730000138282776,0.5740000009536743,0.5750000476837158,0.5760000348091125,0.5770000219345093,0.578000009059906,0.5790000557899475,0.5800000429153442,0.581000030040741,0.5820000171661377,0.5830000042915344,0.5840000510215759,0.5850000381469727,0.5860000252723694,0.5870000123977661,0.5879999995231628,0.5890000462532043,0.5900000333786011,0.5910000205039978,0.5920000076293945,0.593000054359436,0.5940000414848328,0.5950000286102295,0.5960000157356262,0.597000002861023,0.5980000495910645,0.5990000367164612,0.6000000238418579,0.6010000109672546,0.6020000576972961,0.6030000448226929,0.6040000319480896,0.6050000190734863,0.6060000061988831,0.6070000529289246,0.6080000400543213,0.609000027179718,0.6100000143051147,0.6110000014305115,0.612000048160553,0.6130000352859497,0.6140000224113464,0.6150000095367432,0.6160000562667847,0.6170000433921814,0.6180000305175781,0.6190000176429749,0.6200000047683716,0.6210000514984131,0.6220000386238098,0.6230000257492065,0.6240000128746033,0.625,0.6260000467300415,0.6270000338554382,0.628000020980835,0.6290000081062317,0.6300000548362732,0.6310000419616699,0.6320000290870667,0.6330000162124634,0.6340000033378601,0.6350000500679016,0.6360000371932983,0.6370000243186951,0.6380000114440918,0.6390000581741333,0.64000004529953,0.6410000324249268,0.6420000195503235,0.6430000066757202,0.6440000534057617,0.6450000405311584,0.6460000276565552,0.6470000147819519,0.6480000019073486,0.6490000486373901,0.6500000357627869,0.6510000228881836,0.6520000100135803,0.6530000567436218,0.6540000438690186,0.6550000309944153,0.656000018119812,0.6570000052452087,0.6580000519752502,0.659000039100647,0.6600000262260437,0.6610000133514404,0.6620000600814819,0.6630000472068787,0.6640000343322754,0.6650000214576721,0.6660000085830688,0.6670000553131104,0.6680000424385071,0.6690000295639038,0.6700000166893005,0.6710000038146973,0.6720000505447388,0.6730000376701355,0.6740000247955322,0.675000011920929,0.6760000586509705,0.6770000457763672,0.6780000329017639,0.6790000200271606,0.6800000071525574,0.6810000538825989,0.6820000410079956,0.6830000281333923,0.6840000152587891,0.6850000619888306,0.6860000491142273,0.687000036239624,0.6880000233650208,0.6890000104904175,0.690000057220459,0.6910000443458557,0.6920000314712524,0.6930000185966492,0.6940000057220459,0.6950000524520874,0.6960000395774841,0.6970000267028809,0.6980000138282776,0.6990000605583191,0.7000000476837158,0.7010000348091125,0.7020000219345093,0.703000009059906,0.7040000557899475,0.7050000429153442,0.706000030040741,0.7070000171661377,0.7080000042915344,0.7090000510215759,0.7100000381469727,0.7110000252723694,0.7120000123977661,0.7130000591278076,0.7140000462532043,0.7150000333786011,0.7160000205039978,0.7170000076293945,0.718000054359436,0.7190000414848328,0.7200000286102295,0.7210000157356262,0.7220000624656677,0.7230000495910645,0.7240000367164612,0.7250000238418579,0.7260000109672546,0.7270000576972961,0.7280000448226929,0.7290000319480896,0.7300000190734863,0.7310000061988831,0.7320000529289246,0.7330000400543213,0.734000027179718,0.7350000143051147,0.7360000610351563,0.737000048160553,0.7380000352859497,0.7390000224113464,0.7400000095367432,0.7410000562667847,0.7420000433921814,0.7430000305175781,0.7440000176429749,0.7450000643730164,0.7460000514984131,0.7470000386238098,0.7480000257492065,0.7490000128746033,0.7500000596046448,0.7510000467300415,0.7520000338554382,0.753000020980835,0.7540000081062317,0.7550000548362732,0.7560000419616699,0.7570000290870667,0.7580000162124634,0.7590000629425049,0.7600000500679016,0.7610000371932983,0.7620000243186951,0.7630000114440918,0.7640000581741333,0.76500004529953,0.7660000324249268,0.7670000195503235,0.7680000066757202,0.7690000534057617,0.7700000405311584,0.7710000276565552,0.7720000147819519,0.7730000615119934,0.7740000486373901,0.7750000357627869,0.7760000228881836,0.7770000100135803,0.7780000567436218,0.7790000438690186,0.7800000309944153,0.781000018119812,0.7820000648498535,0.7830000519752502,0.784000039100647,0.7850000262260437,0.7860000133514404,0.7870000600814819,0.7880000472068787,0.7890000343322754,0.7900000214576721,0.7910000085830688,0.7920000553131104,0.7930000424385071,0.7940000295639038,0.7950000166893005,0.796000063419342,0.7970000505447388,0.7980000376701355,0.7990000247955322,0.800000011920929,0.8010000586509705,0.8020000457763672,0.8030000329017639,0.8040000200271606,0.8050000667572021,0.8060000538825989,0.8070000410079956,0.8080000281333923,0.8090000152587891,0.8100000619888306,0.8110000491142273,0.812000036239624,0.8130000233650208,0.8140000104904175,0.815000057220459,0.8160000443458557,0.8170000314712524,0.8180000185966492,0.8190000653266907,0.8200000524520874,0.8210000395774841,0.8220000267028809,0.8230000138282776,0.8240000605583191,0.8250000476837158,0.8260000348091125,0.8270000219345093,0.8280000686645508,0.8290000557899475,0.8300000429153442,0.831000030040741,0.8320000171661377,0.8330000638961792,0.8340000510215759,0.8350000381469727,0.8360000252723694,0.8370000123977661,0.8380000591278076,0.8390000462532043,0.8400000333786011,0.8410000205039978,0.8420000672340393,0.843000054359436,0.8440000414848328,0.8450000286102295,0.8460000157356262,0.8470000624656677,0.8480000495910645,0.8490000367164612,0.8500000238418579,0.8510000109672546,0.8520000576972961,0.8530000448226929,0.8540000319480896,0.8550000190734863,0.8560000658035278,0.8570000529289246,0.8580000400543213,0.859000027179718,0.8600000143051147,0.8610000610351563,0.862000048160553,0.8630000352859497,0.8640000224113464,0.8650000691413879,0.8660000562667847,0.8670000433921814,0.8680000305175781,0.8690000176429749,0.8700000643730164,0.8710000514984131,0.8720000386238098,0.8730000257492065,0.8740000128746033,0.8750000596046448,0.8760000467300415,0.8770000338554382,0.878000020980835,0.8790000677108765,0.8800000548362732,0.8810000419616699,0.8820000290870667],"type":"arraytest"}}
1767671962[Client 1] {"common":{"content":"zxcvasdf","type":"login"}}
1767671964[Client 1] {"common":{"content":[0.0010000000474974513,0.0020000000949949026,0.003000000026077032,0.004000000189989805,0.005000000353902578,0.006000000052154064,0.007000000216066837,0.00800000037997961,0.009000000543892384,0.010000000707805157,0.01100000087171793,0.012000000104308128,0.013000000268220901,0.014000000432133675,0.015000000596046448,0.01600000075995922,0.017000000923871994,0.018000001087784767,0.01900000125169754,0.020000001415610313,0.021000001579523087,0.02200000174343586,0.023000001907348633,0.024000000208616257,0.02500000037252903,0.026000000536441803,0.027000000700354576,0.02800000086426735,0.029000001028180122,0.030000001192092896,0.03100000135600567,0.03200000151991844,0.032999999821186066,0.03400000184774399,0.03500000014901161,0.036000002175569534,0.03700000047683716,0.03800000250339508,0.039000000804662704,0.04000000283122063,0.04100000113248825,0.04200000315904617,0.0430000014603138,0.04400000348687172,0.04500000178813934,0.046000003814697266,0.04700000211596489,0.04800000041723251,0.049000002443790436,0.05000000074505806,0.05100000277161598,0.052000001072883606,0.05300000309944153,0.05400000140070915,0.055000003427267075,0.0560000017285347,0.05700000375509262,0.058000002056360245,0.05900000408291817,0.06000000238418579,0.06100000441074371,0.06200000271201134,0.06300000101327896,0.06400000303983688,0.0650000050663948,0.06599999964237213,0.06700000166893005,0.06800000369548798,0.0690000057220459,0.07000000029802322,0.07100000232458115,0.07200000435113907,0.07300000637769699,0.07400000095367432,0.07500000298023224,0.07600000500679016,0.07700000703334808,0.07800000160932541,0.07900000363588333,0.08000000566244125,0.08100000023841858,0.0820000022649765,0.08300000429153442,0.08400000631809235,0.08500000089406967,0.0860000029206276,0.08700000494718552,0.08800000697374344,0.08900000154972076,0.09000000357627869,0.09100000560283661,0.09200000762939453,0.09300000220537186,0.09400000423192978,0.0950000062584877,0.09600000083446503,0.09700000286102295,0.09800000488758087,0.0990000069141388,0.10000000149011612,0.10100000351667404,0.10200000554323196,0.10300000756978989,0.10400000214576721,0.10500000417232513,0.10600000619888306,0.10700000822544098,0.1080000028014183,0.10900000482797623,0.11000000685453415,0.11100000888109207,0.1120000034570694,0.11300000548362732,0.11400000751018524,0.11500000208616257,0.11600000411272049,0.11700000613927841,0.11800000816583633,0.11900000274181366,0.12000000476837158,0.1210000067949295,0.12200000882148743,0.12300000339746475,0.12400000542402267,0.125,0.12600000202655792,0.12700000405311584,0.12800000607967377,0.1290000081062317,0.1300000101327896,0.13100001215934753,0.13199999928474426,0.13300000131130219,0.1340000033378601,0.13500000536441803,0.13600000739097595,0.13700000941753387,0.1380000114440918,0.13900001347064972,0.14000000059604645,0.14100000262260437,0.1420000046491623,0.14300000667572021,0.14400000870227814,0.14500001072883606,0.14600001275539398,0.1469999998807907,0.14800000190734863,0.14900000393390656,0.15000000596046448,0.1510000079870224,0.15200001001358032,0.15300001204013824,0.15400001406669617,0.1550000011920929,0.15600000321865082,0.15700000524520874,0.15800000727176666,0.15900000929832458,0.1600000113248825,0.16100001335144043,0.16200000047683716,0.16300000250339508,0.164000004529953,0.16500000655651093,0.16600000858306885,0.16700001060962677,0.1680000126361847,0.16900001466274261,0.17000000178813934,0.17100000381469727,0.1720000058412552,0.1730000078678131,0.17400000989437103,0.17500001192092896,0.17600001394748688,0.1770000010728836,0.17800000309944153,0.17900000512599945,0.18000000715255737,0.1810000091791153,0.18200001120567322,0.18300001323223114,0.18400001525878906,0.1850000023841858,0.1860000044107437,0.18700000643730164,0.18800000846385956,0.18900001049041748,0.1900000125169754,0.19100001454353333,0.19200000166893005,0.19300000369548798,0.1940000057220459,0.19500000774860382,0.19600000977516174,0.19700001180171967,0.1980000138282776,0.1990000158548355,0.20000000298023224,0.20100000500679016,0.20200000703334808,0.203000009059906,0.20400001108646393,0.20500001311302185,0.20600001513957977,0.2070000171661377,0.20800000429153442,0.20900000631809235,0.21000000834465027,0.2110000103712082,0.2120000123977661,0.21300001442432404,0.21400001645088196,0.2150000035762787,0.2160000056028366,0.21700000762939453,0.21800000965595245,0.21900001168251038,0.2200000137090683,0.22100001573562622,0.22200001776218414,0.22300000488758087,0.2240000069141388,0.22500000894069672,0.22600001096725464,0.22700001299381256,0.22800001502037048,0.2290000170469284,0.23000000417232513,0.23100000619888306,0.23200000822544098,0.2330000102519989,0.23400001227855682,0.23500001430511475,0.23600001633167267,0.2370000183582306,0.23800000548362732,0.23900000751018524,0.24000000953674316,0.2410000115633011,0.242000013589859,0.24300001561641693,0.24400001764297485,0.24500000476837158,0.2460000067949295,0.24700000882148743,0.24800001084804535,0.24900001287460327,0.25,0.2510000169277191,0.25200000405311584,0.25300002098083496,0.2540000081062317,0.2550000250339508,0.25600001215934753,0.25699999928474426,0.2580000162124634,0.2590000033378601,0.2600000202655792,0.26100000739097595,0.26200002431869507,0.2630000114440918,0.2639999985694885,0.26500001549720764,0.26600000262260437,0.2670000195503235,0.2680000066757202,0.26900002360343933,0.27000001072883606,0.2710000276565552,0.2720000147819519,0.27300000190734863,0.27400001883506775,0.2750000059604645,0.2760000228881836,0.2770000100135803,0.27800002694129944,0.27900001406669617,0.2800000011920929,0.281000018119812,0.28200000524520874,0.28300002217292786,0.2840000092983246,0.2850000262260437,0.28600001335144043,0.28700000047683716,0.2880000174045563,0.289000004529953,0.2900000214576721,0.29100000858306885,0.29200002551078796,0.2930000126361847,0.2939999997615814,0.29500001668930054,0.29600000381469727,0.2970000207424164,0.2980000078678131,0.2990000247955322,0.30000001192092896,0.30100002884864807,0.3020000159740448,0.30300000309944153,0.30400002002716064,0.3050000071525574,0.3060000240802765,0.3070000112056732,0.30800002813339233,0.30900001525878906,0.3100000023841858,0.3110000193119049,0.31200000643730164,0.31300002336502075,0.3140000104904175,0.3150000274181366,0.3160000145435333,0.31700000166893005,0.31800001859664917,0.3190000057220459,0.320000022649765,0.32100000977516174,0.32200002670288086,0.3230000138282776,0.3240000009536743,0.32500001788139343,0.32600000500679016,0.3270000219345093,0.328000009059906,0.3290000259876251,0.33000001311302185,0.33100003004074097,0.3320000171661377,0.3330000042915344,0.33400002121925354,0.33500000834465027,0.3360000252723694,0.3370000123977661,0.33800002932548523,0.33900001645088196,0.3400000035762787,0.3410000205039978,0.34200000762939453,0.34300002455711365,0.3440000116825104,0.3450000286102295,0.3460000157356262,0.34700000286102295,0.34800001978874207,0.3490000069141388,0.3500000238418579,0.35100001096725464,0.35200002789497375,0.3530000150203705,0.3540000021457672,0.35500001907348633,0.35600000619888306,0.3570000231266022,0.3580000102519989,0.359000027179718,0.36000001430511475,0.36100003123283386,0.3620000183582306,0.3630000054836273,0.36400002241134644,0.36500000953674316,0.3660000264644623,0.367000013589859,0.3680000305175781,0.36900001764297485,0.3700000047683716,0.3710000216960907,0.3720000088214874,0.37300002574920654,0.37400001287460327,0.3750000298023224,0.3760000169277191,0.37700000405311584,0.37800002098083496,0.3790000081062317,0.3800000250339508,0.38100001215934753,0.38200002908706665,0.3830000162124634,0.3840000033378601,0.3850000202655792,0.38600000739097595,0.38700002431869507,0.3880000114440918,0.3890000283718109,0.39000001549720764,0.39100003242492676,0.3920000195503235,0.3930000066757202,0.39400002360343933,0.39500001072883606,0.3960000276565552,0.3970000147819519,0.398000031709671,0.39900001883506775,0.4000000059604645,0.4010000228881836,0.4020000100135803,0.40300002694129944,0.40400001406669617,0.4050000309944153,0.406000018119812,0.40700000524520874,0.40800002217292786,0.4090000092983246,0.4100000262260437,0.41100001335144043,0.41200003027915955,0.4130000174045563,0.4140000343322754,0.4150000214576721,0.41600000858306885,0.41700002551078796,0.4180000126361847,0.4190000295639038,0.42000001668930054,0.42100003361701965,0.4220000207424164,0.4230000078678131,0.4240000247955322,0.42500001192092896,0.42600002884864807,0.4270000159740448,0.4280000329017639,0.42900002002716064,0.4300000071525574,0.4310000240802765,0.4320000112056732,0.43300002813339233,0.43400001525878906,0.4350000321865082,0.4360000193119049,0.43700000643730164,0.43800002336502075,0.4390000104904175,0.4400000274181366,0.4410000145435333,0.44200003147125244,0.44300001859664917,0.4440000355243683,0.445000022649765,0.44600000977516174,0.44700002670288086,0.4480000138282776,0.4490000307559967,0.45000001788139343,0.45100003480911255,0.4520000219345093,0.453000009059906,0.4540000259876251,0.45500001311302185,0.45600003004074097,0.4570000171661377,0.4580000340938568,0.45900002121925354,0.46000000834465027,0.4610000252723694,0.4620000123977661,0.46300002932548523,0.46400001645088196,0.4650000333786011,0.4660000205039978,0.46700000762939453,0.46800002455711365,0.4690000116825104,0.4700000286102295,0.4710000157356262,0.47200003266334534,0.47300001978874207,0.4740000367164612,0.4750000238418579,0.47600001096725464,0.47700002789497375,0.4780000150203705,0.4790000319480896,0.48000001907348633,0.48100003600120544,0.4820000231266022,0.4830000102519989,0.484000027179718,0.48500001430511475,0.48600003123283386,0.4870000183582306,0.4880000352859497,0.48900002241134644,0.49000000953674316,0.4910000264644623,0.492000013589859,0.4930000305175781,0.49400001764297485,0.49500003457069397,0.4960000216960907,0.4970000088214874,0.49800002574920654,0.49900001287460327,0.5,0.5010000467300415,0.5020000338554382,0.503000020980835,0.5040000081062317,0.5049999952316284,0.5060000419616699,0.5070000290870667,0.5080000162124634,0.5090000033378601,0.5100000500679016,0.5110000371932983,0.5120000243186951,0.5130000114440918,0.5139999985694885,0.51500004529953,0.5160000324249268,0.5170000195503235,0.5180000066757202,0.5190000534057617,0.5200000405311584,0.5210000276565552,0.5220000147819519,0.5230000019073486,0.5240000486373901,0.5250000357627869,0.5260000228881836,0.5270000100135803,0.527999997138977,0.5290000438690186,0.5300000309944153,0.531000018119812,0.5320000052452087,0.5330000519752502,0.534000039100647,0.5350000262260437,0.5360000133514404,0.5370000004768372,0.5380000472068787,0.5390000343322754,0.5400000214576721,0.5410000085830688,0.5420000553131104,0.5430000424385071,0.5440000295639038,0.5450000166893005,0.5460000038146973,0.5470000505447388,0.5480000376701355,0.5490000247955322,0.550000011920929,0.5509999990463257,0.5520000457763672,0.5530000329017639,0.5540000200271606,0.5550000071525574,0.5560000538825989,0.5570000410079956,0.5580000281333923,0.5590000152587891,0.5600000023841858,0.5610000491142273,0.562000036239624,0.5630000233650208,0.5640000104904175,0.5649999976158142,0.5660000443458557,0.5670000314712524,0.5680000185966492,0.5690000057220459,0.5700000524520874,0.5710000395774841,0.5720000267028809,0.5730000138282776,0.5740000009536743,0.5750000476837158,0.5760000348091125,0.5770000219345093,0.578000009059906,0.5790000557899475,0.5800000429153442,0.581000030040741,0.5820000171661377,0.5830000042915344,0.5840000510215759,0.5850000381469727,0.5860000252723694,0.5870000123977661,0.5879999995231628,0.5890000462532043,0.5900000333786011,0.5910000205039978,0.5920000076293945,0.593000054359436,0.5940000414848328,0.5950000286102295,0.5960000157356262,0.597000002861023,0.5980000495910645,0.5990000367164612,0.6000000238418579,0.6010000109672546,0.6020000576972961,0.6030000448226929,0.6040000319480896,0.6050000190734863,0.6060000061988831,0.6070000529289246,0.6080000400543213,0.609000027179718,0.6100000143051147,0.6110000014305115,0.612000048160553,0.6130000352859497,0.6140000224113464,0.6150000095367432,0.6160000562667847,0.6170000433921814,0.6180000305175781,0.6190000176429749,0.6200000047683716,0.6210000514984131,0.6220000386238098,0.6230000257492065,0.6240000128746033,0.625,0.6260000467300415,0.6270000338554382,0.628000020980835,0.6290000081062317,0.6300000548362732,0.6310000419616699,0.6320000290870667,0.6330000162124634,0.6340000033378601,0.6350000500679016,0.6360000371932983,0.6370000243186951,0.6380000114440918,0.6390000581741333,0.64000004529953,0.6410000324249268,0.6420000195503235,0.6430000066757202,0.6440000534057617,0.6450000405311584,0.6460000276565552,0.6470000147819519,0.6480000019073486,0.6490000486373901,0.6500000357627869,0.6510000228881836,0.6520000100135803,0.6530000567436218,0.6540000438690186,0.6550000309944153,0.656000018119812,0.6570000052452087,0.6580000519752502,0.659000039100647,0.6600000262260437,0.6610000133514404,0.6620000600814819,0.6630000472068787,0.6640000343322754,0.6650000214576721,0.6660000085830688,0.6670000553131104,0.6680000424385071,0.6690000295639038,0.6700000166893005,0.6710000038146973,0.6720000505447388,0.6730000376701355,0.6740000247955322,0.675000011920929,0.6760000586509705,0.6770000457763672,0.6780000329017639,0.6790000200271606,0.6800000071525574,0.6810000538825989,0.6820000410079956,0.6830000281333923,0.6840000152587891,0.6850000619888306,0.6860000491142273,0.687000036239624,0.6880000233650208,0.6890000104904175,0.690000057220459,0.6910000443458557,0.6920000314712524,0.6930000185966492,0.6940000057220459,0.6950000524520874,0.6960000395774841,0.6970000267028809,0.6980000138282776,0.6990000605583191,0.7000000476837158,0.7010000348091125,0.7020000219345093,0.703000009059906,0.7040000557899475,0.7050000429153442,0.706000030040741,0.7070000171661377,0.7080000042915344,0.7090000510215759,0.7100000381469727,0.7110000252723694,0.7120000123977661,0.7130000591278076,0.7140000462532043,0.7150000333786011,0.7160000205039978,0.7170000076293945,0.718000054359436,0.7190000414848328,0.7200000286102295,0.7210000157356262,0.7220000624656677,0.7230000495910645,0.7240000367164612,0.7250000238418579,0.7260000109672546,0.7270000576972961,0.7280000448226929,0.7290000319480896,0.7300000190734863,0.7310000061988831,0.7320000529289246,0.7330000400543213,0.734000027179718,0.7350000143051147,0.7360000610351563,0.737000048160553,0.7380000352859497,0.7390000224113464,0.7400000095367432,0.7410000562667847,0.7420000433921814,0.7430000305175781,0.7440000176429749,0.7450000643730164,0.7460000514984131,0.7470000386238098,0.7480000257492065,0.7490000128746033,0.7500000596046448,0.7510000467300415,0.7520000338554382,0.753000020980835,0.7540000081062317,0.7550000548362732,0.7560000419616699,0.7570000290870667,0.7580000162124634,0.7590000629425049,0.7600000500679016,0.7610000371932983,0.7620000243186951,0.7630000114440918,0.7640000581741333,0.76500004529953,0.7660000324249268,0.7670000195503235,0.7680000066757202,0.7690000534057617,0.7700000405311584,0.7710000276565552,0.7720000147819519,0.7730000615119934,0.7740000486373901,0.7750000357627869,0.7760000228881836,0.7770000100135803,0.7780000567436218,0.7790000438690186,0.7800000309944153,0.781000018119812,0.7820000648498535,0.7830000519752502,0.784000039100647,0.7850000262260437,0.7860000133514404,0.7870000600814819,0.7880000472068787,0.7890000343322754,0.7900000214576721,0.7910000085830688,0.7920000553131104,0.7930000424385071,0.7940000295639038,0.7950000166893005,0.796000063419342,0.7970000505447388,0.7980000376701355,0.7990000247955322,0.800000011920929,0.8010000586509705,0.8020000457763672,0.8030000329017639,0.8040000200271606,0.8050000667572021,0.8060000538825989,0.8070000410079956,0.8080000281333923,0.8090000152587891,0.8100000619888306,0.8110000491142273,0.812000036239624,0.8130000233650208,0.8140000104904175,0.815000057220459,0.8160000443458557,0.8170000314712524,0.8180000185966492,0.8190000653266907,0.8200000524520874,0.8210000395774841,0.8220000267028809,0.8230000138282776,0.8240000605583191,0.8250000476837158,0.8260000348091125,0.8270000219345093,0.8280000686645508,0.8290000557899475,0.8300000429153442,0.831000030040741,0.8320000171661377,0.8330000638961792,0.8340000510215759,0.8350000381469727,0.8360000252723694,0.8370000123977661,0.8380000591278076,0.8390000462532043,0.8400000333786011,0.8410000205039978,0.8420000672340393,0.843000054359436,0.8440000414848328,0.8450000286102295,0.8460000157356262,0.8470000624656677,0.8480000495910645,0.8490000367164612,0.8500000238418579,0.8510000109672546,0.8520000576972961,0.8530000448226929,0.8540000319480896,0.8550000190734863,0.8560000658035278,0.8570000529289246,0.8580000400543213,0.859000027179718,0.8600000143051147,0.8610000610351563,0.862000048160553,0.8630000352859497,0.8640000224113464,0.8650000691413879,0.8660000562667847,0.8670000433921814,0.8680000305175781,0.8690000176429749,0.8700000643730164,0.8710000514984131,0.8720000386238098,0.8730000257492065,0.8740000128746033,0.8750000596046448,0.8760000467300415,0.8770000338554382,0.878000020980835,0.8790000677108765,0.8800000548362732,0.8810000419616699,0.8820000290870667],"type":"arraytest"}}
1767672429[Client 1] {"common":{"content":"sadsdazxc","type":"login"}}
1767672476[Client 2] {"common":{"content":"asdfcc","type":"login"}}
1767672478[Client 2] {"common":{"content":[0.0010000000474974513,0.0020000000949949026,0.003000000026077032,0.004000000189989805,0.005000000353902578,0.006000000052154064,0.007000000216066837,0.00800000037997961,0.009000000543892384,0.010000000707805157,0.01100000087171793,0.012000000104308128,0.013000000268220901,0.014000000432133675,0.015000000596046448,0.01600000075995922,0.017000000923871994,0.018000001087784767,0.01900000125169754,0.020000001415610313,0.021000001579523087,0.02200000174343586,0.023000001907348633,0.024000000208616257,0.02500000037252903,0.026000000536441803,0.027000000700354576,0.02800000086426735,0.029000001028180122,0.030000001192092896,0.03100000135600567,0.03200000151991844,0.032999999821186066,0.03400000184774399,0.03500000014901161,0.036000002175569534,0.03700000047683716,0.03800000250339508,0.039000000804662704,0.04000000283122063,0.04100000113248825,0.04200000315904617,0.0430000014603138,0.04400000348687172,0.04500000178813934,0.046000003814697266,0.04700000211596489,0.04800000041723251,0.049000002443790436,0.05000000074505806,0.05100000277161598,0.052000001072883606,0.05300000309944153,0.05400000140070915,0.055000003427267075,0.0560000017285347,0.05700000375509262,0.058000002056360245,0.05900000408291817,0.06000000238418579,0.06100000441074371,0.06200000271201134,0.06300000101327896,0.06400000303983688,0.0650000050663948,0.06599999964237213,0.06700000166893005,0.06800000369548798,0.0690000057220459,0.07000000029802322,0.07100000232458115,0.07200000435113907,0.07300000637769699,0.07400000095367432,0.07500000298023224,0.07600000500679016,0.07700000703334808,0.07800000160932541,0.07900000363588333,0.08000000566244125,0.08100000023841858,0.0820000022649765,0.08300000429153442,0.08400000631809235,0.08500000089406967,0.0860000029206276,0.08700000494718552,0.08800000697374344,0.08900000154972076,0.09000000357627869,0.09100000560283661,0.09200000762939453,0.09300000220537186,0.09400000423192978,0.0950000062584877,0.09600000083446503,0.09700000286102295,0.09800000488758087,0.0990000069141388,0.10000000149011612,0.10100000351667404,0.10200000554323196,0.10300000756978989,0.10400000214576721,0.10500000417232513,0.10600000619888306,0.10700000822544098,0.1080000028014183,0.10900000482797623,0.11000000685453415,0.11100000888109207,0.1120000034570694,0.11300000548362732,0.11400000751018524,0.11500000208616257,0.11600000411272049,0.11700000613927841,0.11800000816583633,0.11900000274181366,0.12000000476837158,0.1210000067949295,0.12200000882148743,0.12300000339746475,0.12400000542402267,0.125,0.12600000202655792,0.12700000405311584,0.12800000607967377,0.1290000081062317,0.1300000101327896,0.13100001215934753,0.13199999928474426,0.13300000131130219,0.1340000033378601,0.13500000536441803,0.13600000739097595,0.13700000941753387,0.1380000114440918,0.13900001347064972,0.14000000059604645,0.14100000262260437,0.1420000046491623,0.14300000667572021,0.14400000870227814,0.14500001072883606,0.14600001275539398,0.1469999998807907,0.14800000190734863,0.14900000393390656,0.15000000596046448,0.1510000079870224,0.15200001001358032,0.15300001204013824,0.15400001406669617,0.1550000011920929,0.15600000321865082,0.15700000524520874,0.15800000727176666,0.15900000929832458,0.1600000113248825,0.16100001335144043,0.16200000047683716,0.16300000250339508,0.164000004529953,0.16500000655651093,0.16600000858306885,0.16700001060962677,0.1680000126361847,0.16900001466274261,0.17000000178813934,0.17100000381469727,0.1720000058412552,0.1730000078678131,0.17400000989437103,0.17500001192092896,0.17600001394748688,0.1770000010728836,0.17800000309944153,0.17900000512599945,0.18000000715255737,0.1810000091791153,0.18200001120567322,0.18300001323223114,0.18400001525878906,0.1850000023841858,0.1860000044107437,0.18700000643730164,0.18800000846385956,0.18900001049041748,0.1900000125169754,0.19100001454353333,0.19200000166893005,0.19300000369548798,0.1940000057220459,0.19500000774860382,0.19600000977516174,0.19700001180171967,0.1980000138282776,0.1990000158548355,0.20000000298023224,0.20100000500679016,0.20200000703334808,0.203000009059906,0.20400001108646393,0.20500001311302185,0.20600001513957977,0.2070000171661377,0.20800000429153442,0.20900000631809235,0.21000000834465027,0.2110000103712082,0.2120000123977661,0.21300001442432404,0.21400001645088196,0.2150000035762787,0.2160000056028366,0.21700000762939453,0.21800000965595245,0.21900001168251038,0.2200000137090683,0.22100001573562622,0.22200001776218414,0.22300000488758087,0.2240000069141388,0.22500000894069672,0.22600001096725464,0.22700001299381256,0.22800001502037048,0.2290000170469284,0.23000000417232513,0.23100000619888306,0.23200000822544098,0.2330000102519989,0.23400001227855682,0.23500001430511475,0.23600001633167267,0.2370000183582306,0.23800000548362732,0.23900000751018524,0.24000000953674316,0.2410000115633011,0.242000013589859,0.24300001561641693,0.24400001764297485,0.24500000476837158,0.2460000067949295,0.24700000882148743,0.24800001084804535,0.24900001287460327,0.25,0.2510000169277191,0.25200000405311584,0.25300002098083496,0.2540000081062317,0.2550000250339508,0.25600001215934753,0.25699999928474426,0.2580000162124634,0.2590000033378601,0.2600000202655792,0.26100000739097595,0.26200002431869507,0.2630000114440918,0.2639999985694885,0.26500001549720764,0.26600000262260437,0.2670000195503235,0.2680000066757202,0.26900002360343933,0.27000001072883606,0.2710000276565552,0.2720000147819519,0.27300000190734863,0.27400001883506775,0.2750000059604645,0.2760000228881836,0.2770000100135803,0.27800002694129944,0.27900001406669617,0.2800000011920929,0.281000018119812,0.28200000524520874,0.28300002217292786,0.2840000092983246,0.2850000262260437,0.28600001335144043,0.28700000047683716,0.2880000174045563,0.289000004529953,0.2900000214576721,0.29100000858306885,0.29200002551078796,0.2930000126361847,0.2939999997615814,0.29500001668930054,0.29600000381469727,0.2970000207424164,0.2980000078678131,0.2990000247955322,0.30000001192092896,0.30100002884864807,0.3020000159740448,0.30300000309944153,0.30400002002716064,0.3050000071525574,0.3060000240802765,0.3070000112056732,0.30800002813339233,0.30900001525878906,0.3100000023841858,0.3110000193119049,0.31200000643730164,0.31300002336502075,0.3140000104904175,0.3150000274181366,0.3160000145435333,0.31700000166893005,0.31800001859664917,0.3190000057220459,0.320000022649765,0.32100000977516174,0.32200002670288086,0.3230000138282776,0.3240000009536743,0.32500001788139343,0.32600000500679016,0.3270000219345093,0.328000009059906,0.3290000259876251,0.33000001311302185,0.33100003004074097,0.3320000171661377,0.3330000042915344,0.33400002121925354,0.33500000834465027,0.3360000252723694,0.3370000123977661,0.33800002932548523,0.33900001645088196,0.3400000035762787,0.3410000205039978,0.34200000762939453,0.34300002455711365,0.3440000116825104,0.3450000286102295,0.3460000157356262,0.34700000286102295,0.34800001978874207,0.3490000069141388,0.3500000238418579,0.35100001096725464,0.35200002789497375,0.3530000150203705,0.3540000021457672,0.35500001907348633,0.35600000619888306,0.3570000231266022,0.3580000102519989,0.359000027179718,0.36000001430511475,0.36100003123283386,0.3620000183582306,0.3630000054836273,0.36400002241134644,0.36500000953674316,0.3660000264644623,0.367000013589859,0.3680000305175781,0.36900001764297485,0.3700000047683716,0.3710000216960907,0.3720000088214874,0.37300002574920654,0.37400001287460327,0.3750000298023224,0.3760000169277191,0.37700000405311584,0.37800002098083496,0.3790000081062317,0.3800000250339508,0.38100001215934753,0.38200002908706665,0.3830000162124634,0.3840000033378601,0.3850000202655792,0.38600000739097595,0.38700002431869507,0.3880000114440918,0.3890000283718109,0.39000001549720764,0.39100003242492676,0.3920000195503235,0.3930000066757202,0.39400002360343933,0.39500001072883606,0.3960000276565552,0.3970000147819519,0.398000031709671,0.39900001883506775,0.4000000059604645,0.4010000228881836,0.4020000100135803,0.40300002694129944,0.40400001406669617,0.4050000309944153,0.406000018119812,0.40700000524520874,0.40800002217292786,0.4090000092983246,0.4100000262260437,0.41100001335144043,0.41200003027915955,0.4130000174045563,0.4140000343322754,0.4150000214576721,0.41600000858306885,0.41700002551078796,0.4180000126361847,0.4190000295639038,0.42000001668930054,0.42100003361701965,0.4220000207424164,0.4230000078678131,0.4240000247955322,0.42500001192092896,0.42600002884864807,0.4270000159740448,0.4280000329017639,0.42900002002716064,0.4300000071525574,0.4310000240802765,0.4320000112056732,0.43300002813339233,0.43400001525878906,0.4350000321865082,0.4360000193119049,0.43700000643730164,0.43800002336502075,0.4390000104904175,0.4400000274181366,0.4410000145435333,0.44200003147125244,0.44300001859664917,0.4440000355243683,0.445000022649765,0.44600000977516174,0.44700002670288086,0.4480000138282776,0.4490000307559967,0.45000001788139343,0.45100003480911255,0.4520000219345093,0.453000009059906,0.4540000259876251,0.45500001311302185,0.45600003004074097,0.4570000171661377,0.4580000340938568,0.45900002121925354,0.46000000834465027,0.4610000252723694,0.4620000123977661,0.46300002932548523,0.46400001645088196,0.4650000333786011,0.4660000205039978,0.46700000762939453,0.46800002455711365,0.4690000116825104,0.4700000286102295,0.4710000157356262,0.47200003266334534,0.47300001978874207,0.4740000367164612,0.4750000238418579,0.47600001096725464,0.47700002789497375,0.4780000150203705,0.4790000319480896,0.48000001907348633,0.48100003600120544,0.4820000231266022,0.4830000102519989,0.484000027179718,0.48500001430511475,0.48600003123283386,0.4870000183582306,0.4880000352859497,0.48900002241134644,0.49000000953674316,0.4910000264644623,0.492000013589859,0.4930000305175781,0.49400001764297485,0.49500003457069397,0.4960000216960907,0.4970000088214874,0.49800002574920654,0.49900001287460327,0.5,0.5010000467300415,0.5020000338554382,0.503000020980835,0.5040000081062317,0.5049999952316284,0.5060000419616699,0.5070000290870667,0.5080000162124634,0.5090000033378601,0.5100000500679016,0.5110000371932983,0.5120000243186951,0.5130000114440918,0.5139999985694885,0.51500004529953,0.5160000324249268,0.5170000195503235,0.5180000066757202,0.5190000534057617,0.5200000405311584,0.5210000276565552,0.5220000147819519,0.5230000019073486,0.5240000486373901,0.5250000357627869,0.5260000228881836,0.5270000100135803,0.527999997138977,0.5290000438690186,0.5300000309944153,0.531000018119812,0.5320000052452087,0.5330000519752502,0.534000039100647,0.5350000262260437,0.5360000133514404,0.5370000004768372,0.5380000472068787,0.5390000343322754,0.5400000214576721,0.5410000085830688,0.5420000553131104,0.5430000424385071,0.5440000295639038,0.5450000166893005,0.5460000038146973,0.5470000505447388,0.5480000376701355,0.5490000247955322,0.550000011920929,0.5509999990463257,0.5520000457763672,0.5530000329017639,0.5540000200271606,0.5550000071525574,0.5560000538825989,0.5570000410079956,0.5580000281333923,0.5590000152587891,0.5600000023841858,0.5610000491142273,0.562000036239624,0.5630000233650208,0.5640000104904175,0.5649999976158142,0.5660000443458557,0.5670000314712524,0.5680000185966492,0.5690000057220459,0.5700000524520874,0.5710000395774841,0.5720000267028809,0.5730000138282776,0.5740000009536743,0.5750000476837158,0.5760000348091125,0.5770000219345093,0.578000009059906,0.5790000557899475,0.5800000429153442,0.581000030040741,0.5820000171661377,0.5830000042915344,0.5840000510215759,0.5850000381469727,0.5860000252723694,0.5870000123977661,0.5879999995231628,0.5890000462532043,0.5900000333786011,0.5910000205039978,0.5920000076293945,0.593000054359436,0.5940000414848328,0.5950000286102295,0.5960000157356262,0.597000002861023,0.5980000495910645,0.5990000367164612,0.6000000238418579,0.6010000109672546,0.6020000576972961,0.6030000448226929,0.6040000319480896,0.6050000190734863,0.6060000061988831,0.6070000529289246,0.6080000400543213,0.609000027179718,0.6100000143051147,0.6110000014305115,0.612000048160553,0.6130000352859497,0.6140000224113464,0.6150000095367432,0.6160000562667847,0.6170000433921814,0.6180000305175781,0.6190000176429749,0.6200000047683716,0.6210000514984131,0.6220000386238098,0.6230000257492065,0.6240000128746033,0.625,0.6260000467300415,0.6270000338554382,0.628000020980835,0.6290000081062317,0.6300000548362732,0.6310000419616699,0.6320000290870667,0.6330000162124634,0.6340000033378601,0.6350000500679016,0.6360000371932983,0.6370000243186951,0.6380000114440918,0.6390000581741333,0.64000004529953,0.6410000324249268,0.6420000195503235,0.6430000066757202,0.6440000534057617,0.6450000405311584,0.6460000276565552,0.6470000147819519,0.6480000019073486,0.6490000486373901,0.6500000357627869,0.6510000228881836,0.6520000100135803,0.6530000567436218,0.6540000438690186,0.6550000309944153,0.656000018119812,0.6570000052452087,0.6580000519752502,0.659000039100647,0.6600000262260437,0.6610000133514404,0.6620000600814819,0.6630000472068787,0.6640000343322754,0.6650000214576721,0.6660000085830688,0.6670000553131104,0.6680000424385071,0.6690000295639038,0.6700000166893005,0.6710000038146973,0.6720000505447388,0.6730000376701355,0.6740000247955322,0.675000011920929,0.6760000586509705,0.6770000457763672,0.6780000329017639,0.6790000200271606,0.6800000071525574,0.6810000538825989,0.6820000410079956,0.6830000281333923,0.6840000152587891,0.6850000619888306,0.6860000491142273,0.687000036239624,0.6880000233650208,0.6890000104904175,0.690000057220459,0.6910000443458557,0.6920000314712524,0.6930000185966492,0.6940000057220459,0.6950000524520874,0.6960000395774841,0.6970000267028809,0.6980000138282776,0.6990000605583191,0.7000000476837158,0.7010000348091125,0.7020000219345093,0.703000009059906,0.7040000557899475,0.7050000429153442,0.706000030040741,0.7070000171661377,0.7080000042915344,0.7090000510215759,0.7100000381469727,0.7110000252723694,0.7120000123977661,0.7130000591278076,0.7140000462532043,0.7150000333786011,0.7160000205039978,0.7170000076293945,0.718000054359436,0.7190000414848328,0.7200000286102295,0.7210000157356262,0.7220000624656677,0.7230000495910645,0.7240000367164612,0.7250000238418579,0.7260000109672546,0.7270000576972961,0.7280000448226929,0.7290000319480896,0.7300000190734863,0.7310000061988831,0.7320000529289246,0.7330000400543213,0.734000027179718,0.7350000143051147,0.7360000610351563,0.737000048160553,0.7380000352859497,0.7390000224113464,0.7400000095367432,0.7410000562667847,0.7420000433921814,0.7430000305175781,0.7440000176429749,0.7450000643730164,0.7460000514984131,0.7470000386238098,0.7480000257492065,0.7490000128746033,0.7500000596046448,0.7510000467300415,0.7520000338554382,0.753000020980835,0.7540000081062317,0.7550000548362732,0.7560000419616699,0.7570000290870667,0.7580000162124634,0.7590000629425049,0.7600000500679016,0.7610000371932983,0.7620000243186951,0.7630000114440918,0.7640000581741333,0.76500004529953,0.7660000324249268,0.7670000195503235,0.7680000066757202,0.7690000534057617,0.7700000405311584,0.7710000276565552,0.7720000147819519,0.7730000615119934,0.7740000486373901,0.7750000357627869,0.7760000228881836,0.7770000100135803,0.7780000567436218,0.7790000438690186,0.7800000309944153,0.781000018119812,0.7820000648498535,0.7830000519752502,0.784000039100647,0.7850000262260437,0.7860000133514404,0.7870000600814819,0.7880000472068787,0.7890000343322754,0.7900000214576721,0.7910000085830688,0.7920000553131104,0.7930000424385071,0.7940000295639038,0.7950000166893005,0.796000063419342,0.7970000505447388,0.7980000376701355,0.7990000247955322,0.800000011920929,0.8010000586509705,0.8020000457763672,0.8030000329017639,0.8040000200271606,0.8050000667572021,0.8060000538825989,0.8070000410079956,0.8080000281333923,0.8090000152587891,0.8100000619888306,0.8110000491142273,0.812000036239624,0.8130000233650208,0.8140000104904175,0.815000057220459,0.8160000443458557,0.8170000314712524,0.8180000185966492,0.8190000653266907,0.8200000524520874,0.8210000395774841,0.8220000267028809,0.8230000138282776,0.8240000605583191,0.8250000476837158,0.8260000348091125,0.8270000219345093,0.8280000686645508,0.8290000557899475,0.8300000429153442,0.831000030040741,0.8320000171661377,0.8330000638961792,0.8340000510215759,0.8350000381469727,0.8360000252723694,0.8370000123977661,0.8380000591278076,0.8390000462532043,0.8400000333786011,0.8410000205039978,0.8420000672340393,0.843000054359436,0.8440000414848328,0.8450000286102295,0.8460000157356262,0.8470000624656677,0.8480000495910645,0.8490000367164612,0.8500000238418579,0.8510000109672546,0.8520000576972961,0.8530000448226929,0.8540000319480896,0.8550000190734863,0.8560000658035278,0.8570000529289246,0.8580000400543213,0.859000027179718,0.8600000143051147,0.8610000610351563,0.862000048160553,0.8630000352859497,0.8640000224113464,0.8650000691413879,0.8660000562667847,0.8670000433921814,0.8680000305175781,0.8690000176429749,0.8700000643730164,0.8710000514984131,0.8720000386238098,0.8730000257492065,0.8740000128746033,0.8750000596046448,0.8760000467300415,0.8770000338554382,0.878000020980835,0.8790000677108765,0.8800000548362732,0.8810000419616699,0.8820000290870667],"type":"arraytest"}}
1767672545[Client 1] {"common":{"content":"zxcvasd","type":"login"}}
1767672547[Client 1] {"common":{"content":[0.0010000000474974513,0.0020000000949949026,0.003000000026077032,0.004000000189989805,0.005000000353902578,0.006000000052154064,0.007000000216066837,0.00800000037997961,0.009000000543892384,0.010000000707805157,0.01100000087171793,0.012000000104308128,0.013000000268220901,0.014000000432133675,0.015000000596046448,0.01600000075995922,0.017000000923871994,0.018000001087784767,0.01900000125169754,0.020000001415610313,0.021000001579523087,0.02200000174343586,0.023000001907348633,0.024000000208616257,0.02500000037252903,0.026000000536441803,0.027000000700354576,0.02800000086426735,0.029000001028180122,0.030000001192092896,0.03100000135600567,0.03200000151991844,0.032999999821186066,0.03400000184774399,0.03500000014901161,0.036000002175569534,0.03700000047683716,0.03800000250339508,0.039000000804662704,0.04000000283122063,0.04100000113248825,0.04200000315904617,0.0430000014603138,0.04400000348687172,0.04500000178813934,0.046000003814697266,0.04700000211596489,0.04800000041723251,0.049000002443790436,0.05000000074505806,0.05100000277161598,0.052000001072883606,0.05300000309944153,0.05400000140070915,0.055000003427267075,0.0560000017285347,0.05700000375509262,0.058000002056360245,0.05900000408291817,0.06000000238418579,0.06100000441074371,0.06200000271201134,0.06300000101327896,0.06400000303983688,0.0650000050663948,0.06599999964237213,0.06700000166893005,0.06800000369548798,0.0690000057220459,0.07000000029802322,0.07100000232458115,0.07200000435113907,0.07300000637769699,0.07400000095367432,0.07500000298023224,0.07600000500679016,0.07700000703334808,0.07800000160932541,0.07900000363588333,0.08000000566244125,0.08100000023841858,0.0820000022649765,0.08300000429153442,0.08400000631809235,0.08500000089406967,0.0860000029206276,0.08700000494718552,0.08800000697374344,0.08900000154972076,0.09000000357627869,0.09100000560283661,0.09200000762939453,0.09300000220537186,0.09400000423192978,0.0950000062584877,0.09600000083446503,0.09700000286102295,0.09800000488758087,0.0990000069141388,0.10000000149011612,0.10100000351667404,0.10200000554323196,0.10300000756978989,0.10400000214576721,0.10500000417232513,0.10600000619888306,0.10700000822544098,0.1080000028014183,0.10900000482797623,0.11000000685453415,0.11100000888109207,0.1120000034570694,0.11300000548362732,0.11400000751018524,0.11500000208616257,0.11600000411272049,0.11700000613927841,0.11800000816583633,0.11900000274181366,0.12000000476837158,0.1210000067949295,0.12200000882148743,0.12300000339746475,0.12400000542402267,0.125,0.12600000202655792,0.12700000405311584,0.12800000607967377,0.1290000081062317,0.1300000101327896,0.13100001215934753,0.13199999928474426,0.13300000131130219,0.1340000033378601,0.13500000536441803,0.13600000739097595,0.13700000941753387,0.1380000114440918,0.13900001347064972,0.14000000059604645,0.14100000262260437,0.1420000046491623,0.14300000667572021,0.14400000870227814,0.14500001072883606,0.14600001275539398,0.1469999998807907,0.14800000190734863,0.14900000393390656,0.15000000596046448,0.1510000079870224,0.15200001001358032,0.15300001204013824,0.15400001406669617,0.1550000011920929,0.15600000321865082,0.15700000524520874,0.15800000727176666,0.15900000929832458,0.1600000113248825,0.16100001335144043,0.16200000047683716,0.16300000250339508,0.164000004529953,0.16500000655651093,0.16600000858306885,0.16700001060962677,0.1680000126361847,0.16900001466274261,0.17000000178813934,0.17100000381469727,0.1720000058412552,0.1730000078678131,0.17400000989437103,0.17500001192092896,0.17600001394748688,0.1770000010728836,0.17800000309944153,0.17900000512599945,0.18000000715255737,0.1810000091791153,0.18200001120567322,0.18300001323223114,0.18400001525878906,0.1850000023841858,0.1860000044107437,0.18700000643730164,0.18800000846385956,0.18900001049041748,0.1900000125169754,0.19100001454353333,0.19200000166893005,0.19300000369548798,0.1940000057220459,0.19500000774860382,0.19600000977516174,0.19700001180171967,0.1980000138282776,0.1990000158548355,0.20000000298023224,0.20100000500679016,0.20200000703334808,0.203000009059906,0.20400001108646393,0.20500001311302185,0.20600001513957977,0.2070000171661377,0.20800000429153442,0.20900000631809235,0.21000000834465027,0.2110000103712082,0.2120000123977661,0.21300001442432404,0.21400001645088196,0.2150000035762787,0.2160000056028366,0.21700000762939453,0.21800000965595245,0.21900001168251038,0.2200000137090683,0.22100001573562622,0.22200001776218414,0.22300000488758087,0.2240000069141388,0.22500000894069672,0.22600001096725464,0.22700001299381256,0.22800001502037048,0.2290000170469284,0.23000000417232513,0.23100000619888306,0.23200000822544098,0.2330000102519989,0.23400001227855682,0.23500001430511475,0.23600001633167267,0.2370000183582306,0.23800000548362732,0.23900000751018524,0.24000000953674316,0.2410000115633011,0.242000013589859,0.24300001561641693,0.24400001764297485,0.24500000476837158,0.2460000067949295,0.24700000882148743,0.24800001084804535,0.24900001287460327,0.25,0.2510000169277191,0.25200000405311584,0.25300002098083496,0.2540000081062317,0.2550000250339508,0.25600001215934753,0.25699999928474426,0.2580000162124634,0.2590000033378601,0.2600000202655792,0.26100000739097595,0.26200002431869507,0.2630000114440918,0.2639999985694885,0.26500001549720764,0.26600000262260437,0.2670000195503235,0.2680000066757202,0.26900002360343933,0.27000001072883606,0.2710000276565552,0.2720000147819519,0.27300000190734863,0.27400001883506775,0.2750000059604645,0.2760000228881836,0.2770000100135803,0.27800002694129944,0.27900001406669617,0.2800000011920929,0.281000018119812,0.28200000524520874,0.28300002217292786,0.2840000092983246,0.2850000262260437,0.28600001335144043,0.28700000047683716,0.2880000174045563,0.289000004529953,0.2900000214576721,0.29100000858306885,0.29200002551078796,0.2930000126361847,0.2939999997615814,0.29500001668930054,0.29600000381469727,0.2970000207424164,0.2980000078678131,0.2990000247955322,0.30000001192092896,0.30100002884864807,0.3020000159740448,0.30300000309944153,0.30400002002716064,0.3050000071525574,0.3060000240802765,0.3070000112056732,0.30800002813339233,0.30900001525878906,0.3100000023841858,0.3110000193119049,0.31200000643730164,0.31300002336502075,0.3140000104904175,0.3150000274181366,0.3160000145435333,0.31700000166893005,0.31800001859664917,0.3190000057220459,0.320000022649765,0.32100000977516174,0.32200002670288086,0.3230000138282776,0.3240000009536743,0.32500001788139343,0.32600000500679016,0.3270000219345093,0.328000009059906,0.3290000259876251,0.33000001311302185,0.33100003004074097,0.3320000171661377,0.3330000042915344,0.33400002121925354,0.33500000834465027,0.3360000252723694,0.3370000123977661,0.33800002932548523,0.33900001645088196,0.3400000035762787,0.3410000205039978,0.34200000762939453,0.34300002455711365,0.3440000116825104,0.3450000286102295,0.3460000157356262,0.34700000286102295,0.34800001978874207,0.3490000069141388,0.3500000238418579,0.35100001096725464,0.35200002789497375,0.3530000150203705,0.3540000021457672,0.35500001907348633,0.35600000619888306,0.3570000231266022,0.3580000102519989,0.359000027179718,0.36000001430511475,0.36100003123283386,0.3620000183582306,0.3630000054836273,0.36400002241134644,0.36500000953674316,0.3660000264644623,0.367000013589859,0.3680000305175781,0.36900001764297485,0.3700000047683716,0.3710000216960907,0.3720000088214874,0.37300002574920654,0.37400001287460327,0.3750000298023224,0.3760000169277191,0.37700000405311584,0.37800002098083496,0.3790000081062317,0.3800000250339508,0.38100001215934753,0.38200002908706665,0.3830000162124634,0.3840000033378601,0.3850000202655792,0.38600000739097595,0.38700002431869507,0.3880000114440918,0.3890000283718109,0.39000001549720764,0.39100003242492676,0.3920000195503235,0.3930000066757202,0.39400002360343933,0.39500001072883606,0.3960000276565552,0.3970000147819519,0.398000031709671,0.39900001883506775,0.4000000059604645,0.4010000228881836,0.4020000100135803,0.40300002694129944,0.40400001406669617,0.4050000309944153,0.406000018119812,0.40700000524520874,0.40800002217292786,0.4090000092983246,0.4100000262260437,0.41100001335144043,0.41200003027915955,0.4130000174045563,0.4140000343322754,0.4150000214576721,0.41600000858306885,0.41700002551078796,0.4180000126361847,0.4190000295639038,0.42000001668930054,0.42100003361701965,0.4220000207424164,0.4230000078678131,0.4240000247955322,0.42500001192092896,0.42600002884864807,0.4270000159740448,0.4280000329017639,0.42900002002716064,0.4300000071525574,0.4310000240802765,0.4320000112056732,0.43300002813339233,0.43400001525878906,0.4350000321865082,0.4360000193119049,0.43700000643730164,0.43800002336502075,0.4390000104904175,0.4400000274181366,0.4410000145435333,0.44200003147125244,0.44300001859664917,0.4440000355243683,0.445000022649765,0.44600000977516174,0.44700002670288086,0.4480000138282776,0.4490000307559967,0.45000001788139343,0.45100003480911255,0.4520000219345093,0.453000009059906,0.4540000259876251,0.45500001311302185,0.45600003004074097,0.4570000171661377,0.4580000340938568,0.45900002121925354,0.46000000834465027,0.4610000252723694,0.4620000123977661,0.46300002932548523,0.46400001645088196,0.4650000333786011,0.4660000205039978,0.46700000762939453,0.46800002455711365,0.4690000116825104,0.4700000286102295,0.4710000157356262,0.47200003266334534,0.47300001978874207,0.4740000367164612,0.4750000238418579,0.47600001096725464,0.47700002789497375,0.4780000150203705,0.4790000319480896,0.48000001907348633,0.48100003600120544,0.4820000231266022,0.4830000102519989,0.484000027179718,0.48500001430511475,0.48600003123283386,0.4870000183582306,0.4880000352859497,0.48900002241134644,0.49000000953674316,0.4910000264644623,0.492000013589859,0.4930000305175781,0.49400001764297485,0.49500003457069397,0.4960000216960907,0.4970000088214874,0.49800002574920654,0.49900001287460327,0.5,0.5010000467300415,0.5020000338554382,0.503000020980835,0.5040000081062317,0.5049999952316284,0.5060000419616699,0.5070000290870667,0.5080000162124634,0.5090000033378601,0.5100000500679016,0.5110000371932983,0.5120000243186951,0.5130000114440918,0.5139999985694885,0.51500004529953,0.5160000324249268,0.5170000195503235,0.5180000066757202,0.5190000534057617,0.5200000405311584,0.5210000276565552,0.5220000147819519,0.5230000019073486,0.5240000486373901,0.5250000357627869,0.5260000228881836,0.5270000100135803,0.527999997138977,0.5290000438690186,0.5300000309944153,0.531000018119812,0.5320000052452087,0.5330000519752502,0.534000039100647,0.5350000262260437,0.5360000133514404,0.5370000004768372,0.5380000472068787,0.5390000343322754,0.5400000214576721,0.5410000085830688,0.5420000553131104,0.5430000424385071,0.5440000295639038,0.5450000166893005,0.5460000038146973,0.5470000505447388,0.5480000376701355,0.5490000247955322,0.550000011920929,0.5509999990463257,0.5520000457763672,0.5530000329017639,0.5540000200271606,0.5550000071525574,0.5560000538825989,0.5570000410079956,0.5580000281333923,0.5590000152587891,0.5600000023841858,0.5610000491142273,0.562000036239624,0.5630000233650208,0.5640000104904175,0.5649999976158142,0.5660000443458557,0.5670000314712524,0.5680000185966492,0.5690000057220459,0.5700000524520874,0.5710000395774841,0.5720000267028809,0.5730000138282776,0.5740000009536743,0.5750000476837158,0.5760000348091125,0.5770000219345093,0.578000009059906,0.5790000557899475,0.5800000429153442,0.581000030040741,0.5820000171661377,0.5830000042915344,0.5840000510215759,0.5850000381469727,0.5860000252723694,0.5870000123977661,0.5879999995231628,0.5890000462532043,0.5900000333786011,0.5910000205039978,0.5920000076293945,0.593000054359436,0.5940000414848328,0.5950000286102295,0.5960000157356262,0.597000002861023,0.5980000495910645,0.5990000367164612,0.6000000238418579,0.6010000109672546,0.6020000576972961,0.6030000448226929,0.6040000319480896,0.6050000190734863,0.6060000061988831,0.6070000529289246,0.6080000400543213,0.609000027179718,0.6100000143051147,0.6110000014305115,0.612000048160553,0.6130000352859497,0.6140000224113464,0.6150000095367432,0.6160000562667847,0.6170000433921814,0.6180000305175781,0.6190000176429749,0.6200000047683716,0.6210000514984131,0.6220000386238098,0.6230000257492065,0.6240000128746033,0.625,0.6260000467300415,0.6270000338554382,0.628000020980835,0.6290000081062317,0.6300000548362732,0.6310000419616699,0.6320000290870667,0.6330000162124634,0.6340000033378601,0.6350000500679016,0.6360000371932983,0.6370000243186951,0.6380000114440918,0.6390000581741333,0.64000004529953,0.6410000324249268,0.6420000195503235,0.6430000066757202,0.6440000534057617,0.6450000405311584,0.6460000276565552,0.6470000147819519,0.6480000019073486,0.6490000486373901,0.6500000357627869,0.6510000228881836,0.6520000100135803,0.6530000567436218,0.6540000438690186,0.6550000309944153,0.656000018119812,0.6570000052452087,0.6580000519752502,0.659000039100647,0.6600000262260437,0.6610000133514404,0.6620000600814819,0.6630000472068787,0.6640000343322754,0.6650000214576721,0.6660000085830688,0.6670000553131104,0.6680000424385071,0.6690000295639038,0.6700000166893005,0.6710000038146973,0.6720000505447388,0.6730000376701355,0.6740000247955322,0.675000011920929,0.6760000586509705,0.6770000457763672,0.6780000329017639,0.6790000200271606,0.6800000071525574,0.6810000538825989,0.6820000410079956,0.6830000281333923,0.6840000152587891,0.6850000619888306,0.6860000491142273,0.687000036239624,0.6880000233650208,0.6890000104904175,0.690000057220459,0.6910000443458557,0.6920000314712524,0.6930000185966492,0.6940000057220459,0.6950000524520874,0.6960000395774841,0.6970000267028809,0.6980000138282776,0.6990000605583191,0.7000000476837158,0.7010000348091125,0.7020000219345093,0.703000009059906,0.7040000557899475,0.7050000429153442,0.706000030040741,0.7070000171661377,0.7080000042915344,0.7090000510215759,0.7100000381469727,0.7110000252723694,0.7120000123977661,0.7130000591278076,0.7140000462532043,0.7150000333786011,0.7160000205039978,0.7170000076293945,0.718000054359436,0.7190000414848328,0.7200000286102295,0.7210000157356262,0.7220000624656677,0.7230000495910645,0.7240000367164612,0.7250000238418579,0.7260000109672546,0.7270000576972961,0.7280000448226929,0.7290000319480896,0.7300000190734863,0.7310000061988831,0.7320000529289246,0.7330000400543213,0.734000027179718,0.7350000143051147,0.7360000610351563,0.737000048160553,0.7380000352859497,0.7390000224113464,0.7400000095367432,0.7410000562667847,0.7420000433921814,0.7430000305175781,0.7440000176429749,0.7450000643730164,0.7460000514984131,0.7470000386238098,0.7480000257492065,0.7490000128746033,0.7500000596046448,0.7510000467300415,0.7520000338554382,0.753000020980835,0.7540000081062317,0.7550000548362732,0.7560000419616699,0.7570000290870667,0.7580000162124634,0.7590000629425049,0.7600000500679016,0.7610000371932983,0.7620000243186951,0.7630000114440918,0.7640000581741333,0.76500004529953,0.7660000324249268,0.7670000195503235,0.7680000066757202,0.7690000534057617,0.7700000405311584,0.7710000276565552,0.7720000147819519,0.7730000615119934,0.7740000486373901,0.7750000357627869,0.7760000228881836,0.7770000100135803,0.7780000567436218,0.7790000438690186,0.7800000309944153,0.781000018119812,0.7820000648498535,0.7830000519752502,0.784000039100647,0.7850000262260437,0.7860000133514404,0.7870000600814819,0.7880000472068787,0.7890000343322754,0.7900000214576721,0.7910000085830688,0.7920000553131104,0.7930000424385071,0.7940000295639038,0.7950000166893005,0.796000063419342,0.7970000505447388,0.7980000376701355,0.7990000247955322,0.800000011920929,0.8010000586509705,0.8020000457763672,0.8030000329017639,0.8040000200271606,0.8050000667572021,0.8060000538825989,0.8070000410079956,0.8080000281333923,0.8090000152587891,0.8100000619888306,0.8110000491142273,0.812000036239624,0.8130000233650208,0.8140000104904175,0.815000057220459,0.8160000443458557,0.8170000314712524,0.8180000185966492,0.8190000653266907,0.8200000524520874,0.8210000395774841,0.8220000267028809,0.8230000138282776,0.8240000605583191,0.8250000476837158,0.8260000348091125,0.8270000219345093,0.8280000686645508,0.8290000557899475,0.8300000429153442,0.831000030040741,0.8320000171661377,0.8330000638961792,0.8340000510215759,0.8350000381469727,0.8360000252723694,0.8370000123977661,0.8380000591278076,0.8390000462532043,0.8400000333786011,0.8410000205039978,0.8420000672340393,0.843000054359436,0.8440000414848328,0.8450000286102295,0.8460000157356262,0.8470000624656677,0.8480000495910645,0.8490000367164612,0.8500000238418579,0.8510000109672546,0.8520000576972961,0.8530000448226929,0.8540000319480896,0.8550000190734863,0.8560000658035278,0.8570000529289246,0.8580000400543213,0.859000027179718,0.8600000143051147,0.8610000610351563,0.862000048160553,0.8630000352859497,0.8640000224113464,0.8650000691413879,0.8660000562667847,0.8670000433921814,0.8680000305175781,0.8690000176429749,0.8700000643730164,0.8710000514984131,0.8720000386238098,0.8730000257492065,0.8740000128746033,0.8750000596046448,0.8760000467300415,0.8770000338554382,0.878000020980835,0.8790000677108765,0.8800000548362732,0.8810000419616699,0.8820000290870667],"type":"arraytest"}}
1767672623[Client 1] {"common":{"content":"zxcvasdf","type":"login"}}
1767672625[Client 1] {"common":{"content":[3,6,9,12,15,18,21,24,27,30,33,36,39,42,45,48,51,54,57,60,63,66,69,72,75,78,81,84,87,90,93,96,99,102,105,108,111,114,117,120,123,126,129,132,135,138,141,144,147,150,153,156,159,162,165,168,171,174,177,180,183,186,189,192,195,198,201,204,207,210,213,216,219,222,225,228,231,234,237,240,243,246,249,252,255,258,261,264,267,270,273,276,279,282,285,288,291,294,297,300,303,306,309,312,315,318,321,324,327,330,333,336,339,342,345,348,351,354,357,360,363,366,369,372,375,378,381,384,387,390,393,396,399,402,405,408,411,414,417,420,423,426,429,432,435,438,441,444,447,450,453,456,459,462,465,468,471,474,477,480,483,486,489,492,495,498,501,504,507,510,513,516,519,522,525,528,531,534,537,540,543,546,549,552,555,558,561,564,567,570,573,576,579,582,585,588,591,594,597,600,603,606,609,612,615,618,621,624,627,630,633,636,639,642,645,648,651,654,657,660,663,666,669,672,675,678,681,684,687,690,693,696,699,702,705,708,711,714,717,720,723,726,729,732,735,738,741,744,747,750,753,756,759,762,765,768,771,774,777,780,783,786,789,792,795,798,801,804,807,810,813,816,819,822,825,828,831,834,837,840,843,846,849,852,855,858,861,864,867,870,873,876,879,882,885,888,891,894,897,900,903,906,909,912,915,918,921,924,927,930,933,936,939,942,945,948,951,954,957,960,963,966,969,972,975,978,981,984,987,990,993,996,999,1002,1005,1008,1011,1014,1017,1020,1023,1026,1029,1032,1035,1038,1041,1044,1047,1050,1053,1056,1059,1062,1065,1068,1071,1074,1077,1080,1083,1086,1089,1092,1095,1098,1101,1104,1107,1110,1113,1116,1119,1122,1125,1128,1131,1134,1137,1140,1143,1146,1149,1152,1155,1158,1161,1164,1167,1170,1173,1176,1179,1182,1185,1188,1191,1194,1197,1200,1203,1206,1209,1212,1215,1218,1221,1224,1227,1230,1233,1236,1239,1242,1245,1248,1251,1254,1257,1260,1263,1266,1269,1272,1275,1278,1281,1284,1287,1290,1293,1296,1299,1302,1305,1308,1311,1314,1317,1320,1323,1326,1329,1332,1335,1338,1341,1344,1347,1350,1353,1356,1359,1362,1365,1368,1371,1374,1377,1380,1383,1386,1389,1392,1395,1398,1401,1404,1407,1410,1413,1416,1419,1422,1425,1428,1431,1434,1437,1440,1443,1446,1449,1452,1455,1458,1461,1464,1467,1470,1473,1476,1479,1482,1485,1488,1491,1494,1497,1500,1503,1506,1509,1512,1515,1518,1521,1524,1527,1530,1533,1536,1539,1542,1545,1548,1551,1554,1557,1560,1563,1566,1569,1572,1575,1578,1581,1584,1587,1590,1593,1596,1599,1602,1605,1608,1611,1614,1617,1620,1623,1626,1629,1632,1635,1638,1641,1644,1647,1650,1653,1656,1659,1662,1665,1668,1671,1674,1677,1680,1683,1686,1689,1692,1695,1698,1701,1704,1707,1710,1713,1716,1719,1722,1725,1728,1731,1734,1737,1740,1743,1746,1749,1752,1755,1758,1761,1764,1767,1770,1773,1776,1779,1782,1785,1788,1791,1794,1797,1800,1803,1806,1809,1812,1815,1818,1821,1824,1827,1830,1833,1836,1839,1842,1845,1848,1851,1854,1857,1860,1863,1866,1869,1872,1875,1878,1881,1884,1887,1890,1893,1896,1899,1902,1905,1908,1911,1914,1917,1920,1923,1926,1929,1932,1935,1938,1941,1944,1947,1950,1953,1956,1959,1962,1965,1968,1971,1974,1977,1980,1983,1986,1989,1992,1995,1998,2001,2004,2007,2010,2013,2016,2019,2022,2025,2028,2031,2034,2037,2040,2043,2046,2049,2052,2055,2058,2061,2064,2067,2070,2073,2076,2079,2082,2085,2088,2091,2094,2097,2100,2103,2106,2109,2112,2115,2118,2121,2124,2127,2130,2133,2136,2139,2142,2145,2148,2151,2154,2157,2160,2163,2166,2169,2172,2175,2178,2181,2184,2187,2190,2193,2196,2199,2202,2205,2208,2211,2214,2217,2220,2223,2226,2229,2232,2235,2238,2241,2244,2247,2250,2253,2256,2259,2262,2265,2268,2271,2274,2277,2280,2283,2286,2289,2292,2295,2298,2301,2304,2307,2310,2313,2316,2319,2322,2325,2328,2331,2334,2337,2340,2343,2346,2349,2352,2355,2358,2361,2364,2367,2370,2373,2376,2379,2382,2385,2388,2391,2394,2397,2400,2403,2406,2409,2412,2415,2418,2421,2424,2427,2430,2433,2436,2439,2442,2445,2448,2451,2454,2457,2460,2463,2466,2469,2472,2475,2478,2481,2484,2487,2490,2493,2496,2499,2502,2505,2508,2511,2514,2517,2520,2523,2526,2529,2532,2535,2538,2541,2544,2547,2550,2553,2556,2559,2562,2565,2568,2571,2574,2577,2580,2583,2586,2589,2592,2595,2598,2601,2604,2607,2610,2613,2616,2619,2622,2625,2628,2631,2634,2637,2640,2643,2646],"type":"arraytest"}}
1768815946[Client 1] {"common":{"content":"ㅁㄴㅇㄹㅋㅌㅊㅍ","type":"login"}}
1771733655[Client 1] {"common":{"content":"ㅋㅌㅊㅍㅁㄴㅇㄹ","type":"login"}}
1771733895[Client 1] {"common":{"content":"ㅁㄴㅇㄻㄴㅇㄹ","type":"login"}}
1771733906[Client 1] {"common":{"content":[3.0999999046325684,6.199999809265137,9.299999237060547,12.399999618530273,15.5,18.599998474121094,21.69999885559082,24.799999237060547,27.899999618530273,31.0,34.099998474121094,37.19999694824219,40.29999923706055,43.39999771118164,46.5,49.599998474121094,52.69999694824219,55.79999923706055,58.89999771118164,62.0,65.0999984741211,68.19999694824219,71.29999542236328,74.39999389648438,77.5,80.5999984741211,83.69999694824219,86.79999542236328,89.89999389648438,93.0,96.0999984741211,99.19999694824219,102.29999542236328,105.39999389648438,108.5,111.5999984741211,114.69999694824219,117.79999542236328,120.89999389648438,124.0,127.0999984741211,130.1999969482422,133.3000030517578,136.39999389648438,139.5,142.59999084472656,145.6999969482422,148.79998779296875,151.89999389648438,155.0,158.09999084472656,161.1999969482422,164.29998779296875,167.39999389648438,170.5,173.59999084472656,176.6999969482422,179.79998779296875,182.89999389648438,186.0,189.09999084472656,192.1999969482422,195.29998779296875,198.39999389648438,201.5,204.59999084472656,207.6999969482422,210.79998779296875,213.89999389648438,217.0,220.09999084472656,223.1999969482422,226.29998779296875,229.39999389648438,232.5,235.59999084472656,238.6999969482422,241.79998779296875,244.89999389648438,248.0,251.09999084472656,254.1999969482422,257.29998779296875,260.3999938964844,263.5,266.6000061035156,269.6999816894531,272.79998779296875,275.8999938964844,279.0,282.1000061035156,285.1999816894531,288.29998779296875,291.3999938964844,294.5,297.5999755859375,300.6999816894531,303.79998779296875,306.8999938964844,310.0,313.0999755859375,316.1999816894531,319.29998779296875,322.3999938964844,325.5,328.5999755859375,331.6999816894531,334.79998779296875,337.8999938964844,341.0,344.0999755859375,347.1999816894531,350.29998779296875,353.3999938964844,356.5,359.5999755859375,362.6999816894531,365.79998779296875,368.8999938964844,372.0,375.0999755859375,378.1999816894531,381.29998779296875,384.3999938964844,387.5,390.5999755859375,393.6999816894531,396.79998779296875,399.8999938964844,403.0,406.0999755859375,409.1999816894531,412.29998779296875,415.3999938964844,418.5,421.5999755859375,424.6999816894531,427.79998779296875,430.8999938964844,434.0,437.0999755859375,440.1999816894531,443.29998779296875,446.3999938964844,449.5,452.5999755859375,455.6999816894531,458.79998779296875,461.8999938964844,465.0,468.0999755859375,471.1999816894531,474.29998779296875,477.3999938964844,480.5,483.5999755859375,486.6999816894531,489.79998779296875,492.8999938964844,496.0,499.0999755859375,502.1999816894531,505.29998779296875,508.3999938964844,511.4999694824219,514.5999755859375,517.7000122070313,520.7999877929688,523.8999633789063,527.0,530.0999755859375,533.2000122070313,536.2999877929688,539.3999633789063,542.5,545.5999755859375,548.7000122070313,551.7999877929688,554.8999633789063,558.0,561.0999755859375,564.2000122070313,567.2999877929688,570.3999633789063,573.5,576.5999755859375,579.7000122070313,582.7999877929688,585.8999633789063,589.0,592.0999755859375,595.199951171875,598.2999877929688,601.3999633789063,604.5,607.5999755859375,610.699951171875,613.7999877929688,616.8999633789063,620.0,623.0999755859375,626.199951171875,629.2999877929688,632.3999633789063,635.5,638.5999755859375,641.699951171875,644.7999877929688,647.8999633789063,651.0,654.0999755859375,657.199951171875,660.2999877929688,663.3999633789063,666.5,669.5999755859375,672.699951171875,675.7999877929688,678.8999633789063,682.0,685.0999755859375,688.199951171875,691.2999877929688,694.3999633789063,697.5,700.5999755859375,703.699951171875,706.7999877929688,709.8999633789063,713.0,716.0999755859375,719.199951171875,722.2999877929688,725.3999633789063,728.5,731.5999755859375,734.699951171875,737.7999877929688,740.8999633789063,744.0,747.0999755859375,750.199951171875,753.2999877929688,756.3999633789063,759.5,762.5999755859375,765.699951171875,768.7999877929688,771.8999633789063,775.0,778.0999755859375,781.199951171875,784.2999877929688,787.3999633789063,790.5,793.5999755859375,796.699951171875,799.7999877929688,802.8999633789063,806.0,809.0999755859375,812.199951171875,815.2999877929688,818.3999633789063,821.5,824.5999755859375,827.699951171875,830.7999877929688,833.8999633789063,837.0,840.0999755859375,843.199951171875,846.2999877929688,849.3999633789063,852.5,855.5999755859375,858.699951171875,861.7999877929688,864.8999633789063,868.0,871.0999755859375,874.199951171875,877.2999877929688,880.3999633789063,883.5,886.5999755859375,889.699951171875,892.7999877929688,895.8999633789063,899.0,902.0999755859375,905.199951171875,908.2999877929688,911.3999633789063,914.5,917.5999755859375,920.699951171875,923.7999877929688,926.8999633789063,930.0,933.0999755859375,936.199951171875,939.2999877929688,942.3999633789063,945.5,948.5999755859375,951.699951171875,954.7999877929688,957.8999633789063,961.0,964.0999755859375,967.199951171875,970.2999877929688,973.3999633789063,976.5,979.5999755859375,982.699951171875,985.7999877929688,988.8999633789063,992.0,995.0999755859375,998.199951171875,1001.2999877929688,1004.3999633789063,1007.4999389648438,1010.5999755859375,1013.699951171875,1016.7999877929688,1019.8999633789063,1022.9999389648438,1026.0999755859375,1029.199951171875,1032.2999267578125,1035.4000244140625,1038.5,1041.5999755859375,1044.699951171875,1047.7999267578125,1050.9000244140625,1054.0,1057.0999755859375,1060.199951171875,1063.2999267578125,1066.4000244140625,1069.5,1072.5999755859375,1075.699951171875,1078.7999267578125,1081.9000244140625,1085.0,1088.0999755859375,1091.199951171875,1094.2999267578125,1097.4000244140625,1100.5,1103.5999755859375,1106.699951171875,1109.7999267578125,1112.9000244140625,1116.0,1119.0999755859375,1122.199951171875,1125.2999267578125,1128.4000244140625,1131.5,1134.5999755859375,1137.699951171875,1140.7999267578125,1143.9000244140625,1147.0,1150.0999755859375,1153.199951171875,1156.2999267578125,1159.4000244140625,1162.5,1165.5999755859375,1168.699951171875,1171.7999267578125,1174.9000244140625,1178.0,1181.0999755859375,1184.199951171875,1187.2999267578125,1190.39990234375,1193.5,1196.5999755859375,1199.699951171875,1202.7999267578125,1205.89990234375,1209.0,1212.0999755859375,1215.199951171875,1218.2999267578125,1221.39990234375,1224.5,1227.5999755859375,1230.699951171875,1233.7999267578125,1236.89990234375,1240.0,1243.0999755859375,1246.199951171875,1249.2999267578125,1252.39990234375,1255.5,1258.5999755859375,1261.699951171875,1264.7999267578125,1267.89990234375,1271.0,1274.0999755859375,1277.199951171875,1280.2999267578125,1283.39990234375,1286.5,1289.5999755859375,1292.699951171875,1295.7999267578125,1298.89990234375,1302.0,1305.0999755859375,1308.199951171875,1311.2999267578125,1314.39990234375,1317.5,1320.5999755859375,1323.699951171875,1326.7999267578125,1329.89990234375,1333.0,1336.0999755859375,1339.199951171875,1342.2999267578125,1345.39990234375,1348.5,1351.5999755859375,1354.699951171875,1357.7999267578125,1360.89990234375,1364.0,1367.0999755859375,1370.199951171875,1373.2999267578125,1376.39990234375,1379.5,1382.5999755859375,1385.699951171875,1388.7999267578125,1391.89990234375,1395.0,1398.0999755859375,1401.199951171875,1404.2999267578125,1407.39990234375,1410.5,1413.5999755859375,1416.699951171875,1419.7999267578125,1422.89990234375,1426.0,1429.0999755859375,1432.199951171875,1435.2999267578125,1438.39990234375,1441.5,1444.5999755859375,1447.699951171875,1450.7999267578125,1453.89990234375,1457.0,1460.0999755859375,1463.199951171875,1466.2999267578125,1469.39990234375,1472.5,1475.5999755859375,1478.699951171875,1481.7999267578125,1484.89990234375,1488.0,1491.0999755859375,1494.199951171875,1497.2999267578125,1500.39990234375,1503.5,1506.5999755859375,1509.699951171875,1512.7999267578125,1515.89990234375,1519.0,1522.0999755859375,1525.199951171875,1528.2999267578125,1531.39990234375,1534.5,1537.5999755859375,1540.699951171875,1543.7999267578125,1546.89990234375,1550.0,1553.0999755859375,1556.199951171875,1559.2999267578125,1562.39990234375,1565.5,1568.5999755859375,1571.699951171875,1574.7999267578125,1577.89990234375,1581.0,1584.0999755859375,1587.199951171875,1590.2999267578125,1593.39990234375,1596.5,1599.5999755859375,1602.699951171875,1605.7999267578125,1608.89990234375,1612.0,1615.0999755859375,1618.199951171875,1621.2999267578125,1624.39990234375,1627.5,1630.5999755859375,1633.699951171875,1636.7999267578125,1639.89990234375,1643.0,1646.0999755859375,1649.199951171875,1652.2999267578125,1655.39990234375,1658.5,1661.5999755859375,1664.699951171875,1667.7999267578125,1670.89990234375,1674.0,1677.0999755859375,1680.199951171875,1683.2999267578125,1686.39990234375,1689.5,1692.5999755859375,1695.699951171875,1698.7999267578125,1701.89990234375,1705.0,1708.0999755859375,1711.199951171875,1714.2999267578125,1717.39990234375,1720.5,1723.5999755859375,1726.699951171875,1729.7999267578125,1732.89990234375,1736.0,1739.0999755859375,1742.199951171875,1745.2999267578125,1748.39990234375,1751.5,1754.5999755859375,1757.699951171875,1760.7999267578125,1763.89990234375,1767.0,1770.0999755859375,1773.199951171875,1776.2999267578125,1779.39990234375,1782.5,1785.5999755859375,1788.699951171875,1791.7999267578125,1794.89990234375,1798.0,1801.0999755859375,1804.199951171875,1807.2999267578125,1810.39990234375,1813.5,1816.5999755859375,1819.699951171875,1822.7999267578125,1825.89990234375,1829.0,1832.0999755859375,1835.199951171875,1838.2999267578125,1841.39990234375,1844.5,1847.5999755859375,1850.699951171875,1853.7999267578125,1856.89990234375,1860.0,1863.0999755859375,1866.199951171875,1869.2999267578125,1872.39990234375,1875.5,1878.5999755859375,1881.699951171875,1884.7999267578125,1887.89990234375,1891.0,1894.0999755859375,1897.199951171875,1900.2999267578125,1903.39990234375,1906.5,1909.5999755859375,1912.699951171875,1915.7999267578125,1918.89990234375,1922.0,1925.0999755859375,1928.199951171875,1931.2999267578125,1934.39990234375,1937.5,1940.5999755859375,1943.699951171875,1946.7999267578125,1949.89990234375,1953.0,1956.0999755859375,1959.199951171875,1962.2999267578125,1965.39990234375,1968.5,1971.5999755859375,1974.699951171875,1977.7999267578125,1980.89990234375,1984.0,1987.0999755859375,1990.199951171875,1993.2999267578125,1996.39990234375,1999.4998779296875,2002.5999755859375,2005.699951171875,2008.7999267578125,2011.89990234375,2014.9998779296875,2018.0999755859375,2021.199951171875,2024.2999267578125,2027.39990234375,2030.4998779296875,2033.5999755859375,2036.699951171875,2039.7999267578125,2042.89990234375,2045.9998779296875,2049.099853515625,2052.199951171875,2055.300048828125,2058.39990234375,2061.5,2064.599853515625,2067.699951171875,2070.800048828125,2073.89990234375,2077.0,2080.099853515625,2083.199951171875,2086.300048828125,2089.39990234375,2092.5,2095.599853515625,2098.699951171875,2101.800048828125,2104.89990234375,2108.0,2111.099853515625,2114.199951171875,2117.300048828125,2120.39990234375,2123.5,2126.599853515625,2129.699951171875,2132.800048828125,2135.89990234375,2139.0,2142.099853515625,2145.199951171875,2148.300048828125,2151.39990234375,2154.5,2157.599853515625,2160.699951171875,2163.800048828125,2166.89990234375,2170.0,2173.099853515625,2176.199951171875,2179.300048828125,2182.39990234375,2185.5,2188.599853515625,2191.699951171875,2194.800048828125,2197.89990234375,2201.0,2204.099853515625,2207.199951171875,2210.300048828125,2213.39990234375,2216.5,2219.599853515625,2222.699951171875,2225.800048828125,2228.89990234375,2232.0,2235.099853515625,2238.199951171875,2241.300048828125,2244.39990234375,2247.5,2250.599853515625,2253.699951171875,2256.800048828125,2259.89990234375,2263.0,2266.099853515625,2269.199951171875,2272.300048828125,2275.39990234375,2278.5,2281.599853515625,2284.699951171875,2287.800048828125,2290.89990234375,2294.0,2297.099853515625,2300.199951171875,2303.300048828125,2306.39990234375,2309.5,2312.599853515625,2315.699951171875,2318.800048828125,2321.89990234375,2325.0,2328.099853515625,2331.199951171875,2334.300048828125,2337.39990234375,2340.5,2343.599853515625,2346.699951171875,2349.800048828125,2352.89990234375,2356.0,2359.099853515625,2362.199951171875,2365.300048828125,2368.39990234375,2371.5,2374.599853515625,2377.699951171875,2380.7998046875,2383.89990234375,2387.0,2390.099853515625,2393.199951171875,2396.2998046875,2399.39990234375,2402.5,2405.599853515625,2408.699951171875,2411.7998046875,2414.89990234375,2418.0,2421.099853515625,2424.199951171875,2427.2998046875,2430.39990234375,2433.5,2436.599853515625,2439.699951171875,2442.7998046875,2445.89990234375,2449.0,2452.099853515625,2455.199951171875,2458.2998046875,2461.39990234375,2464.5,2467.599853515625,2470.699951171875,2473.7998046875,2476.89990234375,2480.0,2483.099853515625,2486.199951171875,2489.2998046875,2492.39990234375,2495.5,2498.599853515625,2501.699951171875,2504.7998046875,2507.89990234375,2511.0,2514.099853515625,2517.199951171875,2520.2998046875,2523.39990234375,2526.5,2529.599853515625,2532.699951171875,2535.7998046875,2538.89990234375,2542.0,2545.099853515625,2548.199951171875,2551.2998046875,2554.39990234375,2557.5,2560.599853515625,2563.699951171875,2566.7998046875,2569.89990234375,2573.0,2576.099853515625,2579.199951171875,2582.2998046875,2585.39990234375,2588.5,2591.599853515625,2594.699951171875,2597.7998046875,2600.89990234375,2604.0,2607.099853515625,2610.199951171875,2613.2998046875,2616.39990234375,2619.5,2622.599853515625,2625.699951171875,2628.7998046875,2631.89990234375,2635.0,2638.099853515625,2641.199951171875,2644.2998046875,2647.39990234375,2650.5,2653.599853515625,2656.699951171875,2659.7998046875,2662.89990234375,2666.0,2669.099853515625,2672.199951171875,2675.2998046875,2678.39990234375,2681.5,2684.599853515625,2687.699951171875,2690.7998046875,2693.89990234375,2697.0,2700.099853515625,2703.199951171875,2706.2998046875,2709.39990234375,2712.5,2715.599853515625,2718.699951171875,2721.7998046875,2724.89990234375,2728.0,2731.099853515625,2734.199951171875],"type":"arraytest"}}
1771733991[Client 1] {"common":{"content":"ㅋㅌㅊㅍㅁㄴㅇㄹ","type":"login"}}
1771733992[Client 1] {"common":{"content":[3.0999999046325684,6.199999809265137,9.299999237060547,12.399999618530273,15.5,18.599998474121094,21.69999885559082,24.799999237060547,27.899999618530273,31.0,34.099998474121094,37.19999694824219,40.29999923706055,43.39999771118164,46.5,49.599998474121094,52.69999694824219,55.79999923706055,58.89999771118164,62.0,65.0999984741211,68.19999694824219,71.29999542236328,74.39999389648438,77.5,80.5999984741211,83.69999694824219,86.79999542236328,89.89999389648438,93.0,96.0999984741211,99.19999694824219,102.29999542236328,105.39999389648438,108.5,111.5999984741211,114.69999694824219,117.79999542236328,120.89999389648438,124.0,127.0999984741211,130.1999969482422,133.3000030517578,136.39999389648438,139.5,142.59999084472656,145.6999969482422,148.79998779296875,151.89999389648438,155.0,158.09999084472656,161.1999969482422,164.29998779296875,167.39999389648438,170.5,173.59999084472656,176.6999969482422,179.79998779296875,182.89999389648438,186.0,189.09999084472656,192.1999969482422,195.29998779296875,198.39999389648438,201.5,204.59999084472656,207.6999969482422,210.79998779296875,213.89999389648438,217.0,220.09999084472656,223.1999969482422,226.29998779296875,229.39999389648438,232.5,235.59999084472656,238.6999969482422,241.79998779296875,244.89999389648438,248.0,251.09999084472656,254.1999969482422,257.29998779296875,260.3999938964844,263.5,266.6000061035156,269.6999816894531,272.79998779296875,275.8999938964844,279.0,282.1000061035156,285.1999816894531,288.29998779296875,291.3999938964844,294.5,297.5999755859375,300.6999816894531,303.79998779296875,306.8999938964844,310.0,313.0999755859375,316.1999816894531,319.29998779296875,322.3999938964844,325.5,328.5999755859375,331.6999816894531,334.79998779296875,337.8999938964844,341.0,344.0999755859375,347.1999816894531,350.29998779296875,353.3999938964844,356.5,359.5999755859375,362.6999816894531,365.79998779296875,368.8999938964844,372.0,375.0999755859375,378.1999816894531,381.29998779296875,384.3999938964844,387.5,390.5999755859375,393.6999816894531,396.79998779296875,399.8999938964844,403.0,406.0999755859375,409.1999816894531,412.29998779296875,415.3999938964844,418.5,421.5999755859375,424.6999816894531,427.79998779296875,430.8999938964844,434.0,437.0999755859375,440.1999816894531,443.29998779296875,446.3999938964844,449.5,452.5999755859375,455.6999816894531,458.79998779296875,461.8999938964844,465.0,468.0999755859375,471.1999816894531,474.29998779296875,477.3999938964844,480.5,483.5999755859375,486.6999816894531,489.79998779296875,492.8999938964844,496.0,499.0999755859375,502.1999816894531,505.29998779296875,508.3999938964844,511.4999694824219,514.5999755859375,517.7000122070313,520.7999877929688,523.8999633789063,527.0,530.0999755859375,533.2000122070313,536.2999877929688,539.3999633789063,542.5,545.5999755859375,548.7000122070313,551.7999877929688,554.8999633789063,558.0,561.0999755859375,564.2000122070313,567.2999877929688,570.3999633789063,573.5,576.5999755859375,579.7000122070313,582.7999877929688,585.8999633789063,589.0,592.0999755859375,595.199951171875,598.2999877929688,601.3999633789063,604.5,607.5999755859375,610.699951171875,613.7999877929688,616.8999633789063,620.0,623.0999755859375,626.199951171875,629.2999877929688,632.3999633789063,635.5,638.5999755859375,641.699951171875,644.7999877929688,647.8999633789063,651.0,654.0999755859375,657.199951171875,660.2999877929688,663.3999633789063,666.5,669.5999755859375,672.699951171875,675.7999877929688,678.8999633789063,682.0,685.0999755859375,688.199951171875,691.2999877929688,694.3999633789063,697.5,700.5999755859375,703.699951171875,706.7999877929688,709.8999633789063,713.0,716.0999755859375,719.199951171875,722.2999877929688,725.3999633789063,728.5,731.5999755859375,734.699951171875,737.7999877929688,740.8999633789063,744.0,747.0999755859375,750.199951171875,753.2999877929688,756.3999633789063,759.5,762.5999755859375,765.699951171875,768.7999877929688,771.8999633789063,775.0,778.0999755859375,781.199951171875,784.2999877929688,787.3999633789063,790.5,793.5999755859375,796.699951171875,799.7999877929688,802.8999633789063,806.0,809.0999755859375,812.199951171875,815.2999877929688,818.3999633789063,821.5,824.5999755859375,827.699951171875,830.7999877929688,833.8999633789063,837.0,840.0999755859375,843.199951171875,846.2999877929688,849.3999633789063,852.5,855.5999755859375,858.699951171875,861.7999877929688,864.8999633789063,868.0,871.0999755859375,874.199951171875,877.2999877929688,880.3999633789063,883.5,886.5999755859375,889.699951171875,892.7999877929688,895.8999633789063,899.0,902.0999755859375,905.199951171875,908.2999877929688,911.3999633789063,914.5,917.5999755859375,920.699951171875,923.7999877929688,926.8999633789063,930.0,933.0999755859375,936.199951171875,939.2999877929688,942.3999633789063,945.5,948.5999755859375,951.699951171875,954.7999877929688,957.8999633789063,961.0,964.0999755859375,967.199951171875,970.2999877929688,973.3999633789063,976.5,979.5999755859375,982.699951171875,985.7999877929688,988.8999633789063,992.0,995.0999755859375,998.199951171875,1001.2999877929688,1004.3999633789063,1007.4999389648438,1010.5999755859375,1013.699951171875,1016.7999877929688,1019.8999633789063,1022.9999389648438,1026.0999755859375,1029.199951171875,1032.2999267578125,1035.4000244140625,1038.5,1041.5999755859375,1044.699951171875,1047.7999267578125,1050.9000244140625,1054.0,1057.0999755859375,1060.199951171875,1063.2999267578125,1066.4000244140625,1069.5,1072.5999755859375,1075.699951171875,1078.7999267578125,1081.9000244140625,1085.0,1088.0999755859375,1091.199951171875,1094.2999267578125,1097.4000244140625,1100.5,1103.5999755859375,1106.699951171875,1109.7999267578125,1112.9000244140625,1116.0,1119.0999755859375,1122.199951171875,1125.2999267578125,1128.4000244140625,1131.5,1134.5999755859375,1137.699951171875,1140.7999267578125,1143.9000244140625,1147.0,1150.0999755859375,1153.199951171875,1156.2999267578125,1159.4000244140625,1162.5,1165.5999755859375,1168.699951171875,1171.7999267578125,1174.9000244140625,1178.0,1181.0999755859375,1184.199951171875,1187.2999267578125,1190.39990234375,1193.5,1196.5999755859375,1199.699951171875,1202.7999267578125,1205.89990234375,1209.0,1212.0999755859375,1215.199951171875,1218.2999267578125,1221.39990234375,1224.5,1227.5999755859375,1230.699951171875,1233.7999267578125,1236.89990234375,1240.0,1243.0999755859375,1246.199951171875,1249.2999267578125,1252.39990234375,1255.5,1258.5999755859375,1261.699951171875,1264.7999267578125,1267.89990234375,1271.0,1274.0999755859375,1277.199951171875,1280.2999267578125,1283.39990234375,1286.5,1289.5999755859375,1292.699951171875,1295.7999267578125,1298.89990234375,1302.0,1305.0999755859375,1308.199951171875,1311.2999267578125,1314.39990234375,1317.5,1320.5999755859375,1323.699951171875,1326.7999267578125,1329.89990234375,1333.0,1336.0999755859375,1339.199951171875,1342.2999267578125,1345.39990234375,1348.5,1351.5999755859375,1354.699951171875,1357.7999267578125,1360.89990234375,1364.0,1367.0999755859375,1370.199951171875,1373.2999267578125,1376.39990234375,1379.5,1382.5999755859375,1385.699951171875,1388.7999267578125,1391.89990234375,1395.0,1398.0999755859375,1401.199951171875,1404.2999267578125,1407.39990234375,1410.5,1413.5999755859375,1416.699951171875,1419.7999267578125,1422.89990234375,1426.0,1429.0999755859375,1432.199951171875,1435.2999267578125,1438.39990234375,1441.5,1444.5999755859375,1447.699951171875,1450.7999267578125,1453.89990234375,1457.0,1460.0999755859375,1463.199951171875,1466.2999267578125,1469.39990234375,1472.5,1475.5999755859375,1478.699951171875,1481.7999267578125,1484.89990234375,1488.0,1491.0999755859375,1494.199951171875,1497.2999267578125,1500.39990234375,1503.5,1506.5999755859375,1509.699951171875,1512.7999267578125,1515.89990234375,1519.0,1522.0999755859375,1525.199951171875,1528.2999267578125,1531.39990234375,1534.5,1537.5999755859375,1540.699951171875,1543.7999267578125,1546.89990234375,1550.0,1553.0999755859375,1556.199951171875,1559.2999267578125,1562.39990234375,1565.5,1568.5999755859375,1571.699951171875,1574.7999267578125,1577.89990234375,1581.0,1584.0999755859375,1587.199951171875,1590.2999267578125,1593.39990234375,1596.5,1599.5999755859375,1602.699951171875,1605.7999267578125,1608.89990234375,1612.0,1615.0999755859375,1618.199951171875,1621.2999267578125,1624.39990234375,1627.5,1630.5999755859375,1633.699951171875,1636.7999267578125,1639.89990234375,1643.0,1646.0999755859375,1649.199951171875,1652.2999267578125,1655.39990234375,1658.5,1661.5999755859375,1664.699951171875,1667.7999267578125,1670.89990234375,1674.0,1677.0999755859375,1680.199951171875,1683.2999267578125,1686.39990234375,1689.5,1692.5999755859375,1695.699951171875,1698.7999267578125,1701.89990234375,1705.0,1708.0999755859375,1711.199951171875,1714.2999267578125,1717.39990234375,1720.5,1723.5999755859375,1726.699951171875,1729.7999267578125,1732.89990234375,1736.0,1739.0999755859375,1742.199951171875,1745.2999267578125,1748.39990234375,1751.5,1754.5999755859375,1757.699951171875,1760.7999267578125,1763.89990234375,1767.0,1770.0999755859375,1773.199951171875,1776.2999267578125,1779.39990234375,1782.5,1785.5999755859375,1788.699951171875,1791.7999267578125,1794.89990234375,1798.0,1801.0999755859375,1804.199951171875,1807.2999267578125,1810.39990234375,1813.5,1816.5999755859375,1819.699951171875,1822.7999267578125,1825.89990234375,1829.0,1832.0999755859375,1835.199951171875,1838.2999267578125,1841.39990234375,1844.5,1847.5999755859375,1850.699951171875,1853.7999267578125,1856.89990234375,1860.0,1863.0999755859375,1866.199951171875,1869.2999267578125,1872.39990234375,1875.5,1878.5999755859375,1881.699951171875,1884.7999267578125,1887.89990234375,1891.0,1894.0999755859375,1897.199951171875,1900.2999267578125,1903.39990234375,1906.5,1909.5999755859375,1912.699951171875,1915.7999267578125,1918.89990234375,1922.0,1925.0999755859375,1928.199951171875,1931.2999267578125,1934.39990234375,1937.5,1940.5999755859375,1943.699951171875,1946.7999267578125,1949.89990234375,1953.0,1956.0999755859375,1959.199951171875,1962.2999267578125,1965.39990234375,1968.5,1971.5999755859375,1974.699951171875,1977.7999267578125,1980.89990234375,1984.0,1987.0999755859375,1990.199951171875,1993.2999267578125,1996.39990234375,1999.4998779296875,2002.5999755859375,2005.699951171875,2008.7999267578125,2011.89990234375,2014.9998779296875,2018.0999755859375,2021.199951171875,2024.2999267578125,2027.39990234375,2030.4998779296875,2033.5999755859375,2036.699951171875,2039.7999267578125,2042.89990234375,2045.9998779296875,2049.099853515625,2052.199951171875,2055.300048828125,2058.39990234375,2061.5,2064.599853515625,2067.699951171875,2070.800048828125,2073.89990234375,2077.0,2080.099853515625,2083.199951171875,2086.300048828125,2089.39990234375,2092.5,2095.599853515625,2098.699951171875,2101.800048828125,2104.89990234375,2108.0,2111.099853515625,2114.199951171875,2117.300048828125,2120.39990234375,2123.5,2126.599853515625,2129.699951171875,2132.800048828125,2135.89990234375,2139.0,2142.099853515625,2145.199951171875,2148.300048828125,2151.39990234375,2154.5,2157.599853515625,2160.699951171875,2163.800048828125,2166.89990234375,2170.0,2173.099853515625,2176.199951171875,2179.300048828125,2182.39990234375,2185.5,2188.599853515625,2191.699951171875,2194.800048828125,2197.89990234375,2201.0,2204.099853515625,2207.199951171875,2210.300048828125,2213.39990234375,2216.5,2219.599853515625,2222.699951171875,2225.800048828125,2228.89990234375,2232.0,2235.099853515625,2238.199951171875,2241.300048828125,2244.39990234375,2247.5,2250.599853515625,2253.699951171875,2256.800048828125,2259.89990234375,2263.0,2266.099853515625,2269.199951171875,2272.300048828125,2275.39990234375,2278.5,2281.599853515625,2284.699951171875,2287.800048828125,2290.89990234375,2294.0,2297.099853515625,2300.199951171875,2303.300048828125,2306.39990234375,2309.5,2312.599853515625,2315.699951171875,2318.800048828125,2321.89990234375,2325.0,2328.099853515625,2331.199951171875,2334.300048828125,2337.39990234375,2340.5,2343.599853515625,2346.699951171875,2349.800048828125,2352.89990234375,2356.0,2359.099853515625,2362.199951171875,2365.300048828125,2368.39990234375,2371.5,2374.599853515625,2377.699951171875,2380.7998046875,2383.89990234375,2387.0,2390.099853515625,2393.199951171875,2396.2998046875,2399.39990234375,2402.5,2405.599853515625,2408.699951171875,2411.7998046875,2414.89990234375,2418.0,2421.099853515625,2424.199951171875,2427.2998046875,2430.39990234375,2433.5,2436.599853515625,2439.699951171875,2442.7998046875,2445.89990234375,2449.0,2452.099853515625,2455.199951171875,2458.2998046875,2461.39990234375,2464.5,2467.599853515625,2470.699951171875,2473.7998046875,2476.89990234375,2480.0,2483.099853515625,2486.199951171875,2489.2998046875,2492.39990234375,2495.5,2498.599853515625,2501.699951171875,2504.7998046875,2507.89990234375,2511.0,2514.099853515625,2517.199951171875,2520.2998046875,2523.39990234375,2526.5,2529.599853515625,2532.699951171875,2535.7998046875,2538.89990234375,2542.0,2545.099853515625,2548.199951171875,2551.2998046875,2554.39990234375,2557.5,2560.599853515625,2563.699951171875,2566.7998046875,2569.89990234375,2573.0,2576.099853515625,2579.199951171875,2582.2998046875,2585.39990234375,2588.5,2591.599853515625,2594.699951171875,2597.7998046875,2600.89990234375,2604.0,2607.099853515625,2610.199951171875,2613.2998046875,2616.39990234375,2619.5,2622.599853515625,2625.699951171875,2628.7998046875,2631.89990234375,2635.0,2638.099853515625,2641.199951171875,2644.2998046875,2647.39990234375,2650.5,2653.599853515625,2656.699951171875,2659.7998046875,2662.89990234375,2666.0,2669.099853515625,2672.199951171875,2675.2998046875,2678.39990234375,2681.5,2684.599853515625,2687.699951171875,2690.7998046875,2693.89990234375,2697.0,2700.099853515625,2703.199951171875,2706.2998046875,2709.39990234375,2712.5,2715.599853515625,2718.699951171875,2721.7998046875,2724.89990234375,2728.0,2731.099853515625,2734.199951171875,2737.2998046875,2740.39990234375,2743.5,2746.599853515625,2749.699951171875,2752.7998046875,2755.89990234375,2759.0,2762.099853515625,2765.199951171875,2768.2998046875,2771.39990234375,2774.5,2777.599853515625,2780.699951171875,2783.7998046875,2786.89990234375,2790.0,2793.099853515625,2796.199951171875,2799.2998046875,2802.39990234375,2805.5,2808.599853515625,2811.699951171875,2814.7998046875,2817.89990234375,2821.0,2824.099853515625,2827.199951171875,2830.2998046875,2833.39990234375,2836.5,2839.599853515625,2842.699951171875,2845.7998046875,2848.89990234375,2852.0,2855.099853515625,2858.199951171875,2861.2998046875,2864.39990234375,2867.5,2870.599853515625,2873.699951171875,2876.7998046875,2879.89990234375,2883.0,2886.099853515625,2889.199951171875,2892.2998046875,2895.39990234375,2898.5,2901.599853515625,2904.699951171875,2907.7998046875,2910.89990234375,2914.0,2917.099853515625,2920.199951171875,2923.2998046875,2926.39990234375,2929.5,2932.599853515625,2935.699951171875,2938.7998046875,2941.89990234375,2945.0,2948.099853515625,2951.199951171875,2954.2998046875,2957.39990234375,2960.5,2963.599853515625,2966.699951171875,2969.7998046875,2972.89990234375,2976.0,2979.099853515625,2982.199951171875,2985.2998046875,2988.39990234375,2991.5,2994.599853515625,2997.699951171875,3000.7998046875,3003.89990234375,3007.0,3010.099853515625,3013.199951171875,3016.2998046875,3019.39990234375,3022.5,3025.599853515625,3028.699951171875,3031.7998046875,3034.89990234375,3038.0,3041.099853515625,3044.199951171875,3047.2998046875,3050.39990234375,3053.5,3056.599853515625,3059.699951171875,3062.7998046875,3065.89990234375,3069.0,3072.099853515625,3075.199951171875,3078.2998046875,3081.39990234375,3084.5,3087.599853515625,3090.699951171875,3093.7998046875,3096.89990234375,3100.0,3103.099853515625,3106.199951171875,3109.2998046875,3112.39990234375,3115.5,3118.599853515625,3121.699951171875,3124.7998046875,3127.89990234375,3131.0,3134.099853515625,3137.199951171875,3140.2998046875,3143.39990234375,3146.5,3149.599853515625,3152.699951171875,3155.7998046875,3158.89990234375,3162.0,3165.099853515625,3168.199951171875,3171.2998046875,3174.39990234375,3177.5,3180.599853515625,3183.699951171875,3186.7998046875,3189.89990234375,3193.0,3196.099853515625,3199.199951171875,3202.2998046875,3205.39990234375,3208.5,3211.599853515625,3214.699951171875,3217.7998046875,3220.89990234375,3224.0,3227.099853515625,3230.199951171875,3233.2998046875,3236.39990234375,3239.5,3242.599853515625,3245.699951171875,3248.7998046875,3251.89990234375,3255.0,3258.099853515625,3261.199951171875,3264.2998046875,3267.39990234375,3270.5,3273.599853515625,3276.699951171875,3279.7998046875,3282.89990234375,3286.0,3289.099853515625,3292.199951171875,3295.2998046875,3298.39990234375,3301.5,3304.599853515625,3307.699951171875,3310.7998046875,3313.89990234375,3317.0,3320.099853515625,3323.199951171875,3326.2998046875,3329.39990234375,3332.5,3335.599853515625,3338.699951171875,3341.7998046875,3344.89990234375,3348.0,3351.099853515625,3354.199951171875,3357.2998046875,3360.39990234375,3363.5,3366.599853515625,3369.699951171875,3372.7998046875,3375.89990234375,3379.0,3382.099853515625,3385.199951171875,3388.2998046875,3391.39990234375,3394.5,3397.599853515625,3400.699951171875,3403.7998046875,3406.89990234375,3410.0,3413.099853515625,3416.199951171875,3419.2998046875,3422.39990234375,3425.5,3428.599853515625,3431.699951171875,3434.7998046875,3437.89990234375,3441.0,3444.099853515625,3447.199951171875,3450.2998046875,3453.39990234375,3456.5,3459.599853515625,3462.699951171875,3465.7998046875,3468.89990234375,3472.0,3475.099853515625,3478.199951171875,3481.2998046875,3484.39990234375,3487.5,3490.599853515625,3493.699951171875,3496.7998046875,3499.89990234375,3503.0,3506.099853515625,3509.199951171875,3512.2998046875,3515.39990234375,3518.5,3521.599853515625,3524.699951171875,3527.7998046875,3530.89990234375,3534.0,3537.099853515625,3540.199951171875,3543.2998046875,3546.39990234375,3549.5,3552.599853515625,3555.699951171875,3558.7998046875,3561.89990234375,3565.0,3568.099853515625,3571.199951171875,3574.2998046875,3577.39990234375,3580.5,3583.599853515625,3586.699951171875,3589.7998046875,3592.89990234375,3596.0,3599.099853515625,3602.199951171875,3605.2998046875,3608.39990234375,3611.5,3614.599853515625,3617.699951171875,3620.7998046875,3623.89990234375,3627.0,3630.099853515625,3633.199951171875,3636.2998046875,3639.39990234375,3642.5,3645.599853515625,3648.699951171875,3651.7998046875,3654.89990234375,3658.0,3661.099853515625,3664.199951171875,3667.2998046875,3670.39990234375,3673.5,3676.599853515625,3679.699951171875,3682.7998046875,3685.89990234375,3689.0,3692.099853515625,3695.199951171875,3698.2998046875,3701.39990234375,3704.5,3707.599853515625,3710.699951171875,3713.7998046875,3716.89990234375,3720.0,3723.099853515625,3726.199951171875,3729.2998046875,3732.39990234375,3735.5,3738.599853515625,3741.699951171875,3744.7998046875,3747.89990234375,3751.0,3754.099853515625,3757.199951171875,3760.2998046875,3763.39990234375,3766.5,3769.599853515625,3772.699951171875,3775.7998046875,3778.89990234375,3782.0,3785.099853515625,3788.199951171875,3791.2998046875,3794.39990234375,3797.5,3800.599853515625,3803.699951171875,3806.7998046875,3809.89990234375,3813.0,3816.099853515625,3819.199951171875,3822.2998046875,3825.39990234375,3828.5,3831.599853515625,3834.699951171875,3837.7998046875,3840.89990234375,3844.0,3847.099853515625,3850.199951171875,3853.2998046875,3856.39990234375,3859.5,3862.599853515625,3865.699951171875,3868.7998046875,3871.89990234375,3875.0,3878.099853515625,3881.199951171875,3884.2998046875,3887.39990234375,3890.5,3893.599853515625,3896.699951171875,3899.7998046875,3902.89990234375,3906.0,3909.099853515625,3912.199951171875,3915.2998046875,3918.39990234375,3921.5,3924.599853515625,3927.699951171875,3930.7998046875,3933.89990234375,3937.0,3940.099853515625,3943.199951171875,3946.2998046875,3949.39990234375,3952.5,3955.599853515625,3958.699951171875,3961.7998046875,3964.89990234375,3968.0,3971.099853515625,3974.199951171875,3977.2998046875,3980.39990234375,3983.499755859375,3986.599853515625,3989.699951171875,3992.7998046875,3995.89990234375,3998.999755859375,4002.099853515625,4005.199951171875,4008.2998046875,4011.39990234375,4014.499755859375,4017.599853515625,4020.699951171875,4023.7998046875,4026.89990234375,4029.999755859375,4033.099853515625,4036.199951171875,4039.2998046875,4042.39990234375,4045.499755859375,4048.599853515625,4051.699951171875,4054.7998046875,4057.89990234375,4060.999755859375,4064.099853515625,4067.199951171875,4070.2998046875,4073.39990234375,4076.499755859375,4079.599853515625,4082.699951171875,4085.7998046875,4088.89990234375,4091.999755859375,4095.099853515625,4098.19970703125,4101.2998046875,4104.39990234375,4107.5,4110.60009765625,4113.69970703125,4116.7998046875,4119.89990234375,4123.0,4126.10009765625,4129.19970703125,4132.2998046875,4135.39990234375,4138.5,4141.60009765625,4144.69970703125,4147.7998046875,4150.89990234375,4154.0,4157.10009765625,4160.19970703125,4163.2998046875,4166.39990234375,4169.5,4172.60009765625,4175.69970703125,4178.7998046875,4181.89990234375,4185.0,4188.10009765625,4191.19970703125,4194.2998046875,4197.39990234375,4200.5,4203.60009765625,4206.69970703125,4209.7998046875,4212.89990234375,4216.0,4219.10009765625,4222.19970703125,4225.2998046875,4228.39990234375,4231.5,4234.60009765625,4237.69970703125,4240.7998046875,4243.89990234375,4247.0,4250.10009765625,4253.19970703125,4256.2998046875,4259.39990234375,4262.5,4265.60009765625,4268.69970703125,4271.7998046875,4274.89990234375,4278.0,4281.10009765625,4284.19970703125,4287.2998046875,4290.39990234375,4293.5,4296.60009765625,4299.69970703125,4302.7998046875,4305.89990234375,4309.0,4312.10009765625,4315.19970703125,4318.2998046875,4321.39990234375,4324.5,4327.60009765625,4330.69970703125,4333.7998046875,4336.89990234375,4340.0,4343.10009765625,4346.19970703125,4349.2998046875,4352.39990234375,4355.5,4358.60009765625,4361.69970703125,4364.7998046875,4367.89990234375,4371.0,4374.10009765625,4377.19970703125,4380.2998046875,4383.39990234375,4386.5,4389.60009765625,4392.69970703125,4395.7998046875,4398.89990234375,4402.0,4405.10009765625,4408.19970703125,4411.2998046875,4414.39990234375,4417.5,4420.60009765625,4423.69970703125,4426.7998046875,4429.89990234375,4433.0,4436.10009765625,4439.19970703125,4442.2998046875,4445.39990234375,4448.5,4451.60009765625,4454.69970703125,4457.7998046875,4460.89990234375,4464.0,4467.10009765625,4470.19970703125,4473.2998046875,4476.39990234375,4479.5,4482.60009765625,4485.69970703125,4488.7998046875,4491.89990234375,4495.0,4498.10009765625,4501.19970703125,4504.2998046875,4507.39990234375,4510.5,4513.60009765625,4516.69970703125,4519.7998046875,4522.89990234375,4526.0,4529.10009765625,4532.19970703125,4535.2998046875,4538.39990234375,4541.5,4544.60009765625,4547.69970703125,4550.7998046875,4553.89990234375,4557.0,4560.10009765625,4563.19970703125,4566.2998046875,4569.39990234375,4572.5,4575.60009765625,4578.69970703125,4581.7998046875,4584.89990234375,4588.0,4591.10009765625,4594.19970703125,4597.2998046875,4600.39990234375,4603.5,4606.60009765625,4609.69970703125,4612.7998046875,4615.89990234375,4619.0,4622.10009765625,4625.19970703125,4628.2998046875,4631.39990234375,4634.5,4637.60009765625,4640.69970703125,4643.7998046875,4646.89990234375,4650.0,4653.10009765625,4656.19970703125,4659.2998046875,4662.39990234375,4665.5,4668.60009765625,4671.69970703125,4674.7998046875,4677.89990234375,4681.0,4684.10009765625,4687.19970703125,4690.2998046875,4693.39990234375,4696.5,4699.60009765625,4702.69970703125,4705.7998046875,4708.89990234375,4712.0,4715.10009765625,4718.19970703125,4721.2998046875,4724.39990234375,4727.5,4730.60009765625,4733.69970703125,4736.7998046875,4739.89990234375,4743.0,4746.10009765625,4749.19970703125,4752.2998046875,4755.39990234375,4758.5,4761.599609375,4764.69970703125,4767.7998046875,4770.89990234375,4774.0,4777.099609375,4780.19970703125,4783.2998046875,4786.39990234375,4789.5,4792.599609375,4795.69970703125,4798.7998046875,4801.89990234375,4805.0,4808.099609375,4811.19970703125,4814.2998046875,4817.39990234375,4820.5,4823.599609375,4826.69970703125,4829.7998046875,4832.89990234375,4836.0,4839.099609375,4842.19970703125,4845.2998046875,4848.39990234375,4851.5,4854.599609375,4857.69970703125,4860.7998046875,4863.89990234375,4867.0,4870.099609375,4873.19970703125,4876.2998046875,4879.39990234375,4882.5,4885.599609375,4888.69970703125,4891.7998046875,4894.89990234375,4898.0,4901.099609375,4904.19970703125,4907.2998046875,4910.39990234375,4913.5,4916.599609375,4919.69970703125,4922.7998046875,4925.89990234375,4929.0,4932.099609375,4935.19970703125,4938.2998046875,4941.39990234375,4944.5,4947.599609375,4950.69970703125,4953.7998046875,4956.89990234375,4960.0,4963.099609375,4966.19970703125,4969.2998046875,4972.39990234375,4975.5,4978.599609375,4981.69970703125,4984.7998046875,4987.89990234375,4991.0,4994.099609375,4997.19970703125,5000.2998046875,5003.39990234375,5006.5,5009.599609375,5012.69970703125,5015.7998046875,5018.89990234375,5022.0,5025.099609375,5028.19970703125,5031.2998046875,5034.39990234375,5037.5,5040.599609375,5043.69970703125,5046.7998046875,5049.89990234375,5053.0,5056.099609375,5059.19970703125,5062.2998046875,5065.39990234375,5068.5,5071.599609375,5074.69970703125,5077.7998046875,5080.89990234375,5084.0,5087.099609375,5090.19970703125,5093.2998046875,5096.39990234375,5099.5,5102.599609375,5105.69970703125,5108.7998046875,5111.89990234375,5115.0,5118.099609375,5121.19970703125,5124.2998046875,5127.39990234375,5130.5,5133.599609375,5136.69970703125,5139.7998046875,5142.89990234375,5146.0,5149.099609375,5152.19970703125,5155.2998046875,5158.39990234375,5161.5,5164.599609375,5167.69970703125,5170.7998046875,5173.89990234375,5177.0,5180.099609375,5183.19970703125,5186.2998046875,5189.39990234375,5192.5,5195.599609375,5198.69970703125,5201.7998046875,5204.89990234375,5208.0,5211.099609375,5214.19970703125,5217.2998046875,5220.39990234375,5223.5,5226.599609375,5229.69970703125,5232.7998046875,5235.89990234375,5239.0,5242.099609375,5245.19970703125,5248.2998046875,5251.39990234375,5254.5,5257.599609375,5260.69970703125,5263.7998046875,5266.89990234375,5270.0,5273.099609375,5276.19970703125,5279.2998046875,5282.39990234375,5285.5,5288.599609375,5291.69970703125,5294.7998046875,5297.89990234375,5301.0,5304.099609375,5307.19970703125,5310.2998046875,5313.39990234375,5316.5,5319.599609375,5322.69970703125,5325.7998046875,5328.89990234375,5332.0,5335.099609375,5338.19970703125,5341.2998046875,5344.39990234375,5347.5,5350.599609375,5353.69970703125,5356.7998046875,5359.89990234375,5363.0,5366.099609375,5369.19970703125,5372.2998046875,5375.39990234375,5378.5,5381.599609375,5384.69970703125,5387.7998046875,5390.89990234375,5394.0,5397.099609375,5400.19970703125,5403.2998046875,5406.39990234375,5409.5,5412.599609375,5415.69970703125,5418.7998046875,5421.89990234375,5425.0,5428.099609375,5431.19970703125,5434.2998046875,5437.39990234375,5440.5,5443.599609375,5446.69970703125,5449.7998046875,5452.89990234375,5456.0,5459.099609375,5462.19970703125,5465.2998046875,5468.39990234375],"type":"arraytest"}}
1771734041[Client 1] {"common":{"content":"ㅋㅌㅊㅁㄴㅇㄹ","type":"login"}}
1771734042[Client 1] {"common":{"content":[3.0999999046325684,6.199999809265137,9.299999237060547,12.399999618530273,15.5,18.599998474121094,21.69999885559082,24.799999237060547,27.899999618530273,31.0,34.099998474121094,37.19999694824219,40.29999923706055,43.39999771118164,46.5,49.599998474121094,52.69999694824219,55.79999923706055,58.89999771118164,62.0,65.0999984741211,68.19999694824219,71.29999542236328,74.39999389648438,77.5,80.5999984741211,83.69999694824219,86.79999542236328,89.89999389648438,93.0,96.0999984741211,99.19999694824219,102.29999542236328,105.39999389648438,108.5,111.5999984741211,114.69999694824219,117.79999542236328,120.89999389648438,124.0,127.0999984741211,130.1999969482422,133.3000030517578,136.39999389648438,139.5,142.59999084472656,145.6999969482422,148.79998779296875,151.89999389648438,155.0,158.09999084472656,161.1999969482422,164.29998779296875,167.39999389648438,170.5,173.59999084472656,176.6999969482422,179.79998779296875,182.89999389648438,186.0,189.09999084472656,192.1999969482422,195.29998779296875,198.39999389648438,201.5,204.59999084472656,207.6999969482422,210.79998779296875,213.89999389648438,217.0,220.09999084472656,223.1999969482422,226.29998779296875,229.39999389648438,232.5,235.59999084472656,238.6999969482422,241.79998779296875,244.89999389648438,248.0,251.09999084472656,254.1999969482422,257.29998779296875,260.3999938964844,263.5,266.6000061035156,269.6999816894531,272.79998779296875,275.8999938964844,279.0,282.1000061035156,285.1999816894531,288.29998779296875,291.3999938964844,294.5,297.5999755859375,300.6999816894531,303.79998779296875,306.8999938964844,310.0,313.0999755859375,316.1999816894531,319.29998779296875,322.3999938964844,325.5,328.5999755859375,331.6999816894531,334.79998779296875,337.8999938964844,341.0,344.0999755859375,347.1999816894531,350.29998779296875,353.3999938964844,356.5,359.5999755859375,362.6999816894531,365.79998779296875,368.8999938964844,372.0,375.0999755859375,378.1999816894531,381.29998779296875,384.3999938964844,387.5,390.5999755859375,393.6999816894531,396.79998779296875,399.8999938964844,403.0,406.0999755859375,409.1999816894531,412.29998779296875,415.3999938964844,418.5,421.5999755859375,424.6999816894531,427.79998779296875,430.8999938964844,434.0,437.0999755859375,440.1999816894531,443.29998779296875,446.3999938964844,449.5,452.5999755859375,455.6999816894531,458.79998779296875,461.8999938964844,465.0,468.0999755859375,471.1999816894531,474.29998779296875,477.3999938964844,480.5,483.5999755859375,486.6999816894531,489.79998779296875,492.8999938964844,496.0,499.0999755859375,502.1999816894531,505.29998779296875,508.3999938964844,511.4999694824219,514.5999755859375,517.7000122070313,520.7999877929688,523.8999633789063,527.0,530.0999755859375,533.2000122070313,536.2999877929688,539.3999633789063,542.5,545.5999755859375,548.7000122070313,551.7999877929688,554.8999633789063,558.0,561.0999755859375,564.2000122070313,567.2999877929688,570.3999633789063,573.5,576.5999755859375,579.7000122070313,582.7999877929688,585.8999633789063,589.0,592.0999755859375,595.199951171875,598.2999877929688,601.3999633789063,604.5,607.5999755859375,610.699951171875,613.7999877929688,616.8999633789063,620.0,623.0999755859375,626.199951171875,629.2999877929688,632.3999633789063,635.5,638.5999755859375,641.699951171875,644.7999877929688,647.8999633789063,651.0,654.0999755859375,657.199951171875,660.2999877929688,663.3999633789063,666.5,669.5999755859375,672.699951171875,675.7999877929688,678.8999633789063,682.0,685.0999755859375,688.199951171875,691.2999877929688,694.3999633789063,697.5,700.5999755859375,703.699951171875,706.7999877929688,709.8999633789063,713.0,716.0999755859375,719.199951171875,722.2999877929688,725.3999633789063,728.5,731.5999755859375,734.699951171875,737.7999877929688,740.8999633789063,744.0,747.0999755859375,750.199951171875,753.2999877929688,756.3999633789063,759.5,762.5999755859375,765.699951171875,768.7999877929688,771.8999633789063,775.0,778.0999755859375,781.199951171875,784.2999877929688,787.3999633789063,790.5,793.5999755859375,796.699951171875,799.7999877929688,802.8999633789063,806.0,809.0999755859375,812.199951171875,815.2999877929688,818.3999633789063,821.5,824.5999755859375,827.699951171875,830.7999877929688,833.8999633789063,837.0,840.0999755859375,843.199951171875,846.2999877929688,849.3999633789063,852.5,855.5999755859375,858.699951171875,861.7999877929688,864.8999633789063,868.0,871.0999755859375,874.199951171875,877.2999877929688,880.3999633789063,883.5,886.5999755859375,889.699951171875,892.7999877929688,895.8999633789063,899.0,902.0999755859375,905.199951171875,908.2999877929688,911.3999633789063,914.5,917.5999755859375,920.699951171875,923.7999877929688,926.8999633789063,930.0,933.0999755859375,936.199951171875,939.2999877929688,942.3999633789063,945.5,948.5999755859375,951.699951171875,954.7999877929688,957.8999633789063,961.0,964.0999755859375,967.199951171875,970.2999877929688,973.3999633789063,976.5,979.5999755859375,982.699951171875,985.7999877929688,988.8999633789063,992.0,995.0999755859375,998.199951171875,1001.2999877929688,1004.3999633789063,1007.4999389648438,1010.5999755859375,1013.699951171875,1016.7999877929688,1019.8999633789063,1022.9999389648438,1026.0999755859375,1029.199951171875,1032.2999267578125,1035.4000244140625,1038.5,1041.5999755859375,1044.699951171875,1047.7999267578125,1050.9000244140625,1054.0,1057.0999755859375,1060.199951171875,1063.2999267578125,1066.4000244140625,1069.5,1072.5999755859375,1075.699951171875,1078.7999267578125,1081.9000244140625,1085.0,1088.0999755859375,1091.199951171875,1094.2999267578125,1097.4000244140625,1100.5,1103.5999755859375,1106.699951171875,1109.7999267578125,1112.9000244140625,1116.0,1119.0999755859375,1122.199951171875,1125.2999267578125,1128.4000244140625,1131.5,1134.5999755859375,1137.699951171875,1140.7999267578125,1143.9000244140625,1147.0,1150.0999755859375,1153.199951171875,1156.2999267578125,1159.4000244140625,1162.5,1165.5999755859375,1168.699951171875,1171.7999267578125,1174.9000244140625,1178.0,1181.0999755859375,1184.199951171875,1187.2999267578125,1190.39990234375,1193.5,1196.5999755859375,1199.699951171875,1202.7999267578125,1205.89990234375,1209.0,1212.0999755859375,1215.199951171875,1218.2999267578125,1221.39990234375,1224.5,1227.5999755859375,1230.699951171875,1233.7999267578125,1236.89990234375,1240.0,1243.0999755859375,1246.199951171875,1249.2999267578125,1252.39990234375,1255.5,1258.5999755859375,1261.699951171875,1264.7999267578125,1267.89990234375,1271.0,1274.0999755859375,1277.199951171875,1280.2999267578125,1283.39990234375,1286.5,1289.5999755859375,1292.699951171875,1295.7999267578125,1298.89990234375,1302.0,1305.0999755859375,1308.199951171875,1311.2999267578125,1314.39990234375,1317.5,1320.5999755859375,1323.699951171875,1326.7999267578125,1329.89990234375,1333.0,1336.0999755859375,1339.199951171875,1342.2999267578125,1345.39990234375,1348.5,1351.5999755859375,1354.699951171875,1357.7999267578125,1360.89990234375,1364.0,1367.0999755859375,1370.199951171875,1373.2999267578125,1376.39990234375,1379.5,1382.5999755859375,1385.699951171875,1388.7999267578125,1391.89990234375,1395.0,1398.0999755859375,1401.199951171875,1404.2999267578125,1407.39990234375,1410.5,1413.5999755859375,1416.699951171875,1419.7999267578125,1422.89990234375,1426.0,1429.0999755859375,1432.199951171875,1435.2999267578125,1438.39990234375,1441.5,1444.5999755859375,1447.699951171875,1450.7999267578125,1453.89990234375,1457.0,1460.0999755859375,1463.199951171875,1466.2999267578125,1469.39990234375,1472.5,1475.5999755859375,1478.699951171875,1481.7999267578125,1484.89990234375,1488.0,1491.0999755859375,1494.199951171875,1497.2999267578125,1500.39990234375,1503.5,1506.5999755859375,1509.699951171875,1512.7999267578125,1515.89990234375,1519.0,1522.0999755859375,1525.199951171875,1528.2999267578125,1531.39990234375,1534.5,1537.5999755859375,1540.699951171875,1543.7999267578125,1546.89990234375,1550.0,1553.0999755859375,1556.199951171875,1559.2999267578125,1562.39990234375,1565.5,1568.5999755859375,1571.699951171875,1574.7999267578125,1577.89990234375,1581.0,1584.0999755859375,1587.199951171875,1590.2999267578125,1593.39990234375,1596.5,1599.5999755859375,1602.699951171875,1605.7999267578125,1608.89990234375,1612.0,1615.0999755859375,1618.199951171875,1621.2999267578125,1624.39990234375,1627.5,1630.5999755859375,1633.699951171875,1636.7999267578125,1639.89990234375,1643.0,1646.0999755859375,1649.199951171875,1652.2999267578125,1655.39990234375,1658.5,1661.5999755859375,1664.699951171875,1667.7999267578125,1670.89990234375,1674.0,1677.0999755859375,1680.199951171875,1683.2999267578125,1686.39990234375,1689.5,1692.5999755859375,1695.699951171875,1698.7999267578125,1701.89990234375,1705.0,1708.0999755859375,1711.199951171875,1714.2999267578125,1717.39990234375,1720.5,1723.5999755859375,1726.699951171875,1729.7999267578125,1732.89990234375,1736.0,1739.0999755859375,1742.199951171875,1745.2999267578125,1748.39990234375,1751.5,1754.5999755859375,1757.699951171875,1760.7999267578125,1763.89990234375,1767.0,1770.0999755859375,1773.199951171875,1776.2999267578125,1779.39990234375,1782.5,1785.5999755859375,1788.699951171875,1791.7999267578125,1794.89990234375,1798.0,1801.0999755859375,1804.199951171875,1807.2999267578125,1810.39990234375,1813.5,1816.5999755859375,1819.699951171875,1822.7999267578125,1825.89990234375,1829.0,1832.0999755859375,1835.199951171875,1838.2999267578125,1841.39990234375,1844.5,1847.5999755859375,1850.699951171875,1853.7999267578125,1856.89990234375,1860.0,1863.0999755859375,1866.199951171875,1869.2999267578125,1872.39990234375,1875.5,1878.5999755859375,1881.699951171875,1884.7999267578125,1887.89990234375,1891.0,1894.0999755859375,1897.199951171875,1900.2999267578125,1903.39990234375,1906.5,1909.5999755859375,1912.699951171875,1915.7999267578125,1918.89990234375,1922.0,1925.0999755859375,1928.199951171875,1931.2999267578125,1934.39990234375,1937.5,1940.5999755859375,1943.699951171875,1946.7999267578125,1949.89990234375,1953.0,1956.0999755859375,1959.199951171875,1962.2999267578125,1965.39990234375,1968.5,1971.5999755859375,1974.699951171875,1977.7999267578125,1980.89990234375,1984.0,1987.0999755859375,1990.199951171875,1993.2999267578125,1996.39990234375,1999.4998779296875,2002.5999755859375,2005.699951171875,2008.7999267578125,2011.89990234375,2014.9998779296875,2018.0999755859375,2021.199951171875,2024.2999267578125,2027.39990234375,2030.4998779296875,2033.5999755859375,2036.699951171875,2039.7999267578125,2042.89990234375,2045.9998779296875,2049.099853515625,2052.199951171875,2055.300048828125,2058.39990234375,2061.5,2064.599853515625,2067.699951171875,2070.800048828125,2073.89990234375,2077.0,2080.099853515625,2083.199951171875,2086.300048828125,2089.39990234375,2092.5,2095.599853515625,2098.699951171875,2101.800048828125,2104.89990234375,2108.0,2111.099853515625,2114.199951171875,2117.300048828125,2120.39990234375,2123.5,2126.599853515625,2129.699951171875,2132.800048828125,2135.89990234375,2139.0,2142.099853515625,2145.199951171875,2148.300048828125,2151.39990234375,2154.5,2157.599853515625,2160.699951171875,2163.800048828125,2166.89990234375,2170.0,2173.099853515625,2176.199951171875,2179.300048828125,2182.39990234375,2185.5,2188.599853515625,2191.699951171875,2194.800048828125,2197.89990234375,2201.0,2204.099853515625,2207.199951171875,2210.300048828125,2213.39990234375,2216.5,2219.599853515625,2222.699951171875,2225.800048828125,2228.89990234375,2232.0,2235.099853515625,2238.199951171875,2241.300048828125,2244.39990234375,2247.5,2250.599853515625,2253.699951171875,2256.800048828125,2259.89990234375,2263.0,2266.099853515625,2269.199951171875,2272.300048828125,2275.39990234375,2278.5,2281.599853515625,2284.699951171875,2287.800048828125,2290.89990234375,2294.0,2297.099853515625,2300.199951171875,2303.300048828125,2306.39990234375,2309.5,2312.599853515625,2315.699951171875,2318.800048828125,2321.89990234375,2325.0,2328.099853515625,2331.199951171875,2334.300048828125,2337.39990234375,2340.5,2343.599853515625,2346.699951171875,2349.800048828125,2352.89990234375,2356.0,2359.099853515625,2362.199951171875,2365.300048828125,2368.39990234375,2371.5,2374.599853515625,2377.699951171875,2380.7998046875,2383.89990234375,2387.0,2390.099853515625,2393.199951171875,2396.2998046875,2399.39990234375,2402.5,2405.599853515625,2408.699951171875,2411.7998046875,2414.89990234375,2418.0,2421.099853515625,2424.199951171875,2427.2998046875,2430.39990234375,2433.5,2436.599853515625,2439.699951171875,2442.7998046875,2445.89990234375,2449.0,2452.099853515625,2455.199951171875,2458.2998046875,2461.39990234375,2464.5,2467.599853515625,2470.699951171875,2473.7998046875,2476.89990234375,2480.0,2483.099853515625,2486.199951171875,2489.2998046875,2492.39990234375,2495.5,2498.599853515625,2501.699951171875,2504.7998046875,2507.89990234375,2511.0,2514.099853515625,2517.199951171875,2520.2998046875,2523.39990234375,2526.5,2529.599853515625,2532.699951171875,2535.7998046875,2538.89990234375,2542.0,2545.099853515625,2548.199951171875,2551.2998046875,2554.39990234375,2557.5,2560.599853515625,2563.699951171875,2566.7998046875,2569.89990234375,2573.0,2576.099853515625,2579.199951171875,2582.2998046875,2585.39990234375,2588.5,2591.599853515625,2594.699951171875,2597.7998046875,2600.89990234375,2604.0,2607.099853515625,2610.199951171875,2613.2998046875,2616.39990234375,2619.5,2622.599853515625,2625.699951171875,2628.7998046875,2631.89990234375,2635.0,2638.099853515625,2641.199951171875,2644.2998046875,2647.39990234375,2650.5,2653.599853515625,2656.699951171875,2659.7998046875,2662.89990234375,2666.0,2669.099853515625,2672.199951171875,2675.2998046875,2678.39990234375,2681.5,2684.599853515625,2687.699951171875,2690.7998046875,2693.89990234375,2697.0,2700.099853515625,2703.199951171875,2706.2998046875,2709.39990234375,2712.5,2715.599853515625,2718.699951171875,2721.7998046875,2724.89990234375,2728.0,2731.099853515625,2734.199951171875,2737.2998046875,2740.39990234375,2743.5,2746.599853515625,2749.699951171875,2752.7998046875,2755.89990234375,2759.0,2762.099853515625,2765.199951171875,2768.2998046875,2771.39990234375,2774.5,2777.599853515625,2780.699951171875,2783.7998046875,2786.89990234375,2790.0,2793.099853515625,2796.199951171875,2799.2998046875,2802.39990234375,2805.5,2808.599853515625,2811.699951171875,2814.7998046875,2817.89990234375,2821.0,2824.099853515625,2827.199951171875,2830.2998046875,2833.39990234375,2836.5,2839.599853515625,2842.699951171875,2845.7998046875,2848.89990234375,2852.0,2855.099853515625,2858.199951171875,2861.2998046875,2864.39990234375,2867.5,2870.599853515625,2873.699951171875,2876.7998046875,2879.89990234375,2883.0,2886.099853515625,2889.199951171875,2892.2998046875,2895.39990234375,2898.5,2901.599853515625,2904.699951171875,2907.7998046875,2910.89990234375,2914.0,2917.099853515625,2920.199951171875,2923.2998046875,2926.39990234375,2929.5,2932.599853515625,2935.699951171875,2938.7998046875,2941.89990234375,2945.0,2948.099853515625,2951.199951171875,2954.2998046875,2957.39990234375,2960.5,2963.599853515625,2966.699951171875,2969.7998046875,2972.89990234375,2976.0,2979.099853515625,2982.199951171875,2985.2998046875,2988.39990234375,2991.5,2994.599853515625,2997.699951171875,3000.7998046875,3003.89990234375,3007.0,3010.099853515625,3013.199951171875,3016.2998046875,3019.39990234375,3022.5,3025.599853515625,3028.699951171875,3031.7998046875,3034.89990234375,3038.0,3041.099853515625,3044.199951171875,3047.2998046875,3050.39990234375,3053.5,3056.599853515625,3059.699951171875,3062.7998046875,3065.89990234375,3069.0,3072.099853515625,3075.199951171875,3078.2998046875,3081.39990234375,3084.5,3087.599853515625,3090.699951171875,3093.7998046875,3096.89990234375,3100.0,3103.099853515625,3106.199951171875,3109.2998046875,3112.39990234375,3115.5,3118.599853515625,3121.699951171875,3124.7998046875,3127.89990234375,3131.0,3134.099853515625,3137.199951171875,3140.2998046875,3143.39990234375,3146.5,3149.599853515625,3152.699951171875,3155.7998046875,3158.89990234375,3162.0,3165.099853515625,3168.199951171875,3171.2998046875,3174.39990234375,3177.5,3180.599853515625,3183.699951171875,3186.7998046875,3189.89990234375,3193.0,3196.099853515625,3199.199951171875,3202.2998046875,3205.39990234375,3208.5,3211.599853515625,3214.699951171875,3217.7998046875,3220.89990234375,3224.0,3227.099853515625,3230.199951171875,3233.2998046875,3236.39990234375,3239.5,3242.599853515625,3245.699951171875,3248.7998046875,3251.89990234375,3255.0,3258.099853515625,3261.199951171875,3264.2998046875,3267.39990234375,3270.5,3273.599853515625,3276.699951171875,3279.7998046875,3282.89990234375,3286.0,3289.099853515625,3292.199951171875,3295.2998046875,3298.39990234375,3301.5,3304.599853515625,3307.699951171875,3310.7998046875,3313.89990234375,3317.0,3320.099853515625,3323.199951171875,3326.2998046875,3329.39990234375,3332.5,3335.599853515625,3338.699951171875,3341.7998046875,3344.89990234375,3348.0,3351.099853515625,3354.199951171875,3357.2998046875,3360.39990234375,3363.5,3366.599853515625,3369.699951171875,3372.7998046875,3375.89990234375,3379.0,3382.099853515625,3385.199951171875,3388.2998046875,3391.39990234375,3394.5,3397.599853515625,3400.699951171875,3403.7998046875,3406.89990234375,3410.0,3413.099853515625,3416.199951171875,3419.2998046875,3422.39990234375,3425.5,3428.599853515625,3431.699951171875,3434.7998046875,3437.89990234375,3441.0,3444.099853515625,3447.199951171875,3450.2998046875,3453.39990234375,3456.5,3459.599853515625,3462.699951171875,3465.7998046875,3468.89990234375,3472.0,3475.099853515625,3478.199951171875,3481.2998046875,3484.39990234375,3487.5,3490.599853515625,3493.699951171875,3496.7998046875,3499.89990234375,3503.0,3506.099853515625,3509.199951171875,3512.2998046875,3515.39990234375,3518.5,3521.599853515625,3524.699951171875,3527.7998046875,3530.89990234375,3534.0,3537.099853515625,3540.199951171875,3543.2998046875,3546.39990234375,3549.5,3552.599853515625,3555.699951171875,3558.7998046875,3561.89990234375,3565.0,3568.099853515625,3571.199951171875,3574.2998046875,3577.39990234375,3580.5,3583.599853515625,3586.699951171875,3589.7998046875,3592.89990234375,3596.0,3599.099853515625,3602.199951171875,3605.2998046875,3608.39990234375,3611.5,3614.599853515625,3617.699951171875,3620.7998046875,3623.89990234375,3627.0,3630.099853515625,3633.199951171875,3636.2998046875,3639.39990234375,3642.5,3645.599853515625,3648.699951171875,3651.7998046875,3654.89990234375,3658.0,3661.099853515625,3664.199951171875,3667.2998046875,3670.39990234375,3673.5,3676.599853515625,3679.699951171875,3682.7998046875,3685.89990234375,3689.0,3692.099853515625,3695.199951171875,3698.2998046875,3701.39990234375,3704.5,3707.599853515625,3710.699951171875,3713.7998046875,3716.89990234375,3720.0,3723.099853515625,3726.199951171875,3729.2998046875,3732.39990234375,3735.5,3738.599853515625,3741.699951171875,3744.7998046875,3747.89990234375,3751.0,3754.099853515625,3757.199951171875,3760.2998046875,3763.39990234375,3766.5,3769.599853515625,3772.699951171875,3775.7998046875,3778.89990234375,3782.0,3785.099853515625,3788.199951171875,3791.2998046875,3794.39990234375,3797.5,3800.599853515625,3803.699951171875,3806.7998046875,3809.89990234375,3813.0,3816.099853515625,3819.199951171875,3822.2998046875,3825.39990234375,3828.5,3831.599853515625,3834.699951171875,3837.7998046875,3840.89990234375,3844.0,3847.099853515625,3850.199951171875,3853.2998046875,3856.39990234375,3859.5,3862.599853515625,3865.699951171875,3868.7998046875,3871.89990234375,3875.0,3878.099853515625,3881.199951171875,3884.2998046875,3887.39990234375,3890.5,3893.599853515625,3896.699951171875,3899.7998046875,3902.89990234375,3906.0,3909.099853515625,3912.199951171875,3915.2998046875,3918.39990234375,3921.5,3924.599853515625,3927.699951171875,3930.7998046875,3933.89990234375,3937.0,3940.099853515625,3943.199951171875,3946.2998046875,3949.39990234375,3952.5,3955.599853515625,3958.699951171875,3961.7998046875,3964.89990234375,3968.0,3971.099853515625,3974.199951171875,3977.2998046875,3980.39990234375,3983.499755859375,3986.599853515625,3989.699951171875,3992.7998046875,3995.89990234375,3998.999755859375,4002.099853515625,4005.199951171875,4008.2998046875,4011.39990234375,4014.499755859375,4017.599853515625,4020.699951171875,4023.7998046875,4026.89990234375,4029.999755859375,4033.099853515625,4036.199951171875,4039.2998046875,4042.39990234375,4045.499755859375,4048.599853515625,4051.699951171875,4054.7998046875,4057.89990234375,4060.999755859375,4064.099853515625,4067.199951171875,4070.2998046875,4073.39990234375,4076.499755859375,4079.599853515625,4082.699951171875,4085.7998046875,4088.89990234375,4091.999755859375,4095.099853515625,4098.19970703125,4101.2998046875,4104.39990234375,4107.5,4110.60009765625,4113.69970703125,4116.7998046875,4119.89990234375,4123.0,4126.10009765625,4129.19970703125,4132.2998046875,4135.39990234375,4138.5,4141.60009765625,4144.69970703125,4147.7998046875,4150.89990234375,4154.0,4157.10009765625,4160.19970703125,4163.2998046875,4166.39990234375,4169.5,4172.60009765625,4175.69970703125,4178.7998046875,4181.89990234375,4185.0,4188.10009765625,4191.19970703125,4194.2998046875,4197.39990234375,4200.5,4203.60009765625,4206.69970703125,4209.7998046875,4212.89990234375,4216.0,4219.10009765625,4222.19970703125,4225.2998046875,4228.39990234375,4231.5,4234.60009765625,4237.69970703125,4240.7998046875,4243.89990234375,4247.0,4250.10009765625,4253.19970703125,4256.2998046875,4259.39990234375,4262.5,4265.60009765625,4268.69970703125,4271.7998046875,4274.89990234375,4278.0,4281.10009765625,4284.19970703125,4287.2998046875,4290.39990234375,4293.5,4296.60009765625,4299.69970703125,4302.7998046875,4305.89990234375,4309.0,4312.10009765625,4315.19970703125,4318.2998046875,4321.39990234375,4324.5,4327.60009765625,4330.69970703125,4333.7998046875,4336.89990234375,4340.0,4343.10009765625,4346.19970703125,4349.2998046875,4352.39990234375,4355.5,4358.60009765625,4361.69970703125,4364.7998046875,4367.89990234375,4371.0,4374.10009765625,4377.19970703125,4380.2998046875,4383.39990234375,4386.5,4389.60009765625,4392.69970703125,4395.7998046875,4398.89990234375,4402.0,4405.10009765625,4408.19970703125,4411.2998046875,4414.39990234375,4417.5,4420.60009765625,4423.69970703125,4426.7998046875,4429.89990234375,4433.0,4436.10009765625,4439.19970703125,4442.2998046875,4445.39990234375,4448.5,4451.60009765625,4454.69970703125,4457.7998046875,4460.89990234375,4464.0,4467.10009765625,4470.19970703125,4473.2998046875,4476.39990234375,4479.5,4482.60009765625,4485.69970703125,4488.7998046875,4491.89990234375,4495.0,4498.10009765625,4501.19970703125,4504.2998046875,4507.39990234375,4510.5,4513.60009765625,4516.69970703125,4519.7998046875,4522.89990234375,4526.0,4529.10009765625,4532.19970703125,4535.2998046875,4538.39990234375,4541.5,4544.60009765625,4547.69970703125,4550.7998046875,4553.89990234375,4557.0,4560.10009765625,4563.19970703125,4566.2998046875,4569.39990234375,4572.5,4575.60009765625,4578.69970703125,4581.7998046875,4584.89990234375,4588.0,4591.10009765625,4594.19970703125,4597.2998046875,4600.39990234375,4603.5,4606.60009765625,4609.69970703125,4612.7998046875,4615.89990234375,4619.0,4622.10009765625,4625.19970703125,4628.2998046875,4631.39990234375,4634.5,4637.60009765625,4640.69970703125,4643.7998046875,4646.89990234375,4650.0,4653.10009765625,4656.19970703125,4659.2998046875,4662.39990234375,4665.5,4668.60009765625,4671.69970703125,4674.7998046875,4677.89990234375,4681.0,4684.10009765625,4687.19970703125,4690.2998046875,4693.39990234375,4696.5,4699.60009765625,4702.69970703125,4705.7998046875,4708.89990234375,4712.0,4715.10009765625,4718.19970703125,4721.2998046875,4724.39990234375,4727.5,4730.60009765625,4733.69970703125,4736.7998046875,4739.89990234375,4743.0,4746.10009765625,4749.19970703125,4752.2998046875,4755.39990234375,4758.5,4761.599609375,4764.69970703125,4767.7998046875,4770.89990234375,4774.0,4777.099609375,4780.19970703125,4783.2998046875,4786.39990234375,4789.5,4792.599609375,4795.69970703125,4798.7998046875,4801.89990234375,4805.0,4808.099609375,4811.19970703125,4814.2998046875,4817.39990234375,4820.5,4823.599609375,4826.69970703125,4829.7998046875,4832.89990234375,4836.0,4839.099609375,4842.19970703125,4845.2998046875,4848.39990234375,4851.5,4854.599609375,4857.69970703125,4860.7998046875,4863.89990234375,4867.0,4870.099609375,4873.19970703125,4876.2998046875,4879.39990234375,4882.5,4885.599609375,4888.69970703125,4891.7998046875,4894.89990234375,4898.0,4901.099609375,4904.19970703125,4907.2998046875,4910.39990234375,4913.5,4916.599609375,4919.69970703125,4922.7998046875,4925.89990234375,4929.0,4932.099609375,4935.19970703125,4938.2998046875,4941.39990234375,4944.5,4947.599609375,4950.69970703125,4953.7998046875,4956.89990234375,4960.0,4963.099609375,4966.19970703125,4969.2998046875,4972.39990234375,4975.5,4978.599609375,4981.69970703125,4984.7998046875,4987.89990234375,4991.0,4994.099609375,4997.19970703125,5000.2998046875,5003.39990234375,5006.5,5009.599609375,5012.69970703125,5015.7998046875,5018.89990234375,5022.0,5025.099609375,5028.19970703125,5031.2998046875,5034.39990234375,5037.5,5040.599609375,5043.69970703125,5046.7998046875,5049.89990234375,5053.0,5056.099609375,5059.19970703125,5062.2998046875,5065.39990234375,5068.5,5071.599609375,5074.69970703125,5077.7998046875,5080.89990234375,5084.0,5087.099609375,5090.19970703125,5093.2998046875,5096.39990234375,5099.5,5102.599609375,5105.69970703125,5108.7998046875,5111.89990234375,5115.0,5118.099609375,5121.19970703125,5124.2998046875,5127.39990234375,5130.5,5133.599609375,5136.69970703125,5139.7998046875,5142.89990234375,5146.0,5149.099609375,5152.19970703125,5155.2998046875,5158.39990234375,5161.5,5164.599609375,5167.69970703125,5170.7998046875,5173.89990234375,5177.0,5180.099609375,5183.19970703125,5186.2998046875,5189.39990234375,5192.5,5195.599609375,5198.69970703125,5201.7998046875,5204.89990234375,5208.0,5211.099609375,5214.19970703125,5217.2998046875,5220.39990234375,5223.5,5226.599609375,5229.69970703125,5232.7998046875,5235.89990234375,5239.0,5242.099609375,5245.19970703125,5248.2998046875,5251.39990234375,5254.5,5257.599609375,5260.69970703125,5263.7998046875,5266.89990234375,5270.0,5273.099609375,5276.19970703125,5279.2998046875,5282.39990234375,5285.5,5288.599609375,5291.69970703125,5294.7998046875,5297.89990234375,5301.0,5304.099609375,5307.19970703125,5310.2998046875,5313.39990234375,5316.5,5319.599609375,5322.69970703125,5325.7998046875,5328.89990234375,5332.0,5335.099609375,5338.19970703125,5341.2998046875,5344.39990234375,5347.5,5350.599609375,5353.69970703125,5356.7998046875,5359.89990234375,5363.0,5366.099609375,5369.19970703125,5372.2998046875,5375.39990234375,5378.5,5381.599609375,5384.69970703125,5387.7998046875,5390.89990234375,5394.0,5397.099609375,5400.19970703125,5403.2998046875,5406.39990234375,5409.5,5412.599609375,5415.69970703125,5418.7998046875,5421.89990234375,5425.0,5428.099609375,5431.19970703125,5434.2998046875,5437.39990234375,5440.5,5443.599609375,5446.69970703125,5449.7998046875,5452.89990234375,5456.0,5459.099609375,5462.19970703125,5465.2998046875,5468.39990234375],"type":"arraytest"}}
1771734184[Client 1] {"common":{"content":"ㅋㅌㅊㅍㄴㅁㅇㄹ","type":"login"}}
1771734219[Client 1] {"common":{"content":"ㅋㅌㅊㅍㅁㄴㅇㄹ","type":"login"}}
1771734241[Client 1] {"common":{"content":"ㅋㅌㅊㅍㄴㅇㄹ","type":"login"}}
1771734261[Client 1] {"common":{"content":"ㅋㅌㅊㅍㅁㄴㅇㄹ","type":"login"}}
1771734261[Client 1] {"common":{"content":[3.0999999046325684,6.199999809265137,9.299999237060547,12.399999618530273,15.5,18.599998474121094,21.69999885559082,24.799999237060547,27.899999618530273,31.0,34.099998474121094,37.19999694824219,40.29999923706055,43.39999771118164,46.5,49.599998474121094,52.69999694824219,55.79999923706055,58.89999771118164,62.0,65.0999984741211,68.19999694824219,71.29999542236328,74.39999389648438,77.5,80.5999984741211,83.69999694824219,86.79999542236328,89.89999389648438,93.0,96.0999984741211,99.19999694824219,102.29999542236328,105.39999389648438,108.5,111.5999984741211,114.69999694824219,117.79999542236328,120.89999389648438,124.0,127.0999984741211,130.1999969482422,133.3000030517578,136.39999389648438,139.5,142.59999084472656,145.6999969482422,148.79998779296875,151.89999389648438,155.0,158.09999084472656,161.1999969482422,164.29998779296875,167.39999389648438,170.5,173.59999084472656,176.6999969482422,179.79998779296875,182.89999389648438,186.0,189.09999084472656,192.1999969482422,195.29998779296875,198.39999389648438,201.5,204.59999084472656,207.6999969482422,210.79998779296875,213.89999389648438,217.0,220.09999084472656,223.1999969482422,226.29998779296875,229.39999389648438,232.5,235.59999084472656,238.6999969482422,241.79998779296875,244.89999389648438,248.0,251.09999084472656,254.1999969482422,257.29998779296875,260.3999938964844,263.5,266.6000061035156,269.6999816894531,272.79998779296875,275.8999938964844,279.0,282.1000061035156,285.1999816894531,288.29998779296875,291.3999938964844,294.5,297.5999755859375,300.6999816894531,303.79998779296875,306.8999938964844,310.0,313.0999755859375,316.1999816894531,319.29998779296875,322.3999938964844,325.5,328.5999755859375,331.6999816894531,334.79998779296875,337.8999938964844,341.0,344.0999755859375,347.1999816894531,350.29998779296875,353.3999938964844,356.5,359.5999755859375,362.6999816894531,365.79998779296875,368.8999938964844,372.0,375.0999755859375,378.1999816894531,381.29998779296875,384.3999938964844,387.5,390.5999755859375,393.6999816894531,396.79998779296875,399.8999938964844,403.0,406.0999755859375,409.1999816894531,412.29998779296875,415.3999938964844,418.5,421.5999755859375,424.6999816894531,427.79998779296875,430.8999938964844,434.0,437.0999755859375,440.1999816894531,443.29998779296875,446.3999938964844,449.5,452.5999755859375,455.6999816894531,458.79998779296875,461.8999938964844,465.0,468.0999755859375,471.1999816894531,474.29998779296875,477.3999938964844,480.5,483.5999755859375,486.6999816894531,489.79998779296875,492.8999938964844,496.0,499.0999755859375,502.1999816894531,505.29998779296875,508.3999938964844,511.4999694824219,514.5999755859375,517.7000122070313,520.7999877929688,523.8999633789063,527.0,530.0999755859375,533.2000122070313,536.2999877929688,539.3999633789063,542.5,545.5999755859375,548.7000122070313,551.7999877929688,554.8999633789063,558.0,561.0999755859375,564.2000122070313,567.2999877929688,570.3999633789063,573.5,576.5999755859375,579.7000122070313,582.7999877929688,585.8999633789063,589.0,592.0999755859375,595.199951171875,598.2999877929688,601.3999633789063,604.5,607.5999755859375,610.699951171875,613.7999877929688,616.8999633789063,620.0,623.0999755859375,626.199951171875,629.2999877929688,632.3999633789063,635.5,638.5999755859375,641.699951171875,644.7999877929688,647.8999633789063,651.0,654.0999755859375,657.199951171875,660.2999877929688,663.3999633789063,666.5,669.5999755859375,672.699951171875,675.7999877929688,678.8999633789063,682.0,685.0999755859375,688.199951171875,691.2999877929688,694.3999633789063,697.5,700.5999755859375,703.699951171875,706.7999877929688,709.8999633789063,713.0,716.0999755859375,719.199951171875,722.2999877929688,725.3999633789063,728.5,731.5999755859375,734.699951171875,737.7999877929688,740.8999633789063,744.0,747.0999755859375,750.199951171875,753.2999877929688,756.3999633789063,759.5,762.5999755859375,765.699951171875,768.7999877929688,771.8999633789063,775.0,778.0999755859375,781.199951171875,784.2999877929688,787.3999633789063,790.5,793.5999755859375,796.699951171875,799.7999877929688,802.8999633789063,806.0,809.0999755859375,812.199951171875,815.2999877929688,818.3999633789063,821.5,824.5999755859375,827.699951171875,830.7999877929688,833.8999633789063,837.0,840.0999755859375,843.199951171875,846.2999877929688,849.3999633789063,852.5,855.5999755859375,858.699951171875,861.7999877929688,864.8999633789063,868.0,871.0999755859375,874.199951171875,877.2999877929688,880.3999633789063,883.5,886.5999755859375,889.699951171875,892.7999877929688,895.8999633789063,899.0,902.0999755859375,905.199951171875,908.2999877929688,911.3999633789063,914.5,917.5999755859375,920.699951171875,923.7999877929688,926.8999633789063,930.0,933.0999755859375,936.199951171875,939.2999877929688,942.3999633789063,945.5,948.5999755859375,951.699951171875,954.7999877929688,957.8999633789063,961.0,964.0999755859375,967.199951171875,970.2999877929688,973.3999633789063,976.5,979.5999755859375,982.699951171875,985.7999877929688,988.8999633789063,992.0,995.0999755859375,998.199951171875,1001.2999877929688,1004.3999633789063,1007.4999389648438,1010.5999755859375,1013.699951171875,1016.7999877929688,1019.8999633789063,1022.9999389648438,1026.0999755859375,1029.199951171875,1032.2999267578125,1035.4000244140625,1038.5,1041.5999755859375,1044.699951171875,1047.7999267578125,1050.9000244140625,1054.0,1057.0999755859375,1060.199951171875,1063.2999267578125,1066.4000244140625,1069.5,1072.5999755859375,1075.699951171875,1078.7999267578125,1081.9000244140625,1085.0,1088.0999755859375,1091.199951171875,1094.2999267578125,1097.4000244140625,1100.5,1103.5999755859375,1106.699951171875,1109.7999267578125,1112.9000244140625,1116.0,1119.0999755859375,1122.199951171875,1125.2999267578125,1128.4000244140625,1131.5,1134.5999755859375,1137.699951171875,1140.7999267578125,1143.9000244140625,1147.0,1150.0999755859375,1153.199951171875,1156.2999267578125,1159.4000244140625,1162.5,1165.5999755859375,1168.699951171875,1171.7999267578125,1174.9000244140625,1178.0,1181.0999755859375,1184.199951171875,1187.2999267578125,1190.39990234375,1193.5,1196.5999755859375,1199.699951171875,1202.7999267578125,1205.89990234375,1209.0,1212.0999755859375,1215.199951171875,1218.2999267578125,1221.39990234375,1224.5,1227.5999755859375,1230.699951171875,1233.7999267578125,1236.89990234375,1240.0,1243.0999755859375,1246.199951171875,1249.2999267578125,1252.39990234375,1255.5,1258.5999755859375,1261.699951171875,1264.7999267578125,1267.89990234375,1271.0,1274.0999755859375,1277.199951171875,1280.2999267578125,1283.39990234375,1286.5,1289.5999755859375,1292.699951171875,1295.7999267578125,1298.89990234375,1302.0,1305.0999755859375,1308.199951171875,1311.2999267578125,1314.39990234375,1317.5,1320.5999755859375,1323.699951171875,1326.7999267578125,1329.89990234375,1333.0,1336.0999755859375,1339.199951171875,1342.2999267578125,1345.39990234375,1348.5,1351.5999755859375,1354.699951171875,1357.7999267578125,1360.89990234375,1364.0,1367.0999755859375,1370.199951171875,1373.2999267578125,1376.39990234375,1379.5,1382.5999755859375,1385.699951171875,1388.7999267578125,1391.89990234375,1395.0,1398.0999755859375,1401.199951171875,1404.2999267578125,1407.39990234375,1410.5,1413.5999755859375,1416.699951171875,1419.7999267578125,1422.89990234375,1426.0,1429.0999755859375,1432.199951171875,1435.2999267578125,1438.39990234375,1441.5,1444.5999755859375,1447.699951171875,1450.7999267578125,1453.89990234375,1457.0,1460.0999755859375,1463.199951171875,1466.2999267578125,1469.39990234375,1472.5,1475.5999755859375,1478.699951171875,1481.7999267578125,1484.89990234375,1488.0,1491.0999755859375,1494.199951171875,1497.2999267578125,1500.39990234375,1503.5,1506.5999755859375,1509.699951171875,1512.7999267578125,1515.89990234375,1519.0,1522.0999755859375,1525.199951171875,1528.2999267578125,1531.39990234375,1534.5,1537.5999755859375,1540.699951171875,1543.7999267578125,1546.89990234375,1550.0,1553.0999755859375,1556.199951171875,1559.2999267578125,1562.39990234375,1565.5,1568.5999755859375,1571.699951171875,1574.7999267578125,1577.89990234375,1581.0,1584.0999755859375,1587.199951171875,1590.2999267578125,1593.39990234375,1596.5,1599.5999755859375,1602.699951171875,1605.7999267578125,1608.89990234375,1612.0,1615.0999755859375,1618.199951171875,1621.2999267578125,1624.39990234375,1627.5,1630.5999755859375,1633.699951171875,1636.7999267578125,1639.89990234375,1643.0,1646.0999755859375,1649.199951171875,1652.2999267578125,1655.39990234375,1658.5,1661.5999755859375,1664.699951171875,1667.7999267578125,1670.89990234375,1674.0,1677.0999755859375,1680.199951171875,1683.2999267578125,1686.39990234375,1689.5,1692.5999755859375,1695.699951171875,1698.7999267578125,1701.89990234375,1705.0,1708.0999755859375,1711.199951171875,1714.2999267578125,1717.39990234375,1720.5,1723.5999755859375,1726.699951171875,1729.7999267578125,1732.89990234375,1736.0,1739.0999755859375,1742.199951171875,1745.2999267578125,1748.39990234375,1751.5,1754.5999755859375,1757.699951171875,1760.7999267578125,1763.89990234375,1767.0,1770.0999755859375,1773.199951171875,1776.2999267578125,1779.39990234375,1782.5,1785.5999755859375,1788.699951171875,1791.7999267578125,1794.89990234375,1798.0,1801.0999755859375,1804.199951171875,1807.2999267578125,1810.39990234375,1813.5,1816.5999755859375,1819.699951171875,1822.7999267578125,1825.89990234375,1829.0,1832.0999755859375,1835.199951171875,1838.2999267578125,1841.39990234375,1844.5,1847.5999755859375,1850.699951171875,1853.7999267578125,1856.89990234375,1860.0,1863.0999755859375,1866.199951171875,1869.2999267578125,1872.39990234375,1875.5,1878.5999755859375,1881.699951171875,1884.7999267578125,1887.89990234375,1891.0,1894.0999755859375,1897.199951171875,1900.2999267578125,1903.39990234375,1906.5,1909.5999755859375,1912.699951171875,1915.7999267578125,1918.89990234375,1922.0,1925.0999755859375,1928.199951171875,1931.2999267578125,1934.39990234375,1937.5,1940.5999755859375,1943.699951171875,1946.7999267578125,1949.89990234375,1953.0,1956.0999755859375,1959.199951171875,1962.2999267578125,1965.39990234375,1968.5,1971.5999755859375,1974.699951171875,1977.7999267578125,1980.89990234375,1984.0,1987.0999755859375,1990.199951171875,1993.2999267578125,1996.39990234375,1999.4998779296875,2002.5999755859375,2005.699951171875,2008.7999267578125,2011.89990234375,2014.9998779296875,2018.0999755859375,2021.199951171875,2024.2999267578125,2027.39990234375,2030.4998779296875,2033.5999755859375,2036.699951171875,2039.7999267578125,2042.89990234375,2045.9998779296875,2049.099853515625,2052.199951171875,2055.300048828125,2058.39990234375,2061.5,2064.599853515625,2067.699951171875,2070.800048828125,2073.89990234375,2077.0,2080.099853515625,2083.199951171875,2086.300048828125,2089.39990234375,2092.5,2095.599853515625,2098.699951171875,2101.800048828125,2104.89990234375,2108.0,2111.099853515625,2114.199951171875,2117.300048828125,2120.39990234375,2123.5,2126.599853515625,2129.699951171875,2132.800048828125,2135.89990234375,2139.0,2142.099853515625,2145.199951171875,2148.300048828125,2151.39990234375,2154.5,2157.599853515625,2160.699951171875,2163.800048828125,2166.89990234375,2170.0,2173.099853515625,2176.199951171875,2179.300048828125,2182.39990234375,2185.5,2188.599853515625,2191.699951171875,2194.800048828125,2197.89990234375,2201.0,2204.099853515625,2207.199951171875,2210.300048828125,2213.39990234375,2216.5,2219.599853515625,2222.699951171875,2225.800048828125,2228.89990234375,2232.0,2235.099853515625,2238.199951171875,2241.300048828125,2244.39990234375,2247.5,2250.599853515625,2253.699951171875,2256.800048828125,2259.89990234375,2263.0,2266.099853515625,2269.199951171875,2272.300048828125,2275.39990234375,2278.5,2281.599853515625,2284.699951171875,2287.800048828125,2290.89990234375,2294.0,2297.099853515625,2300.199951171875,2303.300048828125,2306.39990234375,2309.5,2312.599853515625,2315.699951171875,2318.800048828125,2321.89990234375,2325.0,2328.099853515625,2331.199951171875,2334.300048828125,2337.39990234375,2340.5,2343.599853515625,2346.699951171875,2349.800048828125,2352.89990234375,2356.0,2359.099853515625,2362.199951171875,2365.300048828125,2368.39990234375,2371.5,2374.599853515625,2377.699951171875,2380.7998046875,2383.89990234375,2387.0,2390.099853515625,2393.199951171875,2396.2998046875,2399.39990234375,2402.5,2405.599853515625,2408.699951171875,2411.7998046875,2414.89990234375,2418.0,2421.099853515625,2424.199951171875,2427.2998046875,2430.39990234375,2433.5,2436.599853515625,2439.699951171875,2442.7998046875,2445.89990234375,2449.0,2452.099853515625,2455.199951171875,2458.2998046875,2461.39990234375,2464.5,2467.599853515625,2470.699951171875,2473.7998046875,2476.89990234375,2480.0,2483.099853515625,2486.199951171875,2489.2998046875,2492.39990234375,2495.5,2498.599853515625,2501.699951171875,2504.7998046875,2507.89990234375,2511.0,2514.099853515625,2517.199951171875,2520.2998046875,2523.39990234375,2526.5,2529.599853515625,2532.699951171875,2535.7998046875,2538.89990234375,2542.0,2545.099853515625,2548.199951171875,2551.2998046875,2554.39990234375,2557.5,2560.599853515625,2563.699951171875,2566.7998046875,2569.89990234375,2573.0,2576.099853515625,2579.199951171875,2582.2998046875,2585.39990234375,2588.5,2591.599853515625,2594.699951171875,2597.7998046875,2600.89990234375,2604.0,2607.099853515625,2610.199951171875,2613.2998046875,2616.39990234375,2619.5,2622.599853515625,2625.699951171875,2628.7998046875,2631.89990234375,2635.0,2638.099853515625,2641.199951171875,2644.2998046875,2647.39990234375,2650.5,2653.599853515625,2656.699951171875,2659.7998046875,2662.89990234375,2666.0,2669.099853515625,2672.199951171875,2675.2998046875,2678.39990234375,2681.5,2684.599853515625,2687.699951171875,2690.7998046875,2693.89990234375,2697.0,2700.099853515625,2703.199951171875,2706.2998046875,2709.39990234375,2712.5,2715.599853515625,2718.699951171875,2721.7998046875,2724.89990234375,2728.0,2731.099853515625,2734.199951171875,2737.2998046875,2740.39990234375,2743.5,2746.599853515625,2749.699951171875,2752.7998046875,2755.89990234375,2759.0,2762.099853515625,2765.199951171875,2768.2998046875,2771.39990234375,2774.5,2777.599853515625,2780.699951171875,2783.7998046875,2786.89990234375,2790.0,2793.099853515625,2796.199951171875,2799.2998046875,2802.39990234375,2805.5,2808.599853515625,2811.699951171875,2814.7998046875,2817.89990234375,2821.0,2824.099853515625,2827.199951171875,2830.2998046875,2833.39990234375,2836.5,2839.599853515625,2842.699951171875,2845.7998046875,2848.89990234375,2852.0,2855.099853515625,2858.199951171875,2861.2998046875,2864.39990234375,2867.5,2870.599853515625,2873.699951171875,2876.7998046875,2879.89990234375,2883.0,2886.099853515625,2889.199951171875,2892.2998046875,2895.39990234375,2898.5,2901.599853515625,2904.699951171875,2907.7998046875,2910.89990234375,2914.0,2917.099853515625,2920.199951171875,2923.2998046875,2926.39990234375,2929.5,2932.599853515625,2935.699951171875,2938.7998046875,2941.89990234375,2945.0,2948.099853515625,2951.199951171875,2954.2998046875,2957.39990234375,2960.5,2963.599853515625,2966.699951171875,2969.7998046875,2972.89990234375,2976.0,2979.099853515625,2982.199951171875,2985.2998046875,2988.39990234375,2991.5,2994.599853515625,2997.699951171875,3000.7998046875,3003.89990234375,3007.0,3010.099853515625,3013.199951171875,3016.2998046875,3019.39990234375,3022.5,3025.599853515625,3028.699951171875,3031.7998046875,3034.89990234375,3038.0,3041.099853515625,3044.199951171875,3047.2998046875,3050.39990234375,3053.5,3056.599853515625,3059.699951171875,3062.7998046875,3065.89990234375,3069.0,3072.099853515625,3075.199951171875,3078.2998046875,3081.39990234375,3084.5,3087.599853515625,3090.699951171875,3093.7998046875,3096.89990234375,3100.0,3103.099853515625,3106.199951171875,3109.2998046875,3112.39990234375,3115.5,3118.599853515625,3121.699951171875,3124.7998046875,3127.89990234375,3131.0,3134.099853515625,3137.199951171875,3140.2998046875,3143.39990234375,3146.5,3149.599853515625,3152.699951171875,3155.7998046875,3158.89990234375,3162.0,3165.099853515625,3168.199951171875,3171.2998046875,3174.39990234375,3177.5,3180.599853515625,3183.699951171875,3186.7998046875,3189.89990234375,3193.0,3196.099853515625,3199.199951171875,3202.2998046875,3205.39990234375,3208.5,3211.599853515625,3214.699951171875,3217.7998046875,3220.89990234375,3224.0,3227.099853515625,3230.199951171875,3233.2998046875,3236.39990234375,3239.5,3242.599853515625,3245.699951171875,3248.7998046875,3251.89990234375,3255.0,3258.099853515625,3261.199951171875,3264.2998046875,3267.39990234375,3270.5,3273.599853515625,3276.699951171875,3279.7998046875,3282.89990234375,3286.0,3289.099853515625,3292.199951171875,3295.2998046875,3298.39990234375,3301.5,3304.599853515625,3307.699951171875,3310.7998046875,3313.89990234375,3317.0,3320.099853515625,3323.199951171875,3326.2998046875,3329.39990234375,3332.5,3335.599853515625,3338.699951171875,3341.7998046875,3344.89990234375,3348.0,3351.099853515625,3354.199951171875,3357.2998046875,3360.39990234375,3363.5,3366.599853515625,3369.699951171875,3372.7998046875,3375.89990234375,3379.0,3382.099853515625,3385.199951171875,3388.2998046875,3391.39990234375,3394.5,3397.599853515625,3400.699951171875,3403.7998046875,3406.89990234375,3410.0,3413.099853515625,3416.199951171875,3419.2998046875,3422.39990234375,3425.5,3428.599853515625,3431.699951171875,3434.7998046875,3437.89990234375,3441.0,3444.099853515625,3447.199951171875,3450.2998046875,3453.39990234375,3456.5,3459.599853515625,3462.699951171875,3465.7998046875,3468.89990234375,3472.0,3475.099853515625,3478.199951171875,3481.2998046875,3484.39990234375,3487.5,3490.599853515625,3493.699951171875,3496.7998046875,3499.89990234375,3503.0,3506.099853515625,3509.199951171875,3512.2998046875,3515.39990234375,3518.5,3521.599853515625,3524.699951171875,3527.7998046875,3530.89990234375,3534.0,3537.099853515625,3540.199951171875,3543.2998046875,3546.39990234375,3549.5,3552.599853515625,3555.699951171875,3558.7998046875,3561.89990234375,3565.0,3568.099853515625,3571.199951171875,3574.2998046875,3577.39990234375,3580.5,3583.599853515625,3586.699951171875,3589.7998046875,3592.89990234375,3596.0,3599.099853515625,3602.199951171875,3605.2998046875,3608.39990234375,3611.5,3614.599853515625,3617.699951171875,3620.7998046875,3623.89990234375,3627.0,3630.099853515625,3633.199951171875,3636.2998046875,3639.39990234375,3642.5,3645.599853515625,3648.699951171875,3651.7998046875,3654.89990234375,3658.0,3661.099853515625,3664.199951171875,3667.2998046875,3670.39990234375,3673.5,3676.599853515625,3679.699951171875,3682.7998046875,3685.89990234375,3689.0,3692.099853515625,3695.199951171875,3698.2998046875,3701.39990234375,3704.5,3707.599853515625,3710.699951171875,3713.7998046875,3716.89990234375,3720.0,3723.099853515625,3726.199951171875,3729.2998046875,3732.39990234375,3735.5,3738.599853515625,3741.699951171875,3744.7998046875,3747.89990234375,3751.0,3754.099853515625,3757.199951171875,3760.2998046875,3763.39990234375,3766.5,3769.599853515625,3772.699951171875,3775.7998046875,3778.89990234375,3782.0,3785.099853515625,3788.199951171875,3791.2998046875,3794.39990234375,3797.5,3800.599853515625,3803.699951171875,3806.7998046875,3809.89990234375,3813.0,3816.099853515625,3819.199951171875,3822.2998046875,3825.39990234375,3828.5,3831.599853515625,3834.699951171875,3837.7998046875,3840.89990234375,3844.0,3847.099853515625,3850.199951171875,3853.2998046875,3856.39990234375,3859.5,3862.599853515625,3865.699951171875,3868.7998046875,3871.89990234375,3875.0,3878.099853515625,3881.199951171875,3884.2998046875,3887.39990234375,3890.5,3893.599853515625,3896.699951171875,3899.7998046875,3902.89990234375,3906.0,3909.099853515625,3912.199951171875,3915.2998046875,3918.39990234375,3921.5,3924.599853515625,3927.699951171875,3930.7998046875,3933.89990234375,3937.0,3940.099853515625,3943.199951171875,3946.2998046875,3949.39990234375,3952.5,3955.599853515625,3958.699951171875,3961.7998046875,3964.89990234375,3968.0,3971.099853515625,3974.199951171875,3977.2998046875,3980.39990234375,3983.499755859375,3986.599853515625,3989.699951171875,3992.7998046875,3995.89990234375,3998.999755859375,4002.099853515625,4005.199951171875,4008.2998046875,4011.39990234375,4014.499755859375,4017.599853515625,4020.699951171875,4023.7998046875,4026.89990234375,4029.999755859375,4033.099853515625,4036.199951171875,4039.2998046875,4042.39990234375,4045.499755859375,4048.599853515625,4051.699951171875,4054.7998046875,4057.89990234375,4060.999755859375,4064.099853515625,4067.199951171875,4070.2998046875,4073.39990234375,4076.499755859375,4079.599853515625,4082.699951171875,4085.7998046875,4088.89990234375,4091.999755859375,4095.099853515625,4098.19970703125,4101.2998046875,4104.39990234375,4107.5,4110.60009765625,4113.69970703125,4116.7998046875,4119.89990234375,4123.0,4126.10009765625,4129.19970703125,4132.2998046875,4135.39990234375,4138.5,4141.60009765625,4144.69970703125,4147.7998046875,4150.89990234375,4154.0,4157.10009765625,4160.19970703125,4163.2998046875,4166.39990234375,4169.5,4172.60009765625,4175.69970703125,4178.7998046875,4181.89990234375,4185.0,4188.10009765625,4191.19970703125,4194.2998046875,4197.39990234375,4200.5,4203.60009765625,4206.69970703125,4209.7998046875,4212.89990234375,4216.0,4219.10009765625,4222.19970703125,4225.2998046875,4228.39990234375,4231.5,4234.60009765625,4237.69970703125,4240.7998046875,4243.89990234375,4247.0,4250.10009765625,4253.19970703125,4256.2998046875,4259.39990234375,4262.5,4265.60009765625,4268.69970703125,4271.7998046875,4274.89990234375,4278.0,4281.10009765625,4284.19970703125,4287.2998046875,4290.39990234375,4293.5,4296.60009765625,4299.69970703125,4302.7998046875,4305.89990234375,4309.0,4312.10009765625,4315.19970703125,4318.2998046875,4321.39990234375,4324.5,4327.60009765625,4330.69970703125,4333.7998046875,4336.89990234375,4340.0,4343.10009765625,4346.19970703125,4349.2998046875,4352.39990234375,4355.5,4358.60009765625,4361.69970703125,4364.7998046875,4367.89990234375,4371.0,4374.10009765625,4377.19970703125,4380.2998046875,4383.39990234375,4386.5,4389.60009765625,4392.69970703125,4395.7998046875,4398.89990234375,4402.0,4405.10009765625,4408.19970703125,4411.2998046875,4414.39990234375,4417.5,4420.60009765625,4423.69970703125,4426.7998046875,4429.89990234375,4433.0,4436.10009765625,4439.19970703125,4442.2998046875,4445.39990234375,4448.5,4451.60009765625,4454.69970703125,4457.7998046875,4460.89990234375,4464.0,4467.10009765625,4470.19970703125,4473.2998046875,4476.39990234375,4479.5,4482.60009765625,4485.69970703125,4488.7998046875,4491.89990234375,4495.0,4498.10009765625,4501.19970703125,4504.2998046875,4507.39990234375,4510.5,4513.60009765625,4516.69970703125,4519.7998046875,4522.89990234375,4526.0,4529.10009765625,4532.19970703125,4535.2998046875,4538.39990234375,4541.5,4544.60009765625,4547.69970703125,4550.7998046875,4553.89990234375,4557.0,4560.10009765625,4563.19970703125,4566.2998046875,4569.39990234375,4572.5,4575.60009765625,4578.69970703125,4581.7998046875,4584.89990234375,4588.0,4591.10009765625,4594.19970703125,4597.2998046875,4600.39990234375,4603.5,4606.60009765625,4609.69970703125,4612.7998046875,4615.89990234375,4619.0,4622.10009765625,4625.19970703125,4628.2998046875,4631.39990234375,4634.5,4637.60009765625,4640.69970703125,4643.7998046875,4646.89990234375,4650.0,4653.10009765625,4656.19970703125,4659.2998046875,4662.39990234375,4665.5,4668.60009765625,4671.69970703125,4674.7998046875,4677.89990234375,4681.0,4684.10009765625,4687.19970703125,4690.2998046875,4693.39990234375,4696.5,4699.60009765625,4702.69970703125,4705.7998046875,4708.89990234375,4712.0,4715.10009765625,4718.19970703125,4721.2998046875,4724.39990234375,4727.5,4730.60009765625,4733.69970703125,4736.7998046875,4739.89990234375,4743.0,4746.10009765625,4749.19970703125,4752.2998046875,4755.39990234375,4758.5,4761.599609375,4764.69970703125,4767.7998046875,4770.89990234375,4774.0,4777.099609375,4780.19970703125,4783.2998046875,4786.39990234375,4789.5,4792.599609375,4795.69970703125,4798.7998046875,4801.89990234375,4805.0,4808.099609375,4811.19970703125,4814.2998046875,4817.39990234375,4820.5,4823.599609375,4826.69970703125,4829.7998046875,4832.89990234375,4836.0,4839.099609375,4842.19970703125,4845.2998046875,4848.39990234375,4851.5,4854.599609375,4857.69970703125,4860.7998046875,4863.89990234375,4867.0,4870.099609375,4873.19970703125,4876.2998046875,4879.39990234375,4882.5,4885.599609375,4888.69970703125,4891.7998046875,4894.89990234375,4898.0,4901.099609375,4904.19970703125,4907.2998046875,4910.39990234375,4913.5,4916.599609375,4919.69970703125,4922.7998046875,4925.89990234375,4929.0,4932.099609375,4935.19970703125,4938.2998046875,4941.39990234375,4944.5,4947.599609375,4950.69970703125,4953.7998046875,4956.89990234375,4960.0,4963.099609375,4966.19970703125,4969.2998046875,4972.39990234375,4975.5,4978.599609375,4981.69970703125,4984.7998046875,4987.89990234375,4991.0,4994.099609375,4997.19970703125,5000.2998046875,5003.39990234375,5006.5,5009.599609375,5012.69970703125,5015.7998046875,5018.89990234375,5022.0,5025.099609375,5028.19970703125,5031.2998046875,5034.39990234375,5037.5,5040.599609375,5043.69970703125,5046.7998046875,5049.89990234375,5053.0,5056.099609375,5059.19970703125,5062.2998046875,5065.39990234375,5068.5,5071.599609375,5074.69970703125,5077.7998046875,5080.89990234375,5084.0,5087.099609375,5090.19970703125,5093.2998046875,5096.39990234375,5099.5,5102.599609375,5105.69970703125,5108.7998046875,5111.89990234375,5115.0,5118.099609375,5121.19970703125,5124.2998046875,5127.39990234375,5130.5,5133.599609375,5136.69970703125,5139.7998046875,5142.89990234375,5146.0,5149.099609375,5152.19970703125,5155.2998046875,5158.39990234375,5161.5,5164.599609375,5167.69970703125,5170.7998046875,5173.89990234375,5177.0,5180.099609375,5183.19970703125,5186.2998046875,5189.39990234375,5192.5,5195.599609375,5198.69970703125,5201.7998046875,5204.89990234375,5208.0,5211.099609375,5214.19970703125,5217.2998046875,5220.39990234375,5223.5,5226.599609375,5229.69970703125,5232.7998046875,5235.89990234375,5239.0,5242.099609375,5245.19970703125,5248.2998046875,5251.39990234375,5254.5,5257.599609375,5260.69970703125,5263.7998046875,5266.89990234375,5270.0,5273.099609375,5276.19970703125,5279.2998046875,5282.39990234375,5285.5,5288.599609375,5291.69970703125,5294.7998046875,5297.89990234375,5301.0,5304.099609375,5307.19970703125,5310.2998046875,5313.39990234375,5316.5,5319.599609375,5322.69970703125,5325.7998046875,5328.89990234375,5332.0,5335.099609375,5338.19970703125,5341.2998046875,5344.39990234375,5347.5,5350.599609375,5353.69970703125,5356.7998046875,5359.89990234375,5363.0,5366.099609375,5369.19970703125,5372.2998046875,5375.39990234375,5378.5,5381.599609375,5384.69970703125,5387.7998046875,5390.89990234375,5394.0,5397.099609375,5400.19970703125,5403.2998046875,5406.39990234375,5409.5,5412.599609375,5415.69970703125,5418.7998046875,5421.89990234375,5425.0,5428.099609375,5431.19970703125,5434.2998046875,5437.39990234375,5440.5,5443.599609375,5446.69970703125,5449.7998046875,5452.89990234375,5456.0,5459.099609375,5462.19970703125,5465.2998046875,5468.39990234375],"type":"arraytest"}}
1771734308[Client 1] {"common":{"content":"ㅋㅌㅊㅍㅁㄴㅇㄹ","type":"login"}}
1771734309[Client 1] {"common":{"content":[3.0999999046325684,6.199999809265137,9.299999237060547,12.399999618530273,15.5,18.599998474121094,21.69999885559082,24.799999237060547,27.899999618530273,31.0,34.099998474121094,37.19999694824219,40.29999923706055,43.39999771118164,46.5,49.599998474121094,52.69999694824219,55.79999923706055,58.89999771118164,62.0,65.0999984741211,68.19999694824219,71.29999542236328,74.39999389648438,77.5,80.5999984741211,83.69999694824219,86.79999542236328,89.89999389648438,93.0,96.0999984741211,99.19999694824219,102.29999542236328,105.39999389648438,108.5,111.5999984741211,114.69999694824219,117.79999542236328,120.89999389648438,124.0,127.0999984741211,130.1999969482422,133.3000030517578,136.39999389648438,139.5,142.59999084472656,145.6999969482422,148.79998779296875,151.89999389648438,155.0,158.09999084472656,161.1999969482422,164.29998779296875,167.39999389648438,170.5,173.59999084472656,176.6999969482422,179.79998779296875,182.89999389648438,186.0,189.09999084472656,192.1999969482422,195.29998779296875,198.39999389648438,201.5,204.59999084472656,207.6999969482422,210.79998779296875,213.89999389648438,217.0,220.09999084472656,223.1999969482422,226.29998779296875,229.39999389648438,232.5,235.59999084472656,238.6999969482422,241.79998779296875,244.89999389648438,248.0,251.09999084472656,254.1999969482422,257.29998779296875,260.3999938964844,263.5,266.6000061035156,269.6999816894531,272.79998779296875,275.8999938964844,279.0,282.1000061035156,285.1999816894531,288.29998779296875,291.3999938964844,294.5,297.5999755859375,300.6999816894531,303.79998779296875,306.8999938964844,310.0,313.0999755859375,316.1999816894531,319.29998779296875,322.3999938964844,325.5,328.5999755859375,331.6999816894531,334.79998779296875,337.8999938964844,341.0,344.0999755859375,347.1999816894531,350.29998779296875,353.3999938964844,356.5,359.5999755859375,362.6999816894531,365.79998779296875,368.8999938964844,372.0,375.0999755859375,378.1999816894531,381.29998779296875,384.3999938964844,387.5,390.5999755859375,393.6999816894531,396.79998779296875,399.8999938964844,403.0,406.0999755859375,409.1999816894531,412.29998779296875,415.3999938964844,418.5,421.5999755859375,424.6999816894531,427.79998779296875,430.8999938964844,434.0,437.0999755859375,440.1999816894531,443.29998779296875,446.3999938964844,449.5,452.5999755859375,455.6999816894531,458.79998779296875,461.8999938964844,465.0,468.0999755859375,471.1999816894531,474.29998779296875,477.3999938964844,480.5,483.5999755859375,486.6999816894531,489.79998779296875,492.8999938964844,496.0,499.0999755859375,502.1999816894531,505.29998779296875,508.3999938964844,511.4999694824219,514.5999755859375,517.7000122070313,520.7999877929688,523.8999633789063,527.0,530.0999755859375,533.2000122070313,536.2999877929688,539.3999633789063,542.5,545.5999755859375,548.7000122070313,551.7999877929688,554.8999633789063,558.0,561.0999755859375,564.2000122070313,567.2999877929688,570.3999633789063,573.5,576.5999755859375,579.7000122070313,582.7999877929688,585.8999633789063,589.0,592.0999755859375,595.199951171875,598.2999877929688,601.3999633789063,604.5,607.5999755859375,610.699951171875,613.7999877929688,616.8999633789063,620.0,623.0999755859375,626.199951171875,629.2999877929688,632.3999633789063,635.5,638.5999755859375,641.699951171875,644.7999877929688,647.8999633789063,651.0,654.0999755859375,657.199951171875,660.2999877929688,663.3999633789063,666.5,669.5999755859375,672.699951171875,675.7999877929688,678.8999633789063,682.0,685.0999755859375,688.199951171875,691.2999877929688,694.3999633789063,697.5,700.5999755859375,703.699951171875,706.7999877929688,709.8999633789063,713.0,716.0999755859375,719.199951171875,722.2999877929688,725.3999633789063,728.5,731.5999755859375,734.699951171875,737.7999877929688,740.8999633789063,744.0,747.0999755859375,750.199951171875,753.2999877929688,756.3999633789063,759.5,762.5999755859375,765.699951171875,768.7999877929688,771.8999633789063,775.0,778.0999755859375,781.199951171875,784.2999877929688,787.3999633789063,790.5,793.5999755859375,796.699951171875,799.7999877929688,802.8999633789063,806.0,809.0999755859375,812.199951171875,815.2999877929688,818.3999633789063,821.5,824.5999755859375,827.699951171875,830.7999877929688,833.8999633789063,837.0,840.0999755859375,843.199951171875,846.2999877929688,849.3999633789063,852.5,855.5999755859375,858.699951171875,861.7999877929688,864.8999633789063,868.0,871.0999755859375,874.199951171875,877.2999877929688,880.3999633789063,883.5,886.5999755859375,889.699951171875,892.7999877929688,895.8999633789063,899.0,902.0999755859375,905.199951171875,908.2999877929688,911.3999633789063,914.5,917.5999755859375,920.699951171875,923.7999877929688,926.8999633789063,930.0,933.0999755859375,936.199951171875,939.2999877929688,942.3999633789063,945.5,948.5999755859375,951.699951171875,954.7999877929688,957.8999633789063,961.0,964.0999755859375,967.199951171875,970.2999877929688,973.3999633789063,976.5,979.5999755859375,982.699951171875,985.7999877929688,988.8999633789063,992.0,995.0999755859375,998.199951171875,1001.2999877929688,1004.3999633789063,1007.4999389648438,1010.5999755859375,1013.699951171875,1016.7999877929688,1019.8999633789063,1022.9999389648438,1026.0999755859375,1029.199951171875,1032.2999267578125,1035.4000244140625,1038.5,1041.5999755859375,1044.699951171875,1047.7999267578125,1050.9000244140625,1054.0,1057.0999755859375,1060.199951171875,1063.2999267578125,1066.4000244140625,1069.5,1072.5999755859375,1075.699951171875,1078.7999267578125,1081.9000244140625,1085.0,1088.0999755859375,1091.199951171875,1094.2999267578125,1097.4000244140625,1100.5,1103.5999755859375,1106.699951171875,1109.7999267578125,1112.9000244140625,1116.0,1119.0999755859375,1122.199951171875,1125.2999267578125,1128.4000244140625,1131.5,1134.5999755859375,1137.699951171875,1140.7999267578125,1143.9000244140625,1147.0,1150.0999755859375,1153.199951171875,1156.2999267578125,1159.4000244140625,1162.5,1165.5999755859375,1168.699951171875,1171.7999267578125,1174.9000244140625,1178.0,1181.0999755859375,1184.199951171875,1187.2999267578125,1190.39990234375,1193.5,1196.5999755859375,1199.699951171875,1202.7999267578125,1205.89990234375,1209.0,1212.0999755859375,1215.199951171875,1218.2999267578125,1221.39990234375,1224.5,1227.5999755859375,1230.699951171875,1233.7999267578125,1236.89990234375,1240.0,1243.0999755859375,1246.199951171875,1249.2999267578125,1252.39990234375,1255.5,1258.5999755859375,1261.699951171875,1264.7999267578125,1267.89990234375,1271.0,1274.0999755859375,1277.199951171875,1280.2999267578125,1283.39990234375,1286.5,1289.5999755859375,1292.699951171875,1295.7999267578125,1298.89990234375,1302.0,1305.0999755859375,1308.199951171875,1311.2999267578125,1314.39990234375,1317.5,1320.5999755859375,1323.699951171875,1326.7999267578125,1329.89990234375,1333.0,1336.0999755859375,1339.199951171875,1342.2999267578125,1345.39990234375,1348.5,1351.5999755859375,1354.699951171875,1357.7999267578125,1360.89990234375,1364.0,1367.0999755859375,1370.199951171875,1373.2999267578125,1376.39990234375,1379.5,1382.5999755859375,1385.699951171875,1388.7999267578125,1391.89990234375,1395.0,1398.0999755859375,1401.199951171875,1404.2999267578125,1407.39990234375,1410.5,1413.5999755859375,1416.699951171875,1419.7999267578125,1422.89990234375,1426.0,1429.0999755859375,1432.199951171875,1435.2999267578125,1438.39990234375,1441.5,1444.5999755859375,1447.699951171875,1450.7999267578125,1453.89990234375,1457.0,1460.0999755859375,1463.199951171875,1466.2999267578125,1469.39990234375,1472.5,1475.5999755859375,1478.699951171875,1481.7999267578125,1484.89990234375,1488.0,1491.0999755859375,1494.199951171875,1497.2999267578125,1500.39990234375,1503.5,1506.5999755859375,1509.699951171875,1512.7999267578125,1515.89990234375,1519.0,1522.0999755859375,1525.199951171875,1528.2999267578125,1531.39990234375,1534.5,1537.5999755859375,1540.699951171875,1543.7999267578125,1546.89990234375,1550.0,1553.0999755859375,1556.199951171875,1559.2999267578125,1562.39990234375,1565.5,1568.5999755859375,1571.699951171875,1574.7999267578125,1577.89990234375,1581.0,1584.0999755859375,1587.199951171875,1590.2999267578125,1593.39990234375,1596.5,1599.5999755859375,1602.699951171875,1605.7999267578125,1608.89990234375,1612.0,1615.0999755859375,1618.199951171875,1621.2999267578125,1624.39990234375,1627.5,1630.5999755859375,1633.699951171875,1636.7999267578125,1639.89990234375,1643.0,1646.0999755859375,1649.199951171875,1652.2999267578125,1655.39990234375,1658.5,1661.5999755859375,1664.699951171875,1667.7999267578125,1670.89990234375,1674.0,1677.0999755859375,1680.199951171875,1683.2999267578125,1686.39990234375,1689.5,1692.5999755859375,1695.699951171875,1698.7999267578125,1701.89990234375,1705.0,1708.0999755859375,1711.199951171875,1714.2999267578125,1717.39990234375,1720.5,1723.5999755859375,1726.699951171875,1729.7999267578125,1732.89990234375,1736.0,1739.0999755859375,1742.199951171875,1745.2999267578125,1748.39990234375,1751.5,1754.5999755859375,1757.699951171875,1760.7999267578125,1763.89990234375,1767.0,1770.0999755859375,1773.199951171875,1776.2999267578125,1779.39990234375,1782.5,1785.5999755859375,1788.699951171875,1791.7999267578125,1794.89990234375,1798.0,1801.0999755859375,1804.199951171875,1807.2999267578125,1810.39990234375,1813.5,1816.5999755859375,1819.699951171875,1822.7999267578125,1825.89990234375,1829.0,1832.0999755859375,1835.199951171875,1838.2999267578125,1841.39990234375,1844.5,1847.5999755859375,1850.699951171875,1853.7999267578125,1856.89990234375,1860.0,1863.0999755859375,1866.199951171875,1869.2999267578125,1872.39990234375,1875.5,1878.5999755859375,1881.699951171875,1884.7999267578125,1887.89990234375,1891.0,1894.0999755859375,1897.199951171875,1900.2999267578125,1903.39990234375,1906.5,1909.5999755859375,1912.699951171875,1915.7999267578125,1918.89990234375,1922.0,1925.0999755859375,1928.199951171875,1931.2999267578125,1934.39990234375,1937.5,1940.5999755859375,1943.699951171875,1946.7999267578125,1949.89990234375,1953.0,1956.0999755859375,1959.199951171875,1962.2999267578125,1965.39990234375,1968.5,1971.5999755859375,1974.699951171875,1977.7999267578125,1980.89990234375,1984.0,1987.0999755859375,1990.199951171875,1993.2999267578125,1996.39990234375,1999.4998779296875,2002.5999755859375,2005.699951171875,2008.7999267578125,2011.89990234375,2014.9998779296875,2018.0999755859375,2021.199951171875,2024.2999267578125,2027.39990234375,2030.4998779296875,2033.5999755859375,2036.699951171875,2039.7999267578125,2042.89990234375,2045.9998779296875,2049.099853515625,2052.199951171875,2055.300048828125,2058.39990234375,2061.5,2064.599853515625,2067.699951171875,2070.800048828125,2073.89990234375,2077.0,2080.099853515625,2083.199951171875,2086.300048828125,2089.39990234375,2092.5,2095.599853515625,2098.699951171875,2101.800048828125,2104.89990234375,2108.0,2111.099853515625,2114.199951171875,2117.300048828125,2120.39990234375,2123.5,2126.599853515625,2129.699951171875,2132.800048828125,2135.89990234375,2139.0,2142.099853515625,2145.199951171875,2148.300048828125,2151.39990234375,2154.5,2157.599853515625,2160.699951171875,2163.800048828125,2166.89990234375,2170.0,2173.099853515625,2176.199951171875,2179.300048828125,2182.39990234375,2185.5,2188.599853515625,2191.699951171875,2194.800048828125,2197.89990234375,2201.0,2204.099853515625,2207.199951171875,2210.300048828125,2213.39990234375,2216.5,2219.599853515625,2222.699951171875,2225.800048828125,2228.89990234375,2232.0,2235.099853515625,2238.199951171875,2241.300048828125,2244.39990234375,2247.5,2250.599853515625,2253.699951171875,2256.800048828125,2259.89990234375,2263.0,2266.099853515625,2269.199951171875,2272.300048828125,2275.39990234375,2278.5,2281.599853515625,2284.699951171875,2287.800048828125,2290.89990234375,2294.0,2297.099853515625,2300.199951171875,2303.300048828125,2306.39990234375,2309.5,2312.599853515625,2315.699951171875,2318.800048828125,2321.89990234375,2325.0,2328.099853515625,2331.199951171875,2334.300048828125,2337.39990234375,2340.5,2343.599853515625,2346.699951171875,2349.800048828125,2352.89990234375,2356.0,2359.099853515625,2362.199951171875,2365.300048828125,2368.39990234375,2371.5,2374.599853515625,2377.699951171875,2380.7998046875,2383.89990234375,2387.0,2390.099853515625,2393.199951171875,2396.2998046875,2399.39990234375,2402.5,2405.599853515625,2408.699951171875,2411.7998046875,2414.89990234375,2418.0,2421.099853515625,2424.199951171875,2427.2998046875,2430.39990234375,2433.5,2436.599853515625,2439.699951171875,2442.7998046875,2445.89990234375,2449.0,2452.099853515625,2455.199951171875,2458.2998046875,2461.39990234375,2464.5,2467.599853515625,2470.699951171875,2473.7998046875,2476.89990234375,2480.0,2483.099853515625,2486.199951171875,2489.2998046875,2492.39990234375,2495.5,2498.599853515625,2501.699951171875,2504.7998046875,2507.89990234375,2511.0,2514.099853515625,2517.199951171875,2520.2998046875,2523.39990234375,2526.5,2529.599853515625,2532.699951171875,2535.7998046875,2538.89990234375,2542.0,2545.099853515625,2548.199951171875,2551.2998046875,2554.39990234375,2557.5,2560.599853515625,2563.699951171875,2566.7998046875,2569.89990234375,2573.0,2576.099853515625,2579.199951171875,2582.2998046875,2585.39990234375,2588.5,2591.599853515625,2594.699951171875,2597.7998046875,2600.89990234375,2604.0,2607.099853515625,2610.199951171875,2613.2998046875,2616.39990234375,2619.5,2622.599853515625,2625.699951171875,2628.7998046875,2631.89990234375,2635.0,2638.099853515625,2641.199951171875,2644.2998046875,2647.39990234375,2650.5,2653.599853515625,2656.699951171875,2659.7998046875,2662.89990234375,2666.0,2669.099853515625,2672.199951171875,2675.2998046875,2678.39990234375,2681.5,2684.599853515625,2687.699951171875,2690.7998046875,2693.89990234375,2697.0,2700.099853515625,2703.199951171875,2706.2998046875,2709.39990234375,2712.5,2715.599853515625,2718.699951171875,2721.7998046875,2724.89990234375,2728.0,2731.099853515625,2734.199951171875,2737.2998046875,2740.39990234375,2743.5,2746.599853515625,2749.699951171875,2752.7998046875,2755.89990234375,2759.0,2762.099853515625,2765.199951171875,2768.2998046875,2771.39990234375,2774.5,2777.599853515625,2780.699951171875,2783.7998046875,2786.89990234375,2790.0,2793.099853515625,2796.199951171875,2799.2998046875,2802.39990234375,2805.5,2808.599853515625,2811.699951171875,2814.7998046875,2817.89990234375,2821.0,2824.099853515625,2827.199951171875,2830.2998046875,2833.39990234375,2836.5,2839.599853515625,2842.699951171875,2845.7998046875,2848.89990234375,2852.0,2855.099853515625,2858.199951171875,2861.2998046875,2864.39990234375,2867.5,2870.599853515625,2873.699951171875,2876.7998046875,2879.89990234375,2883.0,2886.099853515625,2889.199951171875,2892.2998046875,2895.39990234375,2898.5,2901.599853515625,2904.699951171875,2907.7998046875,2910.89990234375,2914.0,2917.099853515625,2920.199951171875,2923.2998046875,2926.39990234375,2929.5,2932.599853515625,2935.699951171875,2938.7998046875,2941.89990234375,2945.0,2948.099853515625,2951.199951171875,2954.2998046875,2957.39990234375,2960.5,2963.599853515625,2966.699951171875,2969.7998046875,2972.89990234375,2976.0,2979.099853515625,2982.199951171875,2985.2998046875,2988.39990234375,2991.5,2994.599853515625,2997.699951171875,3000.7998046875,3003.89990234375,3007.0,3010.099853515625,3013.199951171875,3016.2998046875,3019.39990234375,3022.5,3025.599853515625,3028.699951171875,3031.7998046875,3034.89990234375,3038.0,3041.099853515625,3044.199951171875,3047.2998046875,3050.39990234375,3053.5,3056.599853515625,3059.699951171875,3062.7998046875,3065.89990234375,3069.0,3072.099853515625,3075.199951171875,3078.2998046875,3081.39990234375,3084.5,3087.599853515625,3090.699951171875,3093.7998046875,3096.89990234375,3100.0,3103.099853515625,3106.199951171875,3109.2998046875,3112.39990234375,3115.5,3118.599853515625,3121.699951171875,3124.7998046875,3127.89990234375,3131.0,3134.099853515625,3137.199951171875,3140.2998046875,3143.39990234375,3146.5,3149.599853515625,3152.699951171875,3155.7998046875,3158.89990234375,3162.0,3165.099853515625,3168.199951171875,3171.2998046875,3174.39990234375,3177.5,3180.599853515625,3183.699951171875,3186.7998046875,3189.89990234375,3193.0,3196.099853515625,3199.199951171875,3202.2998046875,3205.39990234375,3208.5,3211.599853515625,3214.699951171875,3217.7998046875,3220.89990234375,3224.0,3227.099853515625,3230.199951171875,3233.2998046875,3236.39990234375,3239.5,3242.599853515625,3245.699951171875,3248.7998046875,3251.89990234375,3255.0,3258.099853515625,3261.199951171875,3264.2998046875,3267.39990234375,3270.5,3273.599853515625,3276.699951171875,3279.7998046875,3282.89990234375,3286.0,3289.099853515625,3292.199951171875,3295.2998046875,3298.39990234375,3301.5,3304.599853515625,3307.699951171875,3310.7998046875,3313.89990234375,3317.0,3320.099853515625,3323.199951171875,3326.2998046875,3329.39990234375,3332.5,3335.599853515625,3338.699951171875,3341.7998046875,3344.89990234375,3348.0,3351.099853515625,3354.199951171875,3357.2998046875,3360.39990234375,3363.5,3366.599853515625,3369.699951171875,3372.7998046875,3375.89990234375,3379.0,3382.099853515625,3385.199951171875,3388.2998046875,3391.39990234375,3394.5,3397.599853515625,3400.699951171875,3403.7998046875,3406.89990234375,3410.0,3413.099853515625,3416.199951171875,3419.2998046875,3422.39990234375,3425.5,3428.599853515625,3431.699951171875,3434.7998046875,3437.89990234375,3441.0,3444.099853515625,3447.199951171875,3450.2998046875,3453.39990234375,3456.5,3459.599853515625,3462.699951171875,3465.7998046875,3468.89990234375,3472.0,3475.099853515625,3478.199951171875,3481.2998046875,3484.39990234375,3487.5,3490.599853515625,3493.699951171875,3496.7998046875,3499.89990234375,3503.0,3506.099853515625,3509.199951171875,3512.2998046875,3515.39990234375,3518.5,3521.599853515625,3524.699951171875,3527.7998046875,3530.89990234375,3534.0,3537.099853515625,3540.199951171875,3543.2998046875,3546.39990234375,3549.5,3552.599853515625,3555.699951171875,3558.7998046875,3561.89990234375,3565.0,3568.099853515625,3571.199951171875,3574.2998046875,3577.39990234375,3580.5,3583.599853515625,3586.699951171875,3589.7998046875,3592.89990234375,3596.0,3599.099853515625,3602.199951171875,3605.2998046875,3608.39990234375,3611.5,3614.599853515625,3617.699951171875,3620.7998046875,3623.89990234375,3627.0,3630.099853515625,3633.199951171875,3636.2998046875,3639.39990234375,3642.5,3645.599853515625,3648.699951171875,3651.7998046875,3654.89990234375,3658.0,3661.099853515625,3664.199951171875,3667.2998046875,3670.39990234375,3673.5,3676.599853515625,3679.699951171875,3682.7998046875,3685.89990234375,3689.0,3692.099853515625,3695.199951171875,3698.2998046875,3701.39990234375,3704.5,3707.599853515625,3710.699951171875,3713.7998046875,3716.89990234375,3720.0,3723.099853515625,3726.199951171875,3729.2998046875,3732.39990234375,3735.5,3738.599853515625,3741.699951171875,3744.7998046875,3747.89990234375,3751.0,3754.099853515625,3757.199951171875,3760.2998046875,3763.39990234375,3766.5,3769.599853515625,3772.699951171875,3775.7998046875,3778.89990234375,3782.0,3785.099853515625,3788.199951171875,3791.2998046875,3794.39990234375,3797.5,3800.599853515625,3803.699951171875,3806.7998046875,3809.89990234375,3813.0,3816.099853515625,3819.199951171875,3822.2998046875,3825.39990234375,3828.5,3831.599853515625,3834.699951171875,3837.7998046875,3840.89990234375,3844.0,3847.099853515625,3850.199951171875,3853.2998046875,3856.39990234375,3859.5,3862.599853515625,3865.699951171875,3868.7998046875,3871.89990234375,3875.0,3878.099853515625,3881.199951171875,3884.2998046875,3887.39990234375,3890.5,3893.599853515625,3896.699951171875,3899.7998046875,3902.89990234375,3906.0,3909.099853515625,3912.199951171875,3915.2998046875,3918.39990234375,3921.5,3924.599853515625,3927.699951171875,3930.7998046875,3933.89990234375,3937.0,3940.099853515625,3943.199951171875,3946.2998046875,3949.39990234375,3952.5,3955.599853515625,3958.699951171875,3961.7998046875,3964.89990234375,3968.0,3971.099853515625,3974.199951171875,3977.2998046875,3980.39990234375,3983.499755859375,3986.599853515625,3989.699951171875,3992.7998046875,3995.89990234375,3998.999755859375,4002.099853515625,4005.199951171875,4008.2998046875,4011.39990234375,4014.499755859375,4017.599853515625,4020.699951171875,4023.7998046875,4026.89990234375,4029.999755859375,4033.099853515625,4036.199951171875,4039.2998046875,4042.39990234375,4045.499755859375,4048.599853515625,4051.699951171875,4054.7998046875,4057.89990234375,4060.999755859375,4064.099853515625,4067.199951171875,4070.2998046875,4073.39990234375,4076.499755859375,4079.599853515625,4082.699951171875,4085.7998046875,4088.89990234375,4091.999755859375,4095.099853515625,4098.19970703125,4101.2998046875,4104.39990234375,4107.5,4110.60009765625,4113.69970703125,4116.7998046875,4119.89990234375,4123.0,4126.10009765625,4129.19970703125,4132.2998046875,4135.39990234375,4138.5,4141.60009765625,4144.69970703125,4147.7998046875,4150.89990234375,4154.0,4157.10009765625,4160.19970703125,4163.2998046875,4166.39990234375,4169.5,4172.60009765625,4175.69970703125,4178.7998046875,4181.89990234375,4185.0,4188.10009765625,4191.19970703125,4194.2998046875,4197.39990234375,4200.5,4203.60009765625,4206.69970703125,4209.7998046875,4212.89990234375,4216.0,4219.10009765625,4222.19970703125,4225.2998046875,4228.39990234375,4231.5,4234.60009765625,4237.69970703125,4240.7998046875,4243.89990234375,4247.0,4250.10009765625,4253.19970703125,4256.2998046875,4259.39990234375,4262.5,4265.60009765625,4268.69970703125,4271.7998046875,4274.89990234375,4278.0,4281.10009765625,4284.19970703125,4287.2998046875,4290.39990234375,4293.5,4296.60009765625,4299.69970703125,4302.7998046875,4305.89990234375,4309.0,4312.10009765625,4315.19970703125,4318.2998046875,4321.39990234375,4324.5,4327.60009765625,4330.69970703125,4333.7998046875,4336.89990234375,4340.0,4343.10009765625,4346.19970703125,4349.2998046875,4352.39990234375,4355.5,4358.60009765625,4361.69970703125,4364.7998046875,4367.89990234375,4371.0,4374.10009765625,4377.19970703125,4380.2998046875,4383.39990234375,4386.5,4389.60009765625,4392.69970703125,4395.7998046875,4398.89990234375,4402.0,4405.10009765625,4408.19970703125,4411.2998046875,4414.39990234375,4417.5,4420.60009765625,4423.69970703125,4426.7998046875,4429.89990234375,4433.0,4436.10009765625,4439.19970703125,4442.2998046875,4445.39990234375,4448.5,4451.60009765625,4454.69970703125,4457.7998046875,4460.89990234375,4464.0,4467.10009765625,4470.19970703125,4473.2998046875,4476.39990234375,4479.5,4482.60009765625,4485.69970703125,4488.7998046875,4491.89990234375,4495.0,4498.10009765625,4501.19970703125,4504.2998046875,4507.39990234375,4510.5,4513.60009765625,4516.69970703125,4519.7998046875,4522.89990234375,4526.0,4529.10009765625,4532.19970703125,4535.2998046875,4538.39990234375,4541.5,4544.60009765625,4547.69970703125,4550.7998046875,4553.89990234375,4557.0,4560.10009765625,4563.19970703125,4566.2998046875,4569.39990234375,4572.5,4575.60009765625,4578.69970703125,4581.7998046875,4584.89990234375,4588.0,4591.10009765625,4594.19970703125,4597.2998046875,4600.39990234375,4603.5,4606.60009765625,4609.69970703125,4612.7998046875,4615.89990234375,4619.0,4622.10009765625,4625.19970703125,4628.2998046875,4631.39990234375,4634.5,4637.60009765625,4640.69970703125,4643.7998046875,4646.89990234375,4650.0,4653.10009765625,4656.19970703125,4659.2998046875,4662.39990234375,4665.5,4668.60009765625,4671.69970703125,4674.7998046875,4677.89990234375,4681.0,4684.10009765625,4687.19970703125,4690.2998046875,4693.39990234375,4696.5,4699.60009765625,4702.69970703125,4705.7998046875,4708.89990234375,4712.0,4715.10009765625,4718.19970703125,4721.2998046875,4724.39990234375,4727.5,4730.60009765625,4733.69970703125,4736.7998046875,4739.89990234375,4743.0,4746.10009765625,4749.19970703125,4752.2998046875,4755.39990234375,4758.5,4761.599609375,4764.69970703125,4767.7998046875,4770.89990234375,4774.0,4777.099609375,4780.19970703125,4783.2998046875,4786.39990234375,4789.5,4792.599609375,4795.69970703125,4798.7998046875,4801.89990234375,4805.0,4808.099609375,4811.19970703125,4814.2998046875,4817.39990234375,4820.5,4823.599609375,4826.69970703125,4829.7998046875,4832.89990234375,4836.0,4839.099609375,4842.19970703125,4845.2998046875,4848.39990234375,4851.5,4854.599609375,4857.69970703125,4860.7998046875,4863.89990234375,4867.0,4870.099609375,4873.19970703125,4876.2998046875,4879.39990234375,4882.5,4885.599609375,4888.69970703125,4891.7998046875,4894.89990234375,4898.0,4901.099609375,4904.19970703125,4907.2998046875,4910.39990234375,4913.5,4916.599609375,4919.69970703125,4922.7998046875,4925.89990234375,4929.0,4932.099609375,4935.19970703125,4938.2998046875,4941.39990234375,4944.5,4947.599609375,4950.69970703125,4953.7998046875,4956.89990234375,4960.0,4963.099609375,4966.19970703125,4969.2998046875,4972.39990234375,4975.5,4978.599609375,4981.69970703125,4984.7998046875,4987.89990234375,4991.0,4994.099609375,4997.19970703125,5000.2998046875,5003.39990234375,5006.5,5009.599609375,5012.69970703125,5015.7998046875,5018.89990234375,5022.0,5025.099609375,5028.19970703125,5031.2998046875,5034.39990234375,5037.5,5040.599609375,5043.69970703125,5046.7998046875,5049.89990234375,5053.0,5056.099609375,5059.19970703125,5062.2998046875,5065.39990234375,5068.5,5071.599609375,5074.69970703125,5077.7998046875,5080.89990234375,5084.0,5087.099609375,5090.19970703125,5093.2998046875,5096.39990234375,5099.5,5102.599609375,5105.69970703125,5108.7998046875,5111.89990234375,5115.0,5118.099609375,5121.19970703125,5124.2998046875,5127.39990234375,5130.5,5133.599609375,5136.69970703125,5139.7998046875,5142.89990234375,5146.0,5149.099609375,5152.19970703125,5155.2998046875,5158.39990234375,5161.5,5164.599609375,5167.69970703125,5170.7998046875,5173.89990234375,5177.0,5180.099609375,5183.19970703125,5186.2998046875,5189.39990234375,5192.5,5195.599609375,5198.69970703125,5201.7998046875,5204.89990234375,5208.0,5211.099609375,5214.19970703125,5217.2998046875,5220.39990234375,5223.5,5226.599609375,5229.69970703125,5232.7998046875,5235.89990234375,5239.0,5242.099609375,5245.19970703125,5248.2998046875,5251.39990234375,5254.5,5257.599609375,5260.69970703125,5263.7998046875,5266.89990234375,5270.0,5273.099609375,5276.19970703125,5279.2998046875,5282.39990234375,5285.5,5288.599609375,5291.69970703125,5294.7998046875,5297.89990234375,5301.0,5304.099609375,5307.19970703125,5310.2998046875,5313.39990234375,5316.5,5319.599609375,5322.69970703125,5325.7998046875,5328.89990234375,5332.0,5335.099609375,5338.19970703125,5341.2998046875,5344.39990234375,5347.5,5350.599609375,5353.69970703125,5356.7998046875,5359.89990234375,5363.0,5366.099609375,5369.19970703125,5372.2998046875,5375.39990234375,5378.5,5381.599609375,5384.69970703125,5387.7998046875,5390.89990234375,5394.0,5397.099609375,5400.19970703125,5403.2998046875,5406.39990234375,5409.5,5412.599609375,5415.69970703125,5418.7998046875,5421.89990234375,5425.0,5428.099609375,5431.19970703125,5434.2998046875,5437.39990234375,5440.5,5443.599609375,5446.69970703125,5449.7998046875,5452.89990234375,5456.0,5459.099609375,5462.19970703125,5465.2998046875,5468.39990234375],"type":"arraytest"}}
1771734344[Client 1] {"common":{"content":"ㅋㅌㅊㅍㅁㄴ","type":"login"}}
1771734344[Client 2] {"common":{"content":"ㅋㅌㅊㅍㅁㄴ","type":"login"}}
1771734344[Client 3] {"common":{"content":"ㅋㅌㅊㅍㅁㄴ","type":"login"}}
1771734344[Client 4] {"common":{"content":"ㅋㅌㅊㅍㅁㄴ","type":"login"}}
1771734358[Client 1] {"common":{"content":"ㅋㅌㅊㅍㅁㄴㅇ","type":"login"}}
1771734398[Client 1] {"common":{"content":"ㅋㅌㅊㅍㅁㄴㅇㄹ","type":"login"}}
1771734400[Client 1] {"common":{"content":[3.0999999046325684,6.199999809265137,9.299999237060547,12.399999618530273,15.5,18.599998474121094,21.69999885559082,24.799999237060547,27.899999618530273,31.0,34.099998474121094,37.19999694824219,40.29999923706055,43.39999771118164,46.5,49.599998474121094,52.69999694824219,55.79999923706055,58.89999771118164,62.0,65.0999984741211,68.19999694824219,71.29999542236328,74.39999389648438,77.5,80.5999984741211,83.69999694824219,86.79999542236328,89.89999389648438,93.0,96.0999984741211,99.19999694824219,102.29999542236328,105.39999389648438,108.5,111.5999984741211,114.69999694824219,117.79999542236328,120.89999389648438,124.0,127.0999984741211,130.1999969482422,133.3000030517578,136.39999389648438,139.5,142.59999084472656,145.6999969482422,148.79998779296875,151.89999389648438,155.0,158.09999084472656,161.1999969482422,164.29998779296875,167.39999389648438,170.5,173.59999084472656,176.6999969482422,179.79998779296875,182.89999389648438,186.0,189.09999084472656,192.1999969482422,195.29998779296875,198.39999389648438,201.5,204.59999084472656,207.6999969482422,210.79998779296875,213.89999389648438,217.0,220.09999084472656,223.1999969482422,226.29998779296875,229.39999389648438,232.5,235.59999084472656,238.6999969482422,241.79998779296875,244.89999389648438,248.0,251.09999084472656,254.1999969482422,257.29998779296875,260.3999938964844,263.5,266.6000061035156,269.6999816894531,272.79998779296875,275.8999938964844,279.0,282.1000061035156,285.1999816894531,288.29998779296875,291.3999938964844,294.5,297.5999755859375,300.6999816894531,303.79998779296875,306.8999938964844,310.0,313.0999755859375,316.1999816894531,319.29998779296875,322.3999938964844,325.5,328.5999755859375,331.6999816894531,334.79998779296875,337.8999938964844,341.0,344.0999755859375,347.1999816894531,350.29998779296875,353.3999938964844,356.5,359.5999755859375,362.6999816894531,365.79998779296875,368.8999938964844,372.0,375.0999755859375,378.1999816894531,381.29998779296875,384.3999938964844,387.5,390.5999755859375,393.6999816894531,396.79998779296875,399.8999938964844,403.0,406.0999755859375,409.1999816894531,412.29998779296875,415.3999938964844,418.5,421.5999755859375,424.6999816894531,427.79998779296875,430.8999938964844,434.0,437.0999755859375,440.1999816894531,443.29998779296875,446.3999938964844,449.5,452.5999755859375,455.6999816894531,458.79998779296875,461.8999938964844,465.0,468.0999755859375,471.1999816894531,474.29998779296875,477.3999938964844,480.5,483.5999755859375,486.6999816894531,489.79998779296875,492.8999938964844,496.0,499.0999755859375,502.1999816894531,505.29998779296875,508.3999938964844,511.4999694824219,514.5999755859375,517.7000122070313,520.7999877929688,523.8999633789063,527.0,530.0999755859375,533.2000122070313,536.2999877929688,539.3999633789063,542.5,545.5999755859375,548.7000122070313,551.7999877929688,554.8999633789063,558.0,561.0999755859375,564.2000122070313,567.2999877929688,570.3999633789063,573.5,576.5999755859375,579.7000122070313,582.7999877929688,585.8999633789063,589.0,592.0999755859375,595.199951171875,598.2999877929688,601.3999633789063,604.5,607.5999755859375,610.699951171875,613.7999877929688,616.8999633789063,620.0,623.0999755859375,626.199951171875,629.2999877929688,632.3999633789063,635.5,638.5999755859375,641.699951171875,644.7999877929688,647.8999633789063,651.0,654.0999755859375,657.199951171875,660.2999877929688,663.3999633789063,666.5,669.5999755859375,672.699951171875,675.7999877929688,678.8999633789063,682.0,685.0999755859375,688.199951171875,691.2999877929688,694.3999633789063,697.5,700.5999755859375,703.699951171875,706.7999877929688,709.8999633789063,713.0,716.0999755859375,719.199951171875,722.2999877929688,725.3999633789063,728.5,731.5999755859375,734.699951171875,737.7999877929688,740.8999633789063,744.0,747.0999755859375,750.199951171875,753.2999877929688,756.3999633789063,759.5,762.5999755859375,765.699951171875,768.7999877929688,771.8999633789063,775.0,778.0999755859375,781.199951171875,784.2999877929688,787.3999633789063,790.5,793.5999755859375,796.699951171875,799.7999877929688,802.8999633789063,806.0,809.0999755859375,812.199951171875,815.2999877929688,818.3999633789063,821.5,824.5999755859375,827.699951171875,830.7999877929688,833.8999633789063,837.0,840.0999755859375,843.199951171875,846.2999877929688,849.3999633789063,852.5,855.5999755859375,858.699951171875,861.7999877929688,864.8999633789063,868.0,871.0999755859375,874.199951171875,877.2999877929688,880.3999633789063,883.5,886.5999755859375,889.699951171875,892.7999877929688,895.8999633789063,899.0,902.0999755859375,905.199951171875,908.2999877929688,911.3999633789063,914.5,917.5999755859375,920.699951171875,923.7999877929688,926.8999633789063,930.0,933.0999755859375,936.199951171875,939.2999877929688,942.3999633789063,945.5,948.5999755859375,951.699951171875,954.7999877929688,957.8999633789063,961.0,964.0999755859375,967.199951171875,970.2999877929688,973.3999633789063,976.5,979.5999755859375,982.699951171875,985.7999877929688,988.8999633789063,992.0,995.0999755859375,998.199951171875,1001.2999877929688,1004.3999633789063,1007.4999389648438,1010.5999755859375,1013.699951171875,1016.7999877929688,1019.8999633789063,1022.9999389648438,1026.0999755859375,1029.199951171875,1032.2999267578125,1035.4000244140625,1038.5,1041.5999755859375,1044.699951171875,1047.7999267578125,1050.9000244140625,1054.0,1057.0999755859375,1060.199951171875,1063.2999267578125,1066.4000244140625,1069.5,1072.5999755859375,1075.699951171875,1078.7999267578125,1081.9000244140625,1085.0,1088.0999755859375,1091.199951171875,1094.2999267578125,1097.4000244140625,1100.5,1103.5999755859375,1106.699951171875,1109.7999267578125,1112.9000244140625,1116.0,1119.0999755859375,1122.199951171875,1125.2999267578125,1128.4000244140625,1131.5,1134.5999755859375,1137.699951171875,1140.7999267578125,1143.9000244140625,1147.0,1150.0999755859375,1153.199951171875,1156.2999267578125,1159.4000244140625,1162.5,1165.5999755859375,1168.699951171875,1171.7999267578125,1174.9000244140625,1178.0,1181.0999755859375,1184.199951171875,1187.2999267578125,1190.39990234375,1193.5,1196.5999755859375,1199.699951171875,1202.7999267578125,1205.89990234375,1209.0,1212.0999755859375,1215.199951171875,1218.2999267578125,1221.39990234375,1224.5,1227.5999755859375,1230.699951171875,1233.7999267578125,1236.89990234375,1240.0,1243.0999755859375,1246.199951171875,1249.2999267578125,1252.39990234375,1255.5,1258.5999755859375,1261.699951171875,1264.7999267578125,1267.89990234375,1271.0,1274.0999755859375,1277.199951171875,1280.2999267578125,1283.39990234375,1286.5,1289.5999755859375,1292.699951171875,1295.7999267578125,1298.89990234375,1302.0,1305.0999755859375,1308.199951171875,1311.2999267578125,1314.39990234375,1317.5,1320.5999755859375,1323.699951171875,1326.7999267578125,1329.89990234375,1333.0,1336.0999755859375,1339.199951171875,1342.2999267578125,1345.39990234375,1348.5,1351.5999755859375,1354.699951171875,1357.7999267578125,1360.89990234375,1364.0,1367.0999755859375,1370.199951171875,1373.2999267578125,1376.39990234375,1379.5,1382.5999755859375,1385.699951171875,1388.7999267578125,1391.89990234375,1395.0,1398.0999755859375,1401.199951171875,1404.2999267578125,1407.39990234375,1410.5,1413.5999755859375,1416.699951171875,1419.7999267578125,1422.89990234375,1426.0,1429.0999755859375,1432.199951171875,1435.2999267578125,1438.39990234375,1441.5,1444.5999755859375,1447.699951171875,1450.7999267578125,1453.89990234375,1457.0,1460.0999755859375,1463.199951171875,1466.2999267578125,1469.39990234375,1472.5,1475.5999755859375,1478.699951171875,1481.7999267578125,1484.89990234375,1488.0,1491.0999755859375,1494.199951171875,1497.2999267578125,1500.39990234375,1503.5,1506.5999755859375,1509.699951171875,1512.7999267578125,1515.89990234375,1519.0,1522.0999755859375,1525.199951171875,1528.2999267578125,1531.39990234375,1534.5,1537.5999755859375,1540.699951171875,1543.7999267578125,1546.89990234375,1550.0,1553.0999755859375,1556.199951171875,1559.2999267578125,1562.39990234375,1565.5,1568.5999755859375,1571.699951171875,1574.7999267578125,1577.89990234375,1581.0,1584.0999755859375,1587.199951171875,1590.2999267578125,1593.39990234375,1596.5,1599.5999755859375,1602.699951171875,1605.7999267578125,1608.89990234375,1612.0,1615.0999755859375,1618.199951171875,1621.2999267578125,1624.39990234375,1627.5,1630.5999755859375,1633.699951171875,1636.7999267578125,1639.89990234375,1643.0,1646.0999755859375,1649.199951171875,1652.2999267578125,1655.39990234375,1658.5,1661.5999755859375,1664.699951171875,1667.7999267578125,1670.89990234375,1674.0,1677.0999755859375,1680.199951171875,1683.2999267578125,1686.39990234375,1689.5,1692.5999755859375,1695.699951171875,1698.7999267578125,1701.89990234375,1705.0,1708.0999755859375,1711.199951171875,1714.2999267578125,1717.39990234375,1720.5,1723.5999755859375,1726.699951171875,1729.7999267578125,1732.89990234375,1736.0,1739.0999755859375,1742.199951171875,1745.2999267578125,1748.39990234375,1751.5,1754.5999755859375,1757.699951171875,1760.7999267578125,1763.89990234375,1767.0,1770.0999755859375,1773.199951171875,1776.2999267578125,1779.39990234375,1782.5,1785.5999755859375,1788.699951171875,1791.7999267578125,1794.89990234375,1798.0,1801.0999755859375,1804.199951171875,1807.2999267578125,1810.39990234375,1813.5,1816.5999755859375,1819.699951171875,1822.7999267578125,1825.89990234375,1829.0,1832.0999755859375,1835.199951171875,1838.2999267578125,1841.39990234375,1844.5,1847.5999755859375,1850.699951171875,1853.7999267578125,1856.89990234375,1860.0,1863.0999755859375,1866.199951171875,1869.2999267578125,1872.39990234375,1875.5,1878.5999755859375,1881.699951171875,1884.7999267578125,1887.89990234375,1891.0,1894.0999755859375,1897.199951171875,1900.2999267578125,1903.39990234375,1906.5,1909.5999755859375,1912.699951171875,1915.7999267578125,1918.89990234375,1922.0,1925.0999755859375,1928.199951171875,1931.2999267578125,1934.39990234375,1937.5,1940.5999755859375,1943.699951171875,1946.7999267578125,1949.89990234375,1953.0,1956.0999755859375,1959.199951171875,1962.2999267578125,1965.39990234375,1968.5,1971.5999755859375,1974.699951171875,1977.7999267578125,1980.89990234375,1984.0,1987.0999755859375,1990.199951171875,1993.2999267578125,1996.39990234375,1999.4998779296875,2002.5999755859375,2005.699951171875,2008.7999267578125,2011.89990234375,2014.9998779296875,2018.0999755859375,2021.199951171875,2024.2999267578125,2027.39990234375,2030.4998779296875,2033.5999755859375,2036.699951171875,2039.7999267578125,2042.89990234375,2045.9998779296875,2049.099853515625,2052.199951171875,2055.300048828125,2058.39990234375,2061.5,2064.599853515625,2067.699951171875,2070.800048828125,2073.89990234375,2077.0,2080.099853515625,2083.199951171875,2086.300048828125,2089.39990234375,2092.5,2095.599853515625,2098.699951171875,2101.800048828125,2104.89990234375,2108.0,2111.099853515625,2114.199951171875,2117.300048828125,2120.39990234375,2123.5,2126.599853515625,2129.699951171875,2132.800048828125,2135.89990234375,2139.0,2142.099853515625,2145.199951171875,2148.300048828125,2151.39990234375,2154.5,2157.599853515625,2160.699951171875,2163.800048828125,2166.89990234375,2170.0,2173.099853515625,2176.199951171875,2179.300048828125,2182.39990234375,2185.5,2188.599853515625,2191.699951171875,2194.800048828125,2197.89990234375,2201.0,2204.099853515625,2207.199951171875,2210.300048828125,2213.39990234375,2216.5,2219.599853515625,2222.699951171875,2225.800048828125,2228.89990234375,2232.0,2235.099853515625,2238.199951171875,2241.300048828125,2244.39990234375,2247.5,2250.599853515625,2253.699951171875,2256.800048828125,2259.89990234375,2263.0,2266.099853515625,2269.199951171875,2272.300048828125,2275.39990234375,2278.5,2281.599853515625,2284.699951171875,2287.800048828125,2290.89990234375,2294.0,2297.099853515625,2300.199951171875,2303.300048828125,2306.39990234375,2309.5,2312.599853515625,2315.699951171875,2318.800048828125,2321.89990234375,2325.0,2328.099853515625,2331.199951171875,2334.300048828125,2337.39990234375,2340.5,2343.599853515625,2346.699951171875,2349.800048828125,2352.89990234375,2356.0,2359.099853515625,2362.199951171875,2365.300048828125,2368.39990234375,2371.5,2374.599853515625,2377.699951171875,2380.7998046875,2383.89990234375,2387.0,2390.099853515625,2393.199951171875,2396.2998046875,2399.39990234375,2402.5,2405.599853515625,2408.699951171875,2411.7998046875,2414.89990234375,2418.0,2421.099853515625,2424.199951171875,2427.2998046875,2430.39990234375,2433.5,2436.599853515625,2439.699951171875,2442.7998046875,2445.89990234375,2449.0,2452.099853515625,2455.199951171875,2458.2998046875,2461.39990234375,2464.5,2467.599853515625,2470.699951171875,2473.7998046875,2476.89990234375,2480.0,2483.099853515625,2486.199951171875,2489.2998046875,2492.39990234375,2495.5,2498.599853515625,2501.699951171875,2504.7998046875,2507.89990234375,2511.0,2514.099853515625,2517.199951171875,2520.2998046875,2523.39990234375,2526.5,2529.599853515625,2532.699951171875,2535.7998046875,2538.89990234375,2542.0,2545.099853515625,2548.199951171875,2551.2998046875,2554.39990234375,2557.5,2560.599853515625,2563.699951171875,2566.7998046875,2569.89990234375,2573.0,2576.099853515625,2579.199951171875,2582.2998046875,2585.39990234375,2588.5,2591.599853515625,2594.699951171875,2597.7998046875,2600.89990234375,2604.0,2607.099853515625,2610.199951171875,2613.2998046875,2616.39990234375,2619.5,2622.599853515625,2625.699951171875,2628.7998046875,2631.89990234375,2635.0,2638.099853515625,2641.199951171875,2644.2998046875,2647.39990234375,2650.5,2653.599853515625,2656.699951171875,2659.7998046875,2662.89990234375,2666.0,2669.099853515625,2672.199951171875,2675.2998046875,2678.39990234375,2681.5,2684.599853515625,2687.699951171875,2690.7998046875,2693.89990234375,2697.0,2700.099853515625,2703.199951171875,2706.2998046875,2709.39990234375,2712.5,2715.599853515625,2718.699951171875,2721.7998046875,2724.89990234375,2728.0,2731.099853515625,2734.199951171875,2737.2998046875,2740.39990234375,2743.5,2746.599853515625,2749.699951171875,2752.7998046875,2755.89990234375,2759.0,2762.099853515625,2765.199951171875,2768.2998046875,2771.39990234375,2774.5,2777.599853515625,2780.699951171875,2783.7998046875,2786.89990234375,2790.0,2793.099853515625,2796.199951171875,2799.2998046875,2802.39990234375,2805.5,2808.599853515625,2811.699951171875,2814.7998046875,2817.89990234375,2821.0,2824.099853515625,2827.199951171875,2830.2998046875,2833.39990234375,2836.5,2839.599853515625,2842.699951171875,2845.7998046875,2848.89990234375,2852.0,2855.099853515625,2858.199951171875,2861.2998046875,2864.39990234375,2867.5,2870.599853515625,2873.699951171875,2876.7998046875,2879.89990234375,2883.0,2886.099853515625,2889.199951171875,2892.2998046875,2895.39990234375,2898.5,2901.599853515625,2904.699951171875,2907.7998046875,2910.89990234375,2914.0,2917.099853515625,2920.199951171875,2923.2998046875,2926.39990234375,2929.5,2932.599853515625,2935.699951171875,2938.7998046875,2941.89990234375,2945.0,2948.099853515625,2951.199951171875,2954.2998046875,2957.39990234375,2960.5,2963.599853515625,2966.699951171875,2969.7998046875,2972.89990234375,2976.0,2979.099853515625,2982.199951171875,2985.2998046875,2988.39990234375,2991.5,2994.599853515625,2997.699951171875,3000.7998046875,3003.89990234375,3007.0,3010.099853515625,3013.199951171875,3016.2998046875,3019.39990234375,3022.5,3025.599853515625,3028.699951171875,3031.7998046875,3034.89990234375,3038.0,3041.099853515625,3044.199951171875,3047.2998046875,3050.39990234375,3053.5,3056.599853515625,3059.699951171875,3062.7998046875,3065.89990234375,3069.0,3072.099853515625,3075.199951171875,3078.2998046875,3081.39990234375,3084.5,3087.599853515625,3090.699951171875,3093.7998046875,3096.89990234375,3100.0,3103.099853515625,3106.199951171875,3109.2998046875,3112.39990234375,3115.5,3118.599853515625,3121.699951171875,3124.7998046875,3127.89990234375,3131.0,3134.099853515625,3137.199951171875,3140.2998046875,3143.39990234375,3146.5,3149.599853515625,3152.699951171875,3155.7998046875,3158.89990234375,3162.0,3165.099853515625,3168.199951171875,3171.2998046875,3174.39990234375,3177.5,3180.599853515625,3183.699951171875,3186.7998046875,3189.89990234375,3193.0,3196.099853515625,3199.199951171875,3202.2998046875,3205.39990234375,3208.5,3211.599853515625,3214.699951171875,3217.7998046875,3220.89990234375,3224.0,3227.099853515625,3230.199951171875,3233.2998046875,3236.39990234375,3239.5,3242.599853515625,3245.699951171875,3248.7998046875,3251.89990234375,3255.0,3258.099853515625,3261.199951171875,3264.2998046875,3267.39990234375,3270.5,3273.599853515625,3276.699951171875,3279.7998046875,3282.89990234375,3286.0,3289.099853515625,3292.199951171875,3295.2998046875,3298.39990234375,3301.5,3304.599853515625,3307.699951171875,3310.7998046875,3313.89990234375,3317.0,3320.099853515625,3323.199951171875,3326.2998046875,3329.39990234375,3332.5,3335.599853515625,3338.699951171875,3341.7998046875,3344.89990234375,3348.0,3351.099853515625,3354.199951171875,3357.2998046875,3360.39990234375,3363.5,3366.599853515625,3369.699951171875,3372.7998046875,3375.89990234375,3379.0,3382.099853515625,3385.199951171875,3388.2998046875,3391.39990234375,3394.5,3397.599853515625,3400.699951171875,3403.7998046875,3406.89990234375,3410.0,3413.099853515625,3416.199951171875,3419.2998046875,3422.39990234375,3425.5,3428.599853515625,3431.699951171875,3434.7998046875,3437.89990234375,3441.0,3444.099853515625,3447.199951171875,3450.2998046875,3453.39990234375,3456.5,3459.599853515625,3462.699951171875,3465.7998046875,3468.89990234375,3472.0,3475.099853515625,3478.199951171875,3481.2998046875,3484.39990234375,3487.5,3490.599853515625,3493.699951171875,3496.7998046875,3499.89990234375,3503.0,3506.099853515625,3509.199951171875,3512.2998046875,3515.39990234375,3518.5,3521.599853515625,3524.699951171875,3527.7998046875,3530.89990234375,3534.0,3537.099853515625,3540.199951171875,3543.2998046875,3546.39990234375,3549.5,3552.599853515625,3555.699951171875,3558.7998046875,3561.89990234375,3565.0,3568.099853515625,3571.199951171875,3574.2998046875,3577.39990234375,3580.5,3583.599853515625,3586.699951171875,3589.7998046875,3592.89990234375,3596.0,3599.099853515625,3602.199951171875,3605.2998046875,3608.39990234375,3611.5,3614.599853515625,3617.699951171875,3620.7998046875,3623.89990234375,3627.0,3630.099853515625,3633.199951171875,3636.2998046875,3639.39990234375,3642.5,3645.599853515625,3648.699951171875,3651.7998046875,3654.89990234375,3658.0,3661.099853515625,3664.199951171875,3667.2998046875,3670.39990234375,3673.5,3676.599853515625,3679.699951171875,3682.7998046875,3685.89990234375,3689.0,3692.099853515625,3695.199951171875,3698.2998046875,3701.39990234375,3704.5,3707.599853515625,3710.699951171875,3713.7998046875,3716.89990234375,3720.0,3723.099853515625,3726.199951171875,3729.2998046875,3732.39990234375,3735.5,3738.599853515625,3741.699951171875,3744.7998046875,3747.89990234375,3751.0,3754.099853515625,3757.199951171875,3760.2998046875,3763.39990234375,3766.5,3769.599853515625,3772.699951171875,3775.7998046875,3778.89990234375,3782.0,3785.099853515625,3788.199951171875,3791.2998046875,3794.39990234375,3797.5,3800.599853515625,3803.699951171875,3806.7998046875,3809.89990234375,3813.0,3816.099853515625,3819.199951171875,3822.2998046875,3825.39990234375,3828.5,3831.599853515625,3834.699951171875,3837.7998046875,3840.89990234375,3844.0,3847.099853515625,3850.199951171875,3853.2998046875,3856.39990234375,3859.5,3862.599853515625,3865.699951171875,3868.7998046875,3871.89990234375,3875.0,3878.099853515625,3881.199951171875,3884.2998046875,3887.39990234375,3890.5,3893.599853515625,3896.699951171875,3899.7998046875,3902.89990234375,3906.0,3909.099853515625,3912.199951171875,3915.2998046875,3918.39990234375,3921.5,3924.599853515625,3927.699951171875,3930.7998046875,3933.89990234375,3937.0,3940.099853515625,3943.199951171875,3946.2998046875,3949.39990234375,3952.5,3955.599853515625,3958.699951171875,3961.7998046875,3964.89990234375,3968.0,3971.099853515625,3974.199951171875,3977.2998046875,3980.39990234375,3983.499755859375,3986.599853515625,3989.699951171875,3992.7998046875,3995.89990234375,3998.999755859375,4002.099853515625,4005.199951171875,4008.2998046875,4011.39990234375,4014.499755859375,4017.599853515625,4020.699951171875,4023.7998046875,4026.89990234375,4029.999755859375,4033.099853515625,4036.199951171875,4039.2998046875,4042.39990234375,4045.499755859375,4048.599853515625,4051.699951171875,4054.7998046875,4057.89990234375,4060.999755859375,4064.099853515625,4067.199951171875,4070.2998046875,4073.39990234375,4076.499755859375,4079.599853515625,4082.699951171875,4085.7998046875,4088.89990234375,4091.999755859375,4095.099853515625,4098.19970703125,4101.2998046875,4104.39990234375,4107.5,4110.60009765625,4113.69970703125,4116.7998046875,4119.89990234375,4123.0,4126.10009765625,4129.19970703125,4132.2998046875,4135.39990234375,4138.5,4141.60009765625,4144.69970703125,4147.7998046875,4150.89990234375,4154.0,4157.10009765625,4160.19970703125,4163.2998046875,4166.39990234375,4169.5,4172.60009765625,4175.69970703125,4178.7998046875,4181.89990234375,4185.0,4188.10009765625,4191.19970703125,4194.2998046875,4197.39990234375,4200.5,4203.60009765625,4206.69970703125,4209.7998046875,4212.89990234375,4216.0,4219.10009765625,4222.19970703125,4225.2998046875,4228.39990234375,4231.5,4234.60009765625,4237.69970703125,4240.7998046875,4243.89990234375,4247.0,4250.10009765625,4253.19970703125,4256.2998046875,4259.39990234375,4262.5,4265.60009765625,4268.69970703125,4271.7998046875,4274.89990234375,4278.0,4281.10009765625,4284.19970703125,4287.2998046875,4290.39990234375,4293.5,4296.60009765625,4299.69970703125,4302.7998046875,4305.89990234375,4309.0,4312.10009765625,4315.19970703125,4318.2998046875,4321.39990234375,4324.5,4327.60009765625,4330.69970703125,4333.7998046875,4336.89990234375,4340.0,4343.10009765625,4346.19970703125,4349.2998046875,4352.39990234375,4355.5,4358.60009765625,4361.69970703125,4364.7998046875,4367.89990234375,4371.0,4374.10009765625,4377.19970703125,4380.2998046875,4383.39990234375,4386.5,4389.60009765625,4392.69970703125,4395.7998046875,4398.89990234375,4402.0,4405.10009765625,4408.19970703125,4411.2998046875,4414.39990234375,4417.5,4420.60009765625,4423.69970703125,4426.7998046875,4429.89990234375,4433.0,4436.10009765625,4439.19970703125,4442.2998046875,4445.39990234375,4448.5,4451.60009765625,4454.69970703125,4457.7998046875,4460.89990234375,4464.0,4467.10009765625,4470.19970703125,4473.2998046875,4476.39990234375,4479.5,4482.60009765625,4485.69970703125,4488.7998046875,4491.89990234375,4495.0,4498.10009765625,4501.19970703125,4504.2998046875,4507.39990234375,4510.5,4513.60009765625,4516.69970703125,4519.7998046875,4522.89990234375,4526.0,4529.10009765625,4532.19970703125,4535.2998046875,4538.39990234375,4541.5,4544.60009765625,4547.69970703125,4550.7998046875,4553.89990234375,4557.0,4560.10009765625,4563.19970703125,4566.2998046875,4569.39990234375,4572.5,4575.60009765625,4578.69970703125,4581.7998046875,4584.89990234375,4588.0,4591.10009765625,4594.19970703125,4597.2998046875,4600.39990234375,4603.5,4606.60009765625,4609.69970703125,4612.7998046875,4615.89990234375,4619.0,4622.10009765625,4625.19970703125,4628.2998046875,4631.39990234375,4634.5,4637.60009765625,4640.69970703125,4643.7998046875,4646.89990234375,4650.0,4653.10009765625,4656.19970703125,4659.2998046875,4662.39990234375,4665.5,4668.60009765625,4671.69970703125,4674.7998046875,4677.89990234375,4681.0,4684.10009765625,4687.19970703125,4690.2998046875,4693.39990234375,4696.5,4699.60009765625,4702.69970703125,4705.7998046875,4708.89990234375,4712.0,4715.10009765625,4718.19970703125,4721.2998046875,4724.39990234375,4727.5,4730.60009765625,4733.69970703125,4736.7998046875,4739.89990234375,4743.0,4746.10009765625,4749.19970703125,4752.2998046875,4755.39990234375,4758.5,4761.599609375,4764.69970703125,4767.7998046875,4770.89990234375,4774.0,4777.099609375,4780.19970703125,4783.2998046875,4786.39990234375,4789.5,4792.599609375,4795.69970703125,4798.7998046875,4801.89990234375,4805.0,4808.099609375,4811.19970703125,4814.2998046875,4817.39990234375,4820.5,4823.599609375,4826.69970703125,4829.7998046875,4832.89990234375,4836.0,4839.099609375,4842.19970703125,4845.2998046875,4848.39990234375,4851.5,4854.599609375,4857.69970703125,4860.7998046875,4863.89990234375,4867.0,4870.099609375,4873.19970703125,4876.2998046875,4879.39990234375,4882.5,4885.599609375,4888.69970703125,4891.7998046875,4894.89990234375,4898.0,4901.099609375,4904.19970703125,4907.2998046875,4910.39990234375,4913.5,4916.599609375,4919.69970703125,4922.7998046875,4925.89990234375,4929.0,4932.099609375,4935.19970703125,4938.2998046875,4941.39990234375,4944.5,4947.599609375,4950.69970703125,4953.7998046875,4956.89990234375,4960.0,4963.099609375,4966.19970703125,4969.2998046875,4972.39990234375,4975.5,4978.599609375,4981.69970703125,4984.7998046875,4987.89990234375,4991.0,4994.099609375,4997.19970703125,5000.2998046875,5003.39990234375,5006.5,5009.599609375,5012.69970703125,5015.7998046875,5018.89990234375,5022.0,5025.099609375,5028.19970703125,5031.2998046875,5034.39990234375,5037.5,5040.599609375,5043.69970703125,5046.7998046875,5049.89990234375,5053.0,5056.099609375,5059.19970703125,5062.2998046875,5065.39990234375,5068.5,5071.599609375,5074.69970703125,5077.7998046875,5080.89990234375,5084.0,5087.099609375,5090.19970703125,5093.2998046875,5096.39990234375,5099.5,5102.599609375,5105.69970703125,5108.7998046875,5111.89990234375,5115.0,5118.099609375,5121.19970703125,5124.2998046875,5127.39990234375,5130.5,5133.599609375,5136.69970703125,5139.7998046875,5142.89990234375,5146.0,5149.099609375,5152.19970703125,5155.2998046875,5158.39990234375,5161.5,5164.599609375,5167.69970703125,5170.7998046875,5173.89990234375,5177.0,5180.099609375,5183.19970703125,5186.2998046875,5189.39990234375,5192.5,5195.599609375,5198.69970703125,5201.7998046875,5204.89990234375,5208.0,5211.099609375,5214.19970703125,5217.2998046875,5220.39990234375,5223.5,5226.599609375,5229.69970703125,5232.7998046875,5235.89990234375,5239.0,5242.099609375,5245.19970703125,5248.2998046875,5251.39990234375,5254.5,5257.599609375,5260.69970703125,5263.7998046875,5266.89990234375,5270.0,5273.099609375,5276.19970703125,5279.2998046875,5282.39990234375,5285.5,5288.599609375,5291.69970703125,5294.7998046875,5297.89990234375,5301.0,5304.099609375,5307.19970703125,5310.2998046875,5313.39990234375,5316.5,5319.599609375,5322.69970703125,5325.7998046875,5328.89990234375,5332.0,5335.099609375,5338.19970703125,5341.2998046875,5344.39990234375,5347.5,5350.599609375,5353.69970703125,5356.7998046875,5359.89990234375,5363.0,5366.099609375,5369.19970703125,5372.2998046875,5375.39990234375,5378.5,5381.599609375,5384.69970703125,5387.7998046875,5390.89990234375,5394.0,5397.099609375,5400.19970703125,5403.2998046875,5406.39990234375,5409.5,5412.599609375,5415.69970703125,5418.7998046875,5421.89990234375,5425.0,5428.099609375,5431.19970703125,5434.2998046875,5437.39990234375,5440.5,5443.599609375,5446.69970703125,5449.7998046875,5452.89990234375,5456.0,5459.099609375,5462.19970703125,5465.2998046875,5468.39990234375],"type":"arraytest"}}
1771734506[Client 1] {"common":{"content":"ㅋㅌㅊㅍㅁㄴㅇ","type":"login"}}
1771734522[Client 1] {"common":{"content":[3.0999999046325684,6.199999809265137,9.299999237060547,12.399999618530273,15.5,18.599998474121094,21.69999885559082,24.799999237060547,27.899999618530273,31.0,34.099998474121094,37.19999694824219,40.29999923706055,43.39999771118164,46.5,49.599998474121094,52.69999694824219,55.79999923706055,58.89999771118164,62.0,65.0999984741211,68.19999694824219,71.29999542236328,74.39999389648438,77.5,80.5999984741211,83.69999694824219,86.79999542236328,89.89999389648438,93.0,96.0999984741211,99.19999694824219,102.29999542236328,105.39999389648438,108.5,111.5999984741211,114.69999694824219,117.79999542236328,120.89999389648438,124.0,127.0999984741211,130.1999969482422,133.3000030517578,136.39999389648438,139.5,142.59999084472656,145.6999969482422,148.79998779296875,151.89999389648438,155.0,158.09999084472656,161.1999969482422,164.29998779296875,167.39999389648438,170.5,173.59999084472656,176.6999969482422,179.79998779296875,182.89999389648438,186.0,189.09999084472656,192.1999969482422,195.29998779296875,198.39999389648438,201.5,204.59999084472656,207.6999969482422,210.79998779296875,213.89999389648438,217.0,220.09999084472656,223.1999969482422,226.29998779296875,229.39999389648438,232.5,235.59999084472656,238.6999969482422,241.79998779296875,244.89999389648438,248.0,251.09999084472656,254.1999969482422,257.29998779296875,260.3999938964844,263.5,266.6000061035156,269.6999816894531,272.79998779296875,275.8999938964844,279.0,282.1000061035156,285.1999816894531,288.29998779296875,291.3999938964844,294.5,297.5999755859375,300.6999816894531,303.79998779296875,306.8999938964844,310.0,313.0999755859375,316.1999816894531,319.29998779296875,322.3999938964844,325.5,328.5999755859375,331.6999816894531,334.79998779296875,337.8999938964844,341.0,344.0999755859375,347.1999816894531,350.29998779296875,353.3999938964844,356.5,359.5999755859375,362.6999816894531,365.79998779296875,368.8999938964844,372.0,375.0999755859375,378.1999816894531,381.29998779296875,384.3999938964844,387.5,390.5999755859375,393.6999816894531,396.79998779296875,399.8999938964844,403.0,406.0999755859375,409.1999816894531,412.29998779296875,415.3999938964844,418.5,421.5999755859375,424.6999816894531,427.79998779296875,430.8999938964844,434.0,437.0999755859375,440.1999816894531,443.29998779296875,446.3999938964844,449.5,452.5999755859375,455.6999816894531,458.79998779296875,461.8999938964844,465.0,468.0999755859375,471.1999816894531,474.29998779296875,477.3999938964844,480.5,483.5999755859375,486.6999816894531,489.79998779296875,492.8999938964844,496.0,499.0999755859375,502.1999816894531,505.29998779296875,508.3999938964844,511.4999694824219,514.5999755859375,517.7000122070313,520.7999877929688,523.8999633789063,527.0,530.0999755859375,533.2000122070313,536.2999877929688,539.3999633789063,542.5,545.5999755859375,548.7000122070313,551.7999877929688,554.8999633789063,558.0,561.0999755859375,564.2000122070313,567.2999877929688,570.3999633789063,573.5,576.5999755859375,579.7000122070313,582.7999877929688,585.8999633789063,589.0,592.0999755859375,595.199951171875,598.2999877929688,601.3999633789063,604.5,607.5999755859375,610.699951171875,613.7999877929688,616.8999633789063,620.0,623.0999755859375,626.199951171875,629.2999877929688,632.3999633789063,635.5,638.5999755859375,641.699951171875,644.7999877929688,647.8999633789063,651.0,654.0999755859375,657.199951171875,660.2999877929688,663.3999633789063,666.5,669.5999755859375,672.699951171875,675.7999877929688,678.8999633789063,682.0,685.0999755859375,688.199951171875,691.2999877929688,694.3999633789063,697.5,700.5999755859375,703.699951171875,706.7999877929688,709.8999633789063,713.0,716.0999755859375,719.199951171875,722.2999877929688,725.3999633789063,728.5,731.5999755859375,734.699951171875,737.7999877929688,740.8999633789063,744.0,747.0999755859375,750.199951171875,753.2999877929688,756.3999633789063,759.5,762.5999755859375,765.699951171875,768.7999877929688,771.8999633789063,775.0,778.0999755859375,781.199951171875,784.2999877929688,787.3999633789063,790.5,793.5999755859375,796.699951171875,799.7999877929688,802.8999633789063,806.0,809.0999755859375,812.199951171875,815.2999877929688,818.3999633789063,821.5,824.5999755859375,827.699951171875,830.7999877929688,833.8999633789063,837.0,840.0999755859375,843.199951171875,846.2999877929688,849.3999633789063,852.5,855.5999755859375,858.699951171875,861.7999877929688,864.8999633789063,868.0,871.0999755859375,874.199951171875,877.2999877929688,880.3999633789063,883.5,886.5999755859375,889.699951171875,892.7999877929688,895.8999633789063,899.0,902.0999755859375,905.199951171875,908.2999877929688,911.3999633789063,914.5,917.5999755859375,920.699951171875,923.7999877929688,926.8999633789063,930.0,933.0999755859375,936.199951171875,939.2999877929688,942.3999633789063,945.5,948.5999755859375,951.699951171875,954.7999877929688,957.8999633789063,961.0,964.0999755859375,967.199951171875,970.2999877929688,973.3999633789063,976.5,979.5999755859375,982.699951171875,985.7999877929688,988.8999633789063,992.0,995.0999755859375,998.199951171875,1001.2999877929688,1004.3999633789063,1007.4999389648438,1010.5999755859375,1013.699951171875,1016.7999877929688,1019.8999633789063,1022.9999389648438,1026.0999755859375,1029.199951171875,1032.2999267578125,1035.4000244140625,1038.5,1041.5999755859375,1044.699951171875,1047.7999267578125,1050.9000244140625,1054.0,1057.0999755859375,1060.199951171875,1063.2999267578125,1066.4000244140625,1069.5,1072.5999755859375,1075.699951171875,1078.7999267578125,1081.9000244140625,1085.0,1088.0999755859375,1091.199951171875,1094.2999267578125,1097.4000244140625,1100.5,1103.5999755859375,1106.699951171875,1109.7999267578125,1112.9000244140625,1116.0,1119.0999755859375,1122.199951171875,1125.2999267578125,1128.4000244140625,1131.5,1134.5999755859375,1137.699951171875,1140.7999267578125,1143.9000244140625,1147.0,1150.0999755859375,1153.199951171875,1156.2999267578125,1159.4000244140625,1162.5,1165.5999755859375,1168.699951171875,1171.7999267578125,1174.9000244140625,1178.0,1181.0999755859375,1184.199951171875,1187.2999267578125,1190.39990234375,1193.5,1196.5999755859375,1199.699951171875,1202.7999267578125,1205.89990234375,1209.0,1212.0999755859375,1215.199951171875,1218.2999267578125,1221.39990234375,1224.5,1227.5999755859375,1230.699951171875,1233.7999267578125,1236.89990234375,1240.0,1243.0999755859375,1246.199951171875,1249.2999267578125,1252.39990234375,1255.5,1258.5999755859375,1261.699951171875,1264.7999267578125,1267.89990234375,1271.0,1274.0999755859375,1277.199951171875,1280.2999267578125,1283.39990234375,1286.5,1289.5999755859375,1292.699951171875,1295.7999267578125,1298.89990234375,1302.0,1305.0999755859375,1308.199951171875,1311.2999267578125,1314.39990234375,1317.5,1320.5999755859375,1323.699951171875,1326.7999267578125,1329.89990234375,1333.0,1336.0999755859375,1339.199951171875,1342.2999267578125,1345.39990234375,1348.5,1351.5999755859375,1354.699951171875,1357.7999267578125,1360.89990234375,1364.0,1367.0999755859375,1370.199951171875,1373.2999267578125,1376.39990234375,1379.5,1382.5999755859375,1385.699951171875,1388.7999267578125,1391.89990234375,1395.0,1398.0999755859375,1401.199951171875,1404.2999267578125,1407.39990234375,1410.5,1413.5999755859375,1416.699951171875,1419.7999267578125,1422.89990234375,1426.0,1429.0999755859375,1432.199951171875,1435.2999267578125,1438.39990234375,1441.5,1444.5999755859375,1447.699951171875,1450.7999267578125,1453.89990234375,1457.0,1460.0999755859375,1463.199951171875,1466.2999267578125,1469.39990234375,1472.5,1475.5999755859375,1478.699951171875,1481.7999267578125,1484.89990234375,1488.0,1491.0999755859375,1494.199951171875,1497.2999267578125,1500.39990234375,1503.5,1506.5999755859375,1509.699951171875,1512.7999267578125,1515.89990234375,1519.0,1522.0999755859375,1525.199951171875,1528.2999267578125,1531.39990234375,1534.5,1537.5999755859375,1540.699951171875,1543.7999267578125,1546.89990234375,1550.0,1553.0999755859375,1556.199951171875,1559.2999267578125,1562.39990234375,1565.5,1568.5999755859375,1571.699951171875,1574.7999267578125,1577.89990234375,1581.0,1584.0999755859375,1587.199951171875,1590.2999267578125,1593.39990234375,1596.5,1599.5999755859375,1602.699951171875,1605.7999267578125,1608.89990234375,1612.0,1615.0999755859375,1618.199951171875,1621.2999267578125,1624.39990234375,1627.5,1630.5999755859375,1633.699951171875,1636.7999267578125,1639.89990234375,1643.0,1646.0999755859375,1649.199951171875,1652.2999267578125,1655.39990234375,1658.5,1661.5999755859375,1664.699951171875,1667.7999267578125,1670.89990234375,1674.0,1677.0999755859375,1680.199951171875,1683.2999267578125,1686.39990234375,1689.5,1692.5999755859375,1695.699951171875,1698.7999267578125,1701.89990234375,1705.0,1708.0999755859375,1711.199951171875,1714.2999267578125,1717.39990234375,1720.5,1723.5999755859375,1726.699951171875,1729.7999267578125,1732.89990234375,1736.0,1739.0999755859375,1742.199951171875,1745.2999267578125,1748.39990234375,1751.5,1754.5999755859375,1757.699951171875,1760.7999267578125,1763.89990234375,1767.0,1770.0999755859375,1773.199951171875,1776.2999267578125,1779.39990234375,1782.5,1785.5999755859375,1788.699951171875,1791.7999267578125,1794.89990234375,1798.0,1801.0999755859375,1804.199951171875,1807.2999267578125,1810.39990234375,1813.5,1816.5999755859375,1819.699951171875,1822.7999267578125,1825.89990234375,1829.0,1832.0999755859375,1835.199951171875,1838.2999267578125,1841.39990234375,1844.5,1847.5999755859375,1850.699951171875,1853.7999267578125,1856.89990234375,1860.0,1863.0999755859375,1866.199951171875,1869.2999267578125,1872.39990234375,1875.5,1878.5999755859375,1881.699951171875,1884.7999267578125,1887.89990234375,1891.0,1894.0999755859375,1897.199951171875,1900.2999267578125,1903.39990234375,1906.5,1909.5999755859375,1912.699951171875,1915.7999267578125,1918.89990234375,1922.0,1925.0999755859375,1928.199951171875,1931.2999267578125,1934.39990234375,1937.5,1940.5999755859375,1943.699951171875,1946.7999267578125,1949.89990234375,1953.0,1956.0999755859375,1959.199951171875,1962.2999267578125,1965.39990234375,1968.5,1971.5999755859375,1974.699951171875,1977.7999267578125,1980.89990234375,1984.0,1987.0999755859375,1990.199951171875,1993.2999267578125,1996.39990234375,1999.4998779296875,2002.5999755859375,2005.699951171875,2008.7999267578125,2011.89990234375,2014.9998779296875,2018.0999755859375,2021.199951171875,2024.2999267578125,2027.39990234375,2030.4998779296875,2033.5999755859375,2036.699951171875,2039.7999267578125,2042.89990234375,2045.9998779296875,2049.099853515625,2052.199951171875,2055.300048828125,2058.39990234375,2061.5,2064.599853515625,2067.699951171875,2070.800048828125,2073.89990234375,2077.0,2080.099853515625,2083.199951171875,2086.300048828125,2089.39990234375,2092.5,2095.599853515625,2098.699951171875,2101.800048828125,2104.89990234375,2108.0,2111.099853515625,2114.199951171875,2117.300048828125,2120.39990234375,2123.5,2126.599853515625,2129.699951171875,2132.800048828125,2135.89990234375,2139.0,2142.099853515625,2145.199951171875,2148.300048828125,2151.39990234375,2154.5,2157.599853515625,2160.699951171875,2163.800048828125,2166.89990234375,2170.0,2173.099853515625,2176.199951171875,2179.300048828125,2182.39990234375,2185.5,2188.599853515625,2191.699951171875,2194.800048828125,2197.89990234375,2201.0,2204.099853515625,2207.199951171875,2210.300048828125,2213.39990234375,2216.5,2219.599853515625,2222.699951171875,2225.800048828125,2228.89990234375,2232.0,2235.099853515625,2238.199951171875,2241.300048828125,2244.39990234375,2247.5,2250.599853515625,2253.699951171875,2256.800048828125,2259.89990234375,2263.0,2266.099853515625,2269.199951171875,2272.300048828125,2275.39990234375,2278.5,2281.599853515625,2284.699951171875,2287.800048828125,2290.89990234375,2294.0,2297.099853515625,2300.199951171875,2303.300048828125,2306.39990234375,2309.5,2312.599853515625,2315.699951171875,2318.800048828125,2321.89990234375,2325.0,2328.099853515625,2331.199951171875,2334.300048828125,2337.39990234375,2340.5,2343.599853515625,2346.699951171875,2349.800048828125,2352.89990234375,2356.0,2359.099853515625,2362.199951171875,2365.300048828125,2368.39990234375,2371.5,2374.599853515625,2377.699951171875,2380.7998046875,2383.89990234375,2387.0,2390.099853515625,2393.199951171875,2396.2998046875,2399.39990234375,2402.5,2405.599853515625,2408.699951171875,2411.7998046875,2414.89990234375,2418.0,2421.099853515625,2424.199951171875,2427.2998046875,2430.39990234375,2433.5,2436.599853515625,2439.699951171875,2442.7998046875,2445.89990234375,2449.0,2452.099853515625,2455.199951171875,2458.2998046875,2461.39990234375,2464.5,2467.599853515625,2470.699951171875,2473.7998046875,2476.89990234375,2480.0,2483.099853515625,2486.199951171875,2489.2998046875,2492.39990234375,2495.5,2498.599853515625,2501.699951171875,2504.7998046875,2507.89990234375,2511.0,2514.099853515625,2517.199951171875,2520.2998046875,2523.39990234375,2526.5,2529.599853515625,2532.699951171875,2535.7998046875,2538.89990234375,2542.0,2545.099853515625,2548.199951171875,2551.2998046875,2554.39990234375,2557.5,2560.599853515625,2563.699951171875,2566.7998046875,2569.89990234375,2573.0,2576.099853515625,2579.199951171875,2582.2998046875,2585.39990234375,2588.5,2591.599853515625,2594.699951171875,2597.7998046875,2600.89990234375,2604.0,2607.099853515625,2610.199951171875,2613.2998046875,2616.39990234375,2619.5,2622.599853515625,2625.699951171875,2628.7998046875,2631.89990234375,2635.0,2638.099853515625,2641.199951171875,2644.2998046875,2647.39990234375,2650.5,2653.599853515625,2656.699951171875,2659.7998046875,2662.89990234375,2666.0,2669.099853515625,2672.199951171875,2675.2998046875,2678.39990234375,2681.5,2684.599853515625,2687.699951171875,2690.7998046875,2693.89990234375,2697.0,2700.099853515625,2703.199951171875,2706.2998046875,2709.39990234375,2712.5,2715.599853515625,2718.699951171875,2721.7998046875,2724.89990234375,2728.0,2731.099853515625,2734.199951171875,2737.2998046875,2740.39990234375,2743.5,2746.599853515625,2749.699951171875,2752.7998046875,2755.89990234375,2759.0,2762.099853515625,2765.199951171875,2768.2998046875,2771.39990234375,2774.5,2777.599853515625,2780.699951171875,2783.7998046875,2786.89990234375,2790.0,2793.099853515625,2796.199951171875,2799.2998046875,2802.39990234375,2805.5,2808.599853515625,2811.699951171875,2814.7998046875,2817.89990234375,2821.0,2824.099853515625,2827.199951171875,2830.2998046875,2833.39990234375,2836.5,2839.599853515625,2842.699951171875,2845.7998046875,2848.89990234375,2852.0,2855.099853515625,2858.199951171875,2861.2998046875,2864.39990234375,2867.5,2870.599853515625,2873.699951171875,2876.7998046875,2879.89990234375,2883.0,2886.099853515625,2889.199951171875,2892.2998046875,2895.39990234375,2898.5,2901.599853515625,2904.699951171875,2907.7998046875,2910.89990234375,2914.0,2917.099853515625,2920.199951171875,2923.2998046875,2926.39990234375,2929.5,2932.599853515625,2935.699951171875,2938.7998046875,2941.89990234375,2945.0,2948.099853515625,2951.199951171875,2954.2998046875,2957.39990234375,2960.5,2963.599853515625,2966.699951171875,2969.7998046875,2972.89990234375,2976.0,2979.099853515625,2982.199951171875,2985.2998046875,2988.39990234375,2991.5,2994.599853515625,2997.699951171875,3000.7998046875,3003.89990234375,3007.0,3010.099853515625,3013.199951171875,3016.2998046875,3019.39990234375,3022.5,3025.599853515625,3028.699951171875,3031.7998046875,3034.89990234375,3038.0,3041.099853515625,3044.199951171875,3047.2998046875,3050.39990234375,3053.5,3056.599853515625,3059.699951171875,3062.7998046875,3065.89990234375,3069.0,3072.099853515625,3075.199951171875,3078.2998046875,3081.39990234375,3084.5,3087.599853515625,3090.699951171875,3093.7998046875,3096.89990234375,3100.0,3103.099853515625,3106.199951171875,3109.2998046875,3112.39990234375,3115.5,3118.599853515625,3121.699951171875,3124.7998046875,3127.89990234375,3131.0,3134.099853515625,3137.199951171875,3140.2998046875,3143.39990234375,3146.5,3149.599853515625,3152.699951171875,3155.7998046875,3158.89990234375,3162.0,3165.099853515625,3168.199951171875,3171.2998046875,3174.39990234375,3177.5,3180.599853515625,3183.699951171875,3186.7998046875,3189.89990234375,3193.0,3196.099853515625,3199.199951171875,3202.2998046875,3205.39990234375,3208.5,3211.599853515625,3214.699951171875,3217.7998046875,3220.89990234375,3224.0,3227.099853515625,3230.199951171875,3233.2998046875,3236.39990234375,3239.5,3242.599853515625,3245.699951171875,3248.7998046875,3251.89990234375,3255.0,3258.099853515625,3261.199951171875,3264.2998046875,3267.39990234375,3270.5,3273.599853515625,3276.699951171875,3279.7998046875,3282.89990234375,3286.0,3289.099853515625,3292.199951171875,3295.2998046875,3298.39990234375,3301.5,3304.599853515625,3307.699951171875,3310.7998046875,3313.89990234375,3317.0,3320.099853515625,3323.199951171875,3326.2998046875,3329.39990234375,3332.5,3335.599853515625,3338.699951171875,3341.7998046875,3344.89990234375,3348.0,3351.099853515625,3354.199951171875,3357.2998046875,3360.39990234375,3363.5,3366.599853515625,3369.699951171875,3372.7998046875,3375.89990234375,3379.0,3382.099853515625,3385.199951171875,3388.2998046875,3391.39990234375,3394.5,3397.599853515625,3400.699951171875,3403.7998046875,3406.89990234375,3410.0,3413.099853515625,3416.199951171875,3419.2998046875,3422.39990234375,3425.5,3428.599853515625,3431.699951171875,3434.7998046875,3437.89990234375,3441.0,3444.099853515625,3447.199951171875,3450.2998046875,3453.39990234375,3456.5,3459.599853515625,3462.699951171875,3465.7998046875,3468.89990234375,3472.0,3475.099853515625,3478.199951171875,3481.2998046875,3484.39990234375,3487.5,3490.599853515625,3493.699951171875,3496.7998046875,3499.89990234375,3503.0,3506.099853515625,3509.199951171875,3512.2998046875,3515.39990234375,3518.5,3521.599853515625,3524.699951171875,3527.7998046875,3530.89990234375,3534.0,3537.099853515625,3540.199951171875,3543.2998046875,3546.39990234375,3549.5,3552.599853515625,3555.699951171875,3558.7998046875,3561.89990234375,3565.0,3568.099853515625,3571.199951171875,3574.2998046875,3577.39990234375,3580.5,3583.599853515625,3586.699951171875,3589.7998046875,3592.89990234375,3596.0,3599.099853515625,3602.199951171875,3605.2998046875,3608.39990234375,3611.5,3614.599853515625,3617.699951171875,3620.7998046875,3623.89990234375,3627.0,3630.099853515625,3633.199951171875,3636.2998046875,3639.39990234375,3642.5,3645.599853515625,3648.699951171875,3651.7998046875,3654.89990234375,3658.0,3661.099853515625,3664.199951171875,3667.2998046875,3670.39990234375,3673.5,3676.599853515625,3679.699951171875,3682.7998046875,3685.89990234375,3689.0,3692.099853515625,3695.199951171875,3698.2998046875,3701.39990234375,3704.5,3707.599853515625,3710.699951171875,3713.7998046875,3716.89990234375,3720.0,3723.099853515625,3726.199951171875,3729.2998046875,3732.39990234375,3735.5,3738.599853515625,3741.699951171875,3744.7998046875,3747.89990234375,3751.0,3754.099853515625,3757.199951171875,3760.2998046875,3763.39990234375,3766.5,3769.599853515625,3772.699951171875,3775.7998046875,3778.89990234375,3782.0,3785.099853515625,3788.199951171875,3791.2998046875,3794.39990234375,3797.5,3800.599853515625,3803.699951171875,3806.7998046875,3809.89990234375,3813.0,3816.099853515625,3819.199951171875,3822.2998046875,3825.39990234375,3828.5,3831.599853515625,3834.699951171875,3837.7998046875,3840.89990234375,3844.0,3847.099853515625,3850.199951171875,3853.2998046875,3856.39990234375,3859.5,3862.599853515625,3865.699951171875,3868.7998046875,3871.89990234375,3875.0,3878.099853515625,3881.199951171875,3884.2998046875,3887.39990234375,3890.5,3893.599853515625,3896.699951171875,3899.7998046875,3902.89990234375,3906.0,3909.099853515625,3912.199951171875,3915.2998046875,3918.39990234375,3921.5,3924.599853515625,3927.699951171875,3930.7998046875,3933.89990234375,3937.0,3940.099853515625,3943.199951171875,3946.2998046875,3949.39990234375,3952.5,3955.599853515625,3958.699951171875,3961.7998046875,3964.89990234375,3968.0,3971.099853515625,3974.199951171875,3977.2998046875,3980.39990234375,3983.499755859375,3986.599853515625,3989.699951171875,3992.7998046875,3995.89990234375,3998.999755859375,4002.099853515625,4005.199951171875,4008.2998046875,4011.39990234375,4014.499755859375,4017.599853515625,4020.699951171875,4023.7998046875,4026.89990234375,4029.999755859375,4033.099853515625,4036.199951171875,4039.2998046875,4042.39990234375,4045.499755859375,4048.599853515625,4051.699951171875,4054.7998046875,4057.89990234375,4060.999755859375,4064.099853515625,4067.199951171875,4070.2998046875,4073.39990234375,4076.499755859375,4079.599853515625,4082.699951171875,4085.7998046875,4088.89990234375,4091.999755859375,4095.099853515625,4098.19970703125,4101.2998046875,4104.39990234375,4107.5,4110.60009765625,4113.69970703125,4116.7998046875,4119.89990234375,4123.0,4126.10009765625,4129.19970703125,4132.2998046875,4135.39990234375,4138.5,4141.60009765625,4144.69970703125,4147.7998046875,4150.89990234375,4154.0,4157.10009765625,4160.19970703125,4163.2998046875,4166.39990234375,4169.5,4172.60009765625,4175.69970703125,4178.7998046875,4181.89990234375,4185.0,4188.10009765625,4191.19970703125,4194.2998046875,4197.39990234375,4200.5,4203.60009765625,4206.69970703125,4209.7998046875,4212.89990234375,4216.0,4219.10009765625,4222.19970703125,4225.2998046875,4228.39990234375,4231.5,4234.60009765625,4237.69970703125,4240.7998046875,4243.89990234375,4247.0,4250.10009765625,4253.19970703125,4256.2998046875,4259.39990234375,4262.5,4265.60009765625,4268.69970703125,4271.7998046875,4274.89990234375,4278.0,4281.10009765625,4284.19970703125,4287.2998046875,4290.39990234375,4293.5,4296.60009765625,4299.69970703125,4302.7998046875,4305.89990234375,4309.0,4312.10009765625,4315.19970703125,4318.2998046875,4321.39990234375,4324.5,4327.60009765625,4330.69970703125,4333.7998046875,4336.89990234375,4340.0,4343.10009765625,4346.19970703125,4349.2998046875,4352.39990234375,4355.5,4358.60009765625,4361.69970703125,4364.7998046875,4367.89990234375,4371.0,4374.10009765625,4377.19970703125,4380.2998046875,4383.39990234375,4386.5,4389.60009765625,4392.69970703125,4395.7998046875,4398.89990234375,4402.0,4405.10009765625,4408.19970703125,4411.2998046875,4414.39990234375,4417.5,4420.60009765625,4423.69970703125,4426.7998046875,4429.89990234375,4433.0,4436.10009765625,4439.19970703125,4442.2998046875,4445.39990234375,4448.5,4451.60009765625,4454.69970703125,4457.7998046875,4460.89990234375,4464.0,4467.10009765625,4470.19970703125,4473.2998046875,4476.39990234375,4479.5,4482.60009765625,4485.69970703125,4488.7998046875,4491.89990234375,4495.0,4498.10009765625,4501.19970703125,4504.2998046875,4507.39990234375,4510.5,4513.60009765625,4516.69970703125,4519.7998046875,4522.89990234375,4526.0,4529.10009765625,4532.19970703125,4535.2998046875,4538.39990234375,4541.5,4544.60009765625,4547.69970703125,4550.7998046875,4553.89990234375,4557.0,4560.10009765625,4563.19970703125,4566.2998046875,4569.39990234375,4572.5,4575.60009765625,4578.69970703125,4581.7998046875,4584.89990234375,4588.0,4591.10009765625,4594.19970703125,4597.2998046875,4600.39990234375,4603.5,4606.60009765625,4609.69970703125,4612.7998046875,4615.89990234375,4619.0,4622.10009765625,4625.19970703125,4628.2998046875,4631.39990234375,4634.5,4637.60009765625,4640.69970703125,4643.7998046875,4646.89990234375,4650.0,4653.10009765625,4656.19970703125,4659.2998046875,4662.39990234375,4665.5,4668.60009765625,4671.69970703125,4674.7998046875,4677.89990234375,4681.0,4684.10009765625,4687.19970703125,4690.2998046875,4693.39990234375,4696.5,4699.60009765625,4702.69970703125,4705.7998046875,4708.89990234375,4712.0,4715.10009765625,4718.19970703125,4721.2998046875,4724.39990234375,4727.5,4730.60009765625,4733.69970703125,4736.7998046875,4739.89990234375,4743.0,4746.10009765625,4749.19970703125,4752.2998046875,4755.39990234375,4758.5,4761.599609375,4764.69970703125,4767.7998046875,4770.89990234375,4774.0,4777.099609375,4780.19970703125,4783.2998046875,4786.39990234375,4789.5,4792.599609375,4795.69970703125,4798.7998046875,4801.89990234375,4805.0,4808.099609375,4811.19970703125,4814.2998046875,4817.39990234375,4820.5,4823.599609375,4826.69970703125,4829.7998046875,4832.89990234375,4836.0,4839.099609375,4842.19970703125,4845.2998046875,4848.39990234375,4851.5,4854.599609375,4857.69970703125,4860.7998046875,4863.89990234375,4867.0,4870.099609375,4873.19970703125,4876.2998046875,4879.39990234375,4882.5,4885.599609375,4888.69970703125,4891.7998046875,4894.89990234375,4898.0,4901.099609375,4904.19970703125,4907.2998046875,4910.39990234375,4913.5,4916.599609375,4919.69970703125,4922.7998046875,4925.89990234375,4929.0,4932.099609375,4935.19970703125,4938.2998046875,4941.39990234375,4944.5,4947.599609375,4950.69970703125,4953.7998046875,4956.89990234375,4960.0,4963.099609375,4966.19970703125,4969.2998046875,4972.39990234375,4975.5,4978.599609375,4981.69970703125,4984.7998046875,4987.89990234375,4991.0,4994.099609375,4997.19970703125,5000.2998046875,5003.39990234375,5006.5,5009.599609375,5012.69970703125,5015.7998046875,5018.89990234375,5022.0,5025.099609375,5028.19970703125,5031.2998046875,5034.39990234375,5037.5,5040.599609375,5043.69970703125,5046.7998046875,5049.89990234375,5053.0,5056.099609375,5059.19970703125,5062.2998046875,5065.39990234375,5068.5,5071.599609375,5074.69970703125,5077.7998046875,5080.89990234375,5084.0,5087.099609375,5090.19970703125,5093.2998046875,5096.39990234375,5099.5,5102.599609375,5105.69970703125,5108.7998046875,5111.89990234375,5115.0,5118.099609375,5121.19970703125,5124.2998046875,5127.39990234375,5130.5,5133.599609375,5136.69970703125,5139.7998046875,5142.89990234375,5146.0,5149.099609375,5152.19970703125,5155.2998046875,5158.39990234375,5161.5,5164.599609375,5167.69970703125,5170.7998046875,5173.89990234375,5177.0,5180.099609375,5183.19970703125,5186.2998046875,5189.39990234375,5192.5,5195.599609375,5198.69970703125,5201.7998046875,5204.89990234375,5208.0,5211.099609375,5214.19970703125,5217.2998046875,5220.39990234375,5223.5,5226.599609375,5229.69970703125,5232.7998046875,5235.89990234375,5239.0,5242.099609375,5245.19970703125,5248.2998046875,5251.39990234375,5254.5,5257.599609375,5260.69970703125,5263.7998046875,5266.89990234375,5270.0,5273.099609375,5276.19970703125,5279.2998046875,5282.39990234375,5285.5,5288.599609375,5291.69970703125,5294.7998046875,5297.89990234375,5301.0,5304.099609375,5307.19970703125,5310.2998046875,5313.39990234375,5316.5,5319.599609375,5322.69970703125,5325.7998046875,5328.89990234375,5332.0,5335.099609375,5338.19970703125,5341.2998046875,5344.39990234375,5347.5,5350.599609375,5353.69970703125,5356.7998046875,5359.89990234375,5363.0,5366.099609375,5369.19970703125,5372.2998046875,5375.39990234375,5378.5,5381.599609375,5384.69970703125,5387.7998046875,5390.89990234375,5394.0,5397.099609375,5400.19970703125,5403.2998046875,5406.39990234375,5409.5,5412.599609375,5415.69970703125,5418.7998046875,5421.89990234375,5425.0,5428.099609375,5431.19970703125,5434.2998046875,5437.39990234375,5440.5,5443.599609375,5446.69970703125,5449.7998046875,5452.89990234375,5456.0,5459.099609375,5462.19970703125,5465.2998046875,5468.39990234375],"type":"arraytest"}}
1771734955[Client 1] {"common":{"content":"ㅋㅌㅊㅍㅁㄴㅇㄹ","type":"login"}}
1771735141[Client 1] {"common":{"content":"ㅋㅌㅊㅍㅁㄴ","type":"login"}}
1771735159[Client 2] {"common":{"content":"ㅁㄴㅇㅋㅌㅊㅁ","type":"login"}}
1771735239[Client 3] {"common":{"content":"eheheheheh","type":"login"}}
1771735243[Client 4] {"common":{"content":"eheheheasd","type":"login"}}
1771737152[Client 1] {"common":{"content":"도관모기","type":"login"}}
1771737209[Client 2] {"common":{"content":"ㅋㅌㅊㅁㄴㅇ","type":"login"}}
1771737240[Client 1] {"common":{"content":"ㅋㅌㅊㅁㄴ","type":"login"}}
1771737390[Client 1] {"common":{"content":"ㅋㅌㅊㅁ","type":"login"}}
1771737513[Client 1] {"common":{"content":"ㅋㅌㅊㅁㄴ","type":"login"}}
1771737579[Client 1] {"common":{"content":"ㅋㅌㅁㄴㅇ","type":"login"}}
1771737700[Client 1] {"common":{"content":"ㅋㅌㅊㅁㄴㅇ","type":"login"}}
1771737754[Client 1] {"common":{"content":"ㅋㅌㅊㅁㄴ","type":"login"}}
1771737815[Client 1] {"common":{"content":"ㅋㅌㅁㄴ","type":"login"}}
1771737914[Client 1] {"common":{"content":"ㅋㅌㅊㅁㄴ","type":"login"}}
1771738102[Client 1] {"common":{"content":"ㅋㅌㅊㅁㄴ","type":"login"}}
1771738289[Client 1] {"common":{"content":"ㅋㅌㅊㅁ","type":"login"}}
1771738302[Client 2] {"common":{"content":"qwsasd","type":"login"}}
1771738326[Client 3] {"common":{"content":"ㅋㅌㅁㄴㅇㄹ","type":"login"}}
1771738970[Client 1] {"common":{"content":"ㅇㅇㅇㅇㅇ","type":"login"}}
1771738975[Client 2] {"common":{"content":"asqwea","type":"login"}}
1771739098[Client 3] {"common":{"content":"ㅁㄴㅇㅋㅁ","type":"login"}}
1771739107[Client 4] {"common":{"content":"zxasqw","type":"login"}}
1771739146[Client 5] {"common":{"content":"zxcasd","type":"login"}}
1771739152[Client 6] {"common":{"content":"ㅁㅂㅈㄷㅂ","type":"login"}}
1771739543[Client 1] {"common":{"content":"ㅋㅌㅁㄴㅇ","type":"login"}}
1771739546[Client 2] {"common":{"content":"1441561","type":"login"}}
1771739597[Client 1] {"common":{"content":"ㅋㅌㅁㄴㅇ","type":"login"}}
1771739605[Client 2] {"common":{"content":"asdzxas","type":"login"}}
1771739650[Client 3] {"common":{"content":"aasqwer","type":"login"}}
1771739859[Client 4] {"common":{"content":"ㅋㅌㅊㅁㄴㅇ","type":"login"}}
1771739871[Client 5] {"common":{"content":"asdzxca","type":"login"}}
1771739933[Client 1] {"common":{"content":"zxasdf","type":"login"}}
1771739936[Client 2] {"common":{"content":"ㅂㅈㄷㅁㄴ","type":"login"}}
